manufacturerID,drugName,quantity,outTime,prescription
622f88c5fc13ae1b9400006e,Tramadol,903,1618549876,FALSE
622f88c5fc13ae1b94000071,Adderall,6436,1633759357,TRUE
622f88c5fc13ae1b94000074,Jardiance,9856,1643744580,FALSE
622f88c5fc13ae1b94000077,Gabapentin,8658,1645720245,TRUE
622f88c5fc13ae1b9400007a,Entresto,7093,1625191557,FALSE
622f88c5fc13ae1b9400007d,Naltrexone,8775,1630708652,FALSE
622f88c5fc13ae1b94000080,Amitriptyline,1788,1636711894,TRUE
622f88c5fc13ae1b94000083,Gabapentin,8939,1638731957,FALSE
622f88c5fc13ae1b94000086,Lexapro,6595,1618239617,FALSE
622f88c5fc13ae1b94000089,Entresto,7601,1630403843,FALSE
622f88c5fc13ae1b9400008c,Januvia,638,1644110943,TRUE
622f88c5fc13ae1b9400008f,Naloxone,8089,1621279889,FALSE
622f88c5fc13ae1b94000092,Citalopram,1252,1645663179,TRUE
622f88c5fc13ae1b94000095,Bunavail,2947,1627043246,FALSE
622f88c5fc13ae1b94000098,Invokana,8768,1636197805,FALSE
622f88c5fc13ae1b9400009b,Clindamycin,4037,1636468932,FALSE
622f88c5fc13ae1b9400009e,Probuphine,6476,1646610934,TRUE
622f88c5fc13ae1b940000a1,secukinumab,1631,1625295433,TRUE
622f88c5fc13ae1b940000a4,Wellbutrin,8745,1632672169,FALSE
622f88c5fc13ae1b940000a7,Jardiance,2806,1627222441,TRUE
622f88c5fc13ae1b940000aa,Naproxen,6893,1616073905,FALSE
622f88c5fc13ae1b940000ad,Gabapentin,8814,1617695611,FALSE
622f88c5fc13ae1b940000b0,Viagra,6989,1641444938,TRUE
622f88c5fc13ae1b940000b3,Gabapentin,9578,1636193737,TRUE
622f88c5fc13ae1b940000b6,Methadone,3358,1637880941,FALSE
622f88c5fc13ae1b940000b9,Hydrochlorothiazide,1410,1624739170,TRUE
622f88c5fc13ae1b940000bc,Buprenorphine,850,1640335841,TRUE
622f88c5fc13ae1b940000bf,Rybelsus,2034,1633996831,TRUE
622f88c5fc13ae1b940000c2,Dupixent,7689,1639085563,TRUE
622f88c5fc13ae1b940000c5,Melatonin,2936,1639728321,TRUE
622f88c5fc13ae1b940000c8,Gabapentin,9025,1623799383,TRUE
622f88c5fc13ae1b940000cb,Lisinopril,6119,1637198692,TRUE
622f88c5fc13ae1b940000ce,Azithromycin,7526,1622178477,FALSE
622f88c5fc13ae1b940000d1,Viagra,2350,1616379836,FALSE
622f88c5fc13ae1b940000d4,Meloxicam,2342,1616662055,TRUE
622f88c5fc13ae1b940000d7,Ozempic,1785,1637925855,FALSE
622f88c5fc13ae1b940000da,Otezla,9413,1626345370,TRUE
622f88c5fc13ae1b940000dd,Wellbutrin,6526,1643758517,FALSE
622f88c5fc13ae1b940000e0,Farxiga,8572,1616438198,FALSE
622f88c5fc13ae1b940000e3,Fentanyl,3199,1623870425,TRUE
622f88c5fc13ae1b940000e6,Dupixent,5780,1628524136,FALSE
622f88c5fc13ae1b940000e9,Fentanyl Patch,9140,1632388930,FALSE
622f88c5fc13ae1b940000ec,Kevzara,7654,1630595221,TRUE
622f88c5fc13ae1b940000ef,Lofexidine,1172,1641079700,TRUE
622f88c5fc13ae1b940000f2,Januvia,2907,1631966908,TRUE
622f88c5fc13ae1b940000f5,Prednisone,2423,1646602374,FALSE
622f88c5fc13ae1b940000f8,Amoxicillin,9193,1645357681,TRUE
622f88c5fc13ae1b940000fb,Rybelsus,1194,1641490976,FALSE
622f88c5fc13ae1b940000fe,Meloxicam,2395,1618717018,FALSE
622f88c5fc13ae1b94000101,Hydroxychloroquine,2134,1634930195,TRUE
622f88c5fc13ae1b94000104,Jardiance,9945,1639140272,FALSE
622f88c5fc13ae1b94000107,Acetaminophen,2162,1621167721,FALSE
622f88c5fc13ae1b9400010a,Ozempic,691,1616722030,FALSE
622f88c5fc13ae1b9400010d,Naloxone,3123,1619049786,TRUE
622f88c5fc13ae1b94000110,Lofexidine,3940,1628748165,FALSE
622f88c5fc13ae1b94000113,Bunavail,2807,1631964371,FALSE
622f88c5fc13ae1b94000116,Amoxicillin,5103,1633234861,FALSE
622f88c5fc13ae1b94000119,Lyrica,9840,1628914647,FALSE
622f88c5fc13ae1b9400011c,Naltrexone,6891,1630156957,TRUE
622f88c5fc13ae1b9400011f,Farxiga,6088,1617316017,TRUE
622f88c5fc13ae1b94000122,Acetaminophen,5342,1641003607,TRUE
622f88c5fc13ae1b94000125,Bunavail,4958,1620195115,FALSE
622f88c5fc13ae1b94000128,Entresto,9097,1624301436,TRUE
622f88c5fc13ae1b9400012b,Ibuprofen,9211,1638011142,FALSE
622f88c5fc13ae1b9400012e,Lexapro,3999,1628765157,FALSE
622f88c5fc13ae1b94000131,Invokana,6831,1632566575,TRUE
622f88c5fc13ae1b94000134,Entresto,3180,1635301940,FALSE
622f88c5fc13ae1b94000137,Ativan,6592,1628878035,FALSE
622f88c5fc13ae1b9400013a,Humira,5320,1621755367,FALSE
622f88c5fc13ae1b9400013d,Cyclobenzaprine,6800,1644687978,FALSE
622f88c5fc13ae1b94000140,Hydroxychloroquine,7429,1627673539,TRUE
622f88c5fc13ae1b94000143,Kevzara,7246,1626325217,FALSE
622f88c5fc13ae1b94000146,Naproxen,4367,1622986001,TRUE
622f88c5fc13ae1b94000149,Methadone,712,1627127562,FALSE
622f88c5fc13ae1b9400014c,Azithromycin,8796,1645837641,TRUE
622f88c5fc13ae1b9400014f,Clonazepam,6081,1633216556,FALSE
622f88c5fc13ae1b94000152,Buprenorphine,4703,1633550049,TRUE
622f88c5fc13ae1b94000155,Lisinopril,8449,1626742136,FALSE
622f88c5fc13ae1b94000158,Cyclobenzaprine,1880,1628038629,FALSE
622f88c5fc13ae1b9400015b,Hydrochlorothiazide,1789,1646765886,TRUE
622f88c5fc13ae1b9400015e,Hydroxychloroquine,2312,1618914341,FALSE
622f88c5fc13ae1b94000161,Atorvastatin,9749,1639778308,TRUE
622f88c5fc13ae1b94000164,Gabapentin,6624,1630710526,TRUE
622f88c5fc13ae1b94000167,Entresto,6940,1640104044,TRUE
622f88c5fc13ae1b9400016a,Sublocade,3612,1634189082,TRUE
622f88c5fc13ae1b9400016d,Xanax,1832,1624906269,FALSE
622f88c5fc13ae1b94000170,Invokana,355,1627029250,FALSE
622f88c5fc13ae1b94000173,Clindamycin,1604,1627545517,FALSE
622f88c5fc13ae1b94000176,Cephalexin,8886,1635420081,FALSE
622f88c5fc13ae1b94000179,Otezla,1726,1622826577,FALSE
622f88c5fc13ae1b9400017c,Pantoprazole,9693,1642221163,FALSE
622f88c5fc13ae1b9400017f,Metoprolol,4124,1630551373,TRUE
622f88c5fc13ae1b94000182,Kevzara,5134,1620792342,TRUE
622f88c5fc13ae1b94000185,Prednisone,7092,1623146128,TRUE
622f88c5fc13ae1b94000188,Melatonin,8108,1630426420,FALSE
622f88c5fc13ae1b9400018b,Fentanyl,3683,1636265396,TRUE
622f88c5fc13ae1b9400018e,Trazodone,1571,1630980802,TRUE
622f88c5fc13ae1b94000191,Doxycycline,6116,1622762135,TRUE
622f88c5fc13ae1b94000194,Omeprazole,2213,1619307703,FALSE
622f88c5fc13ae1b94000197,Amitriptyline,9611,1618110765,FALSE
622f88c5fc13ae1b9400019a,Melatonin,7799,1634686233,FALSE
622f88c5fc13ae1b9400019d,Gabapentin,8675,1622231578,TRUE
622f88c5fc13ae1b940001a0,secukinumab,8197,1619615290,TRUE
622f88c5fc13ae1b940001a3,Omeprazole,3594,1640482179,TRUE
622f88c5fc13ae1b940001a6,Naloxone,1189,1638229537,FALSE
622f88c5fc13ae1b940001a9,Kevzara,5389,1645775265,TRUE
622f88c5fc13ae1b940001ac,Otezla,3475,1634962791,FALSE
622f88c5fc13ae1b940001af,Meloxicam,5506,1627317372,TRUE
622f88c5fc13ae1b940001b2,Amitriptyline,2247,1637694322,FALSE
622f88c5fc13ae1b940001b5,Methadone,6411,1646030365,FALSE
622f88c5fc13ae1b940001b8,Melatonin,8292,1628335609,FALSE
622f88c5fc13ae1b940001bb,Methadone,667,1645631732,FALSE
622f88c5fc13ae1b940001be,Farxiga,1637,1625755876,TRUE
622f88c5fc13ae1b940001c1,Clindamycin,7275,1638403154,TRUE
622f88c5fc13ae1b940001c4,Cymbalta,7851,1629823808,FALSE
622f88c5fc13ae1b940001c7,Pantoprazole,7371,1617870417,FALSE
622f88c5fc13ae1b940001ca,Buprenorphine,6749,1615695731,TRUE
622f88c5fc13ae1b940001cd,Wellbutrin,1797,1643302649,FALSE
622f88c5fc13ae1b940001d0,Cephalexin,7950,1644606132,TRUE
622f88c5fc13ae1b940001d3,Onpattro,6582,1619370433,FALSE
622f88c5fc13ae1b940001d6,Ozempic,3783,1632650325,FALSE
622f88c5fc13ae1b940001d9,Cephalexin,3651,1634158760,TRUE
622f88c5fc13ae1b940001dc,Sublocade,3171,1621463102,FALSE
622f88c5fc13ae1b940001df,Amoxicillin,3451,1640403616,TRUE
622f88c5fc13ae1b940001e2,Cyclobenzaprine,2895,1633187972,FALSE
622f88c5fc13ae1b940001e5,Onpattro,4818,1622955278,TRUE
622f88c5fc13ae1b940001e8,Cymbalta,4022,1646931082,FALSE
622f88c5fc13ae1b940001eb,Entresto,4097,1629669787,FALSE
622f88c5fc13ae1b940001ee,Cyclobenzaprine,8134,1646241800,FALSE
622f88c5fc13ae1b940001f1,Xanax,4234,1627790214,TRUE
622f88c5fc13ae1b940001f4,Lisinopril,6566,1616412941,FALSE
622f88c5fc13ae1b940001f7,Acetaminophen,9496,1625764835,FALSE
622f88c5fc13ae1b940001fa,Clindamycin,3791,1646623352,FALSE
622f88c5fc13ae1b940001fd,Omeprazole,1144,1635230644,FALSE
622f88c5fc13ae1b94000200,Ibuprofen,1722,1641139327,FALSE
622f88c5fc13ae1b94000203,Wellbutrin,8907,1639591808,FALSE
622f88c5fc13ae1b94000206,Ozempic,9421,1635436137,TRUE
622f88c5fc13ae1b94000209,Meloxicam,492,1641414833,TRUE
622f88c5fc13ae1b9400020c,Kevzara,1846,1632877417,FALSE
622f88c5fc13ae1b9400020f,Loratadine,3052,1636618690,FALSE
622f88c5fc13ae1b94000212,secukinumab,1888,1639964365,TRUE
622f88c5fc13ae1b94000215,Xanax,2580,1622277423,TRUE
622f88c5fc13ae1b94000218,Lofexidine,3642,1621521233,FALSE
622f88c5fc13ae1b9400021b,Kevzara,9825,1641096633,FALSE
622f88c5fc13ae1b9400021e,Dupixent,2104,1629432176,FALSE
622f88c5fc13ae1b94000221,Entresto,6790,1623781966,TRUE
622f88c5fc13ae1b94000224,Clindamycin,4206,1643676547,FALSE
622f88c5fc13ae1b94000227,Naproxen,1744,1626709140,TRUE
622f88c5fc13ae1b9400022a,Xanax,8299,1633083596,FALSE
622f88c5fc13ae1b9400022d,Omeprazole,4306,1618883995,TRUE
622f88c5fc13ae1b94000230,Invokana,5880,1617192872,TRUE
622f88c5fc13ae1b94000233,Clindamycin,5861,1626785160,TRUE
622f88c5fc13ae1b94000236,Methotrexate,9577,1630677653,FALSE
622f88c5fc13ae1b94000239,Viagra,6183,1635926641,FALSE
622f88c5fc13ae1b9400023c,Rybelsus,3799,1634029557,TRUE
622f88c5fc13ae1b9400023f,Azithromycin,4251,1624102091,FALSE
622f88c5fc13ae1b94000242,Tramadol,4931,1641297953,FALSE
622f88c5fc13ae1b94000245,Acetaminophen,2559,1618971609,TRUE
622f88c5fc13ae1b94000248,Cephalexin,5099,1618975838,TRUE
622f88c6fc13ae1b9400024b,Rybelsus,6588,1625150665,TRUE
622f88c6fc13ae1b9400024e,Brilinta,5772,1643572015,TRUE
622f88c6fc13ae1b94000251,Metoprolol,3926,1638297258,FALSE
622f88c6fc13ae1b94000254,Clindamycin,3602,1643817079,FALSE
622f88c6fc13ae1b94000257,Invokana,2169,1637647960,FALSE
622f88c6fc13ae1b9400025a,Ciprofloxacin,9213,1630341302,FALSE
622f88c6fc13ae1b9400025d,Lyrica,2536,1641965667,TRUE
622f88c6fc13ae1b94000260,Humira,2876,1631533695,TRUE
622f88c6fc13ae1b94000263,Naloxone,2013,1639367713,FALSE
622f88c6fc13ae1b94000266,Kevzara,1870,1630667361,FALSE
622f88c6fc13ae1b94000269,Amlodipine,3256,1623721751,FALSE
622f88c6fc13ae1b9400026c,Trazodone,6970,1644710424,FALSE
622f88c6fc13ae1b9400026f,Bunavail,5969,1643023191,FALSE
622f88c6fc13ae1b94000272,Clonazepam,5131,1626700381,FALSE
622f88c6fc13ae1b94000275,Buprenorphine,7447,1646889387,TRUE
622f88c6fc13ae1b94000278,Amlodipine,4565,1623314462,TRUE
622f88c6fc13ae1b9400027b,Atorvastatin,4682,1641515009,FALSE
622f88c6fc13ae1b9400027e,Adderall,1983,1621815202,TRUE
622f88c6fc13ae1b94000281,Omeprazole,7673,1644366378,FALSE
622f88c6fc13ae1b94000284,Rybelsus,1852,1615723780,FALSE
622f88c6fc13ae1b94000287,Metoprolol,2134,1635831839,TRUE
622f88c6fc13ae1b9400028a,Lisinopril,14,1631070916,TRUE
622f88c6fc13ae1b9400028d,Buprenorphine,5367,1634670854,FALSE
622f88c6fc13ae1b94000290,Dupixent,6749,1636828758,TRUE
622f88c6fc13ae1b94000293,Rybelsus,5377,1632334119,TRUE
622f88c6fc13ae1b94000296,Rybelsus,9264,1615836347,FALSE
622f88c6fc13ae1b94000299,Naloxone,378,1633087958,TRUE
622f88c6fc13ae1b9400029c,Entyvio,296,1636773631,TRUE
622f88c6fc13ae1b9400029f,Rybelsus,1375,1644876077,TRUE
622f88c6fc13ae1b940002a2,Gilenya,8771,1638629438,FALSE
622f88c6fc13ae1b940002a5,Otezla,3226,1619298939,FALSE
622f88c6fc13ae1b940002a8,Imbruvica,7098,1637461441,TRUE
622f88c6fc13ae1b940002ab,Amitriptyline,187,1627682447,TRUE
622f88c6fc13ae1b940002ae,Lofexidine,3172,1628631017,FALSE
622f88c6fc13ae1b940002b1,Amitriptyline,8004,1618499241,TRUE
622f88c6fc13ae1b940002b4,Jardiance,836,1634232302,FALSE
622f88c6fc13ae1b940002b7,secukinumab,1169,1642513777,FALSE
622f88c6fc13ae1b940002ba,Methotrexate,9075,1630405895,TRUE
622f88c6fc13ae1b940002bd,Januvia,3363,1646748393,FALSE
622f88c6fc13ae1b940002c0,Lofexidine,2270,1638853630,TRUE
622f88c6fc13ae1b940002c3,Amoxicillin,4258,1639156620,TRUE
622f88c6fc13ae1b940002c6,Zubsolv,6266,1638246858,TRUE
622f88c6fc13ae1b940002c9,Melatonin,8035,1645645762,TRUE
622f88c6fc13ae1b940002cc,Sublocade,3892,1632745664,FALSE
622f88c6fc13ae1b940002cf,Kevzara,2859,1619775005,FALSE
622f88c6fc13ae1b940002d2,Ozempic,2453,1618218635,TRUE
622f88c6fc13ae1b940002d5,Lexapro,6334,1642287307,TRUE
622f88c6fc13ae1b940002d8,Melatonin,5823,1621306502,FALSE
622f88c6fc13ae1b940002db,Atorvastatin,6768,1629679029,TRUE
622f88c6fc13ae1b940002de,Buprenorphine,1621,1646598369,FALSE
622f88c6fc13ae1b940002e1,Entyvio,7538,1636556532,TRUE
622f88c6fc13ae1b940002e4,Wellbutrin,6606,1630617265,TRUE
622f88c6fc13ae1b940002e7,Amitriptyline,3057,1645042180,TRUE
622f88c6fc13ae1b940002ea,Azithromycin,6207,1644206817,FALSE
622f88c6fc13ae1b940002ed,Meloxicam,3182,1621973809,FALSE
622f88c6fc13ae1b940002f0,Zubsolv,9589,1644073264,TRUE
622f88c6fc13ae1b940002f3,Hydroxychloroquine,6576,1643549516,TRUE
622f88c6fc13ae1b940002f6,Probuphine,956,1615804793,FALSE
622f88c6fc13ae1b940002f9,Citalopram,2736,1621553627,FALSE
622f88c6fc13ae1b940002fc,Methadone,5473,1624443289,FALSE
622f88c6fc13ae1b940002ff,Wellbutrin,7774,1633887471,FALSE
622f88c6fc13ae1b94000302,Clonazepam,1122,1630999684,FALSE
622f88c6fc13ae1b94000305,Gabapentin,4717,1634305513,FALSE
622f88c6fc13ae1b94000308,Xanax,2549,1633519322,FALSE
622f88c6fc13ae1b9400030b,Naloxone,2556,1631690657,TRUE
622f88c6fc13ae1b9400030e,Fentanyl Patch,9937,1644536843,FALSE
622f88c6fc13ae1b94000311,Wellbutrin,534,1621316096,TRUE
622f88c6fc13ae1b94000314,Naltrexone,8423,1636443323,FALSE
622f88c6fc13ae1b94000317,Amlodipine,3538,1624383072,TRUE
622f88c6fc13ae1b9400031a,Jardiance,3535,1639074272,TRUE
622f88c6fc13ae1b9400031d,Amoxicillin,3782,1631071957,TRUE
622f88c6fc13ae1b94000320,Doxycycline,6985,1619895990,TRUE
622f88c6fc13ae1b94000323,Methadone,9677,1641930603,TRUE
622f88c6fc13ae1b94000326,Buprenorphine,5268,1616089301,TRUE
622f88c6fc13ae1b94000329,Amlodipine,6662,1617172948,TRUE
622f88c6fc13ae1b9400032c,secukinumab,70,1630609150,TRUE
622f88c6fc13ae1b9400032f,Entyvio,4305,1643390916,FALSE
622f88c6fc13ae1b94000332,Entyvio,979,1620517377,TRUE
622f88c6fc13ae1b94000335,Rybelsus,5801,1615875723,TRUE
622f88c6fc13ae1b94000338,Buprenorphine,280,1630713536,FALSE
622f88c6fc13ae1b9400033b,Viagra,65,1638759580,TRUE
622f88c6fc13ae1b9400033e,Entresto,3584,1631300179,FALSE
622f88c6fc13ae1b94000341,Probuphine,2343,1630916924,FALSE
622f88c6fc13ae1b94000344,Ibuprofen,5750,1630075748,TRUE
622f88c6fc13ae1b94000347,Naltrexone,7623,1632043253,TRUE
622f88c6fc13ae1b9400034a,Lofexidine,55,1646159280,TRUE
622f88c6fc13ae1b9400034d,secukinumab,9205,1628440770,TRUE
622f88c6fc13ae1b94000350,Buprenorphine,670,1632451486,TRUE
622f88c6fc13ae1b94000353,Methadone,1942,1635264818,FALSE
622f88c6fc13ae1b94000356,Clindamycin,2414,1616569299,TRUE
622f88c6fc13ae1b94000359,Naproxen,8613,1632863330,FALSE
622f88c6fc13ae1b9400035c,Lexapro,2864,1624127997,TRUE
622f88c6fc13ae1b9400035f,Melatonin,5567,1644892536,TRUE
622f88c6fc13ae1b94000362,Metformin,667,1637461504,FALSE
622f88c6fc13ae1b94000365,Fentanyl Patch,7670,1633627830,FALSE
622f88c6fc13ae1b94000368,Imbruvica,7008,1620719524,TRUE
622f88c6fc13ae1b9400036b,Adderall,8379,1633218797,TRUE
622f88c6fc13ae1b9400036e,Pantoprazole,165,1636190520,FALSE
622f88c6fc13ae1b94000371,Jardiance,7822,1627588887,TRUE
622f88c6fc13ae1b94000374,Farxiga,1610,1621599737,FALSE
622f88c6fc13ae1b94000377,Buprenorphine,8551,1626808367,TRUE
622f88c6fc13ae1b9400037a,Hydroxychloroquine,2376,1616943323,FALSE
622f88c6fc13ae1b9400037d,Lisinopril,4903,1637907520,FALSE
622f88c6fc13ae1b94000380,Lisinopril,8337,1627317967,FALSE
622f88c6fc13ae1b94000383,Amlodipine,336,1628331833,FALSE
622f88c6fc13ae1b94000386,Dupixent,5342,1617861728,TRUE
622f88c6fc13ae1b94000389,Methadone,7716,1619303787,TRUE
622f88c6fc13ae1b9400038c,Melatonin,4455,1644704398,TRUE
622f88c6fc13ae1b9400038f,Zubsolv,5173,1633044330,TRUE
622f88c6fc13ae1b94000392,Adderall,2303,1632148647,FALSE
622f88c6fc13ae1b94000395,Cymbalta,4594,1643106800,FALSE
622f88c6fc13ae1b94000398,Melatonin,9608,1642418797,FALSE
622f88c6fc13ae1b9400039b,Trazodone,4720,1638045183,FALSE
622f88c6fc13ae1b9400039e,Humira,4023,1641145241,TRUE
622f88c6fc13ae1b940003a1,Gabapentin,9321,1618883823,TRUE
622f88c6fc13ae1b940003a4,Dupixent,6777,1621411132,FALSE
622f88c6fc13ae1b940003a7,Melatonin,2698,1631912768,TRUE
622f88c6fc13ae1b940003aa,Entyvio,738,1619633290,TRUE
622f88c6fc13ae1b940003ad,Probuphine,8846,1646534909,FALSE
622f88c6fc13ae1b940003b0,Ciprofloxacin,2598,1633329497,TRUE
622f88c6fc13ae1b940003b3,Gabapentin,7093,1626597464,TRUE
622f88c6fc13ae1b940003b6,Adderall,4952,1616478669,TRUE
622f88c6fc13ae1b940003b9,Melatonin,9660,1644941329,TRUE
622f88c6fc13ae1b940003bc,Ativan,1747,1639503891,TRUE
622f88c6fc13ae1b940003bf,Amitriptyline,1026,1619150554,TRUE
622f88c6fc13ae1b940003c2,Januvia,633,1630681066,TRUE
622f88c6fc13ae1b940003c5,Atorvastatin,1225,1621258636,FALSE
622f88c6fc13ae1b940003c8,Omeprazole,3352,1634537685,FALSE
622f88c6fc13ae1b940003cb,Naproxen,9345,1622068734,TRUE
622f88c6fc13ae1b940003ce,Entyvio,1470,1637188573,TRUE
622f88c6fc13ae1b940003d1,Loratadine,4548,1635579716,FALSE
622f88c6fc13ae1b940003d4,Ozempic,3069,1624837727,TRUE
622f88c6fc13ae1b940003d7,Ciprofloxacin,6150,1629749802,TRUE
622f88c6fc13ae1b940003da,Meloxicam,2913,1627426798,TRUE
622f88c6fc13ae1b940003dd,Lexapro,3326,1633050818,TRUE
622f88c6fc13ae1b940003e0,Januvia,2199,1639527079,FALSE
622f88c6fc13ae1b940003e3,Metformin,7291,1640663977,TRUE
622f88c6fc13ae1b940003e6,Metformin,9735,1642834333,TRUE
622f88c6fc13ae1b940003e9,Otezla,9868,1629201558,TRUE
622f88c6fc13ae1b940003ec,Naloxone,8059,1621471956,TRUE
622f88c6fc13ae1b940003ef,Lisinopril,7609,1639433384,TRUE
622f88c6fc13ae1b940003f2,Acetaminophen,9687,1630082721,FALSE
622f88c6fc13ae1b940003f5,Clindamycin,9538,1645606633,TRUE
622f88c6fc13ae1b940003f8,Brilinta,5712,1641961529,FALSE
622f88c6fc13ae1b940003fb,Lyrica,805,1643674637,TRUE
622f88c6fc13ae1b940003fe,Kevzara,4878,1617157184,TRUE
622f88c6fc13ae1b94000401,Xanax,8572,1624394830,TRUE
622f88c6fc13ae1b94000404,Gabapentin,9250,1630591461,TRUE
622f88c6fc13ae1b94000407,Acetaminophen,3961,1638561356,FALSE
622f88c6fc13ae1b9400040a,Amoxicillin,2089,1619502546,TRUE
622f88c6fc13ae1b9400040d,Imbruvica,774,1631375267,FALSE
622f88c6fc13ae1b94000410,Ciprofloxacin,9131,1623483748,FALSE
622f88c6fc13ae1b94000413,Gabapentin,3390,1646745838,TRUE
622f88c6fc13ae1b94000416,Lyrica,5421,1632940212,FALSE
622f88c6fc13ae1b94000419,Brilinta,4898,1637097212,FALSE
622f88c6fc13ae1b9400041c,Brilinta,8006,1616300740,FALSE
622f88c6fc13ae1b9400041f,Jardiance,6176,1642870359,FALSE
622f88c6fc13ae1b94000422,Hydroxychloroquine,6475,1642756338,FALSE
622f88c6fc13ae1b94000425,Zubsolv,4178,1626073115,TRUE
622f88c6fc13ae1b94000428,Buprenorphine,552,1645290281,FALSE
622f88c6fc13ae1b9400042b,Humira,3068,1641869075,TRUE
622f88c6fc13ae1b9400042e,Tramadol,86,1632146276,FALSE
622f88c6fc13ae1b94000431,Loratadine,5950,1644131810,TRUE
622f88c6fc13ae1b94000434,Dupixent,931,1636281512,FALSE
622f88c6fc13ae1b94000437,Cymbalta,8063,1618449548,FALSE
622f88c6fc13ae1b9400043a,Naproxen,130,1629006956,TRUE
622f88c6fc13ae1b9400043d,Metformin,2081,1639533795,FALSE
622f88c6fc13ae1b94000440,Zubsolv,1181,1627320259,FALSE
622f88c6fc13ae1b94000443,Januvia,4744,1639598771,FALSE
622f88c6fc13ae1b94000446,Metformin,3149,1618637774,FALSE
622f88c6fc13ae1b94000449,Cymbalta,2863,1646823826,FALSE
622f88c6fc13ae1b9400044c,Tramadol,7193,1627131239,FALSE
622f88c6fc13ae1b9400044f,Gabapentin,7668,1629232862,TRUE
622f88c6fc13ae1b94000452,Ciprofloxacin,499,1619602308,TRUE
622f88c6fc13ae1b94000455,Doxycycline,3260,1627779000,FALSE
622f88c6fc13ae1b94000458,Viagra,2992,1637023187,TRUE
622f88c6fc13ae1b9400045b,Invokana,7625,1637504027,FALSE
622f88c6fc13ae1b9400045e,Ciprofloxacin,2836,1619772720,TRUE
622f88c6fc13ae1b94000461,Gilenya,7143,1639998066,TRUE
622f88c6fc13ae1b94000464,Invokana,9966,1632918544,TRUE
622f88c6fc13ae1b94000467,Amoxicillin,1888,1615933623,TRUE
622f88c6fc13ae1b9400046a,Metformin,9949,1627290716,FALSE
622f88c6fc13ae1b9400046d,Brilinta,4149,1623319573,TRUE
622f88c6fc13ae1b94000470,Cymbalta,7603,1629262823,TRUE
622f88c6fc13ae1b94000473,Naloxone,1129,1631366970,TRUE
622f88c6fc13ae1b94000476,Gabapentin,1559,1637559698,FALSE
622f88c6fc13ae1b94000479,Gilenya,3216,1631714258,TRUE
622f88c6fc13ae1b9400047c,Trazodone,3304,1628563972,FALSE
622f88c6fc13ae1b9400047f,Doxycycline,82,1622491316,TRUE
622f88c6fc13ae1b94000482,Lofexidine,997,1632839610,FALSE
622f88c6fc13ae1b94000485,Azithromycin,2336,1645644312,FALSE
622f88c6fc13ae1b94000488,secukinumab,7017,1632680045,TRUE
622f88c6fc13ae1b9400048b,Amlodipine,7318,1628780588,TRUE
622f88c6fc13ae1b9400048e,Pantoprazole,3120,1638719868,TRUE
622f88c6fc13ae1b94000491,Fentanyl Patch,7719,1627203852,TRUE
622f88c6fc13ae1b94000494,Sublocade,5525,1647139677,FALSE
622f88c6fc13ae1b94000497,Entresto,6354,1626327315,FALSE
622f88c6fc13ae1b9400049a,Methadone,1445,1623891784,FALSE
622f88c6fc13ae1b9400049d,Hydroxychloroquine,1487,1620582707,FALSE
622f88c6fc13ae1b940004a0,Buprenorphine,1058,1645241002,TRUE
622f88c6fc13ae1b940004a3,Methotrexate,3004,1635822742,FALSE
622f88c6fc13ae1b940004a6,Cephalexin,9790,1629330380,TRUE
622f88c6fc13ae1b940004a9,Rybelsus,6742,1636664896,FALSE
622f88c6fc13ae1b940004ac,Adderall,6893,1632126557,FALSE
622f88c6fc13ae1b940004af,Buprenorphine,9717,1633113709,TRUE
622f88c6fc13ae1b940004b2,Benzonatate,6921,1637174476,TRUE
622f88c6fc13ae1b940004b5,secukinumab,1231,1642270063,TRUE
622f88c6fc13ae1b940004b8,Xanax,8940,1635674645,TRUE
622f88c6fc13ae1b940004bb,Zubsolv,6198,1620415497,TRUE
622f88c6fc13ae1b940004be,Amlodipine,1336,1638621783,TRUE
622f88c6fc13ae1b940004c1,Benzonatate,913,1634963533,TRUE
622f88c6fc13ae1b940004c4,Tramadol,2403,1633358297,FALSE
622f88c6fc13ae1b940004c7,Bunavail,670,1643509425,TRUE
622f88c6fc13ae1b940004ca,Onpattro,388,1634323040,TRUE
622f88c6fc13ae1b940004cd,Viagra,7562,1636723886,FALSE
622f88c6fc13ae1b940004d0,Omeprazole,657,1630112192,TRUE
622f88c6fc13ae1b940004d3,Humira,4519,1622548877,TRUE
622f88c6fc13ae1b940004d6,Viagra,1942,1631679926,TRUE
622f88c6fc13ae1b940004d9,Cephalexin,7975,1622055245,TRUE
622f88c6fc13ae1b940004dc,Januvia,3568,1621949059,TRUE
622f88c6fc13ae1b940004df,Kevzara,9921,1626368759,TRUE
622f88c6fc13ae1b940004e2,Jardiance,7775,1616369948,TRUE
622f88c6fc13ae1b940004e5,Imbruvica,1190,1630572325,FALSE
622f88c6fc13ae1b940004e8,Amoxicillin,8219,1623725772,FALSE
622f88c6fc13ae1b940004eb,Benzonatate,4174,1643843522,FALSE
622f88c6fc13ae1b940004ee,Xanax,3485,1623385958,FALSE
622f88c6fc13ae1b940004f1,Hydroxychloroquine,5567,1640500513,TRUE
622f88c6fc13ae1b940004f4,Meloxicam,4293,1620893916,TRUE
622f88c6fc13ae1b940004f7,Amlodipine,5896,1630665054,TRUE
622f88c6fc13ae1b940004fa,Hydroxychloroquine,4243,1630867629,FALSE
622f88c6fc13ae1b940004fd,Invokana,1256,1624571778,TRUE
622f88c6fc13ae1b94000500,Kevzara,724,1637290652,TRUE
622f88c6fc13ae1b94000503,Ciprofloxacin,2660,1639609732,TRUE
622f88c6fc13ae1b94000506,secukinumab,4067,1623588473,FALSE
622f88c6fc13ae1b94000509,Naloxone,3027,1619793552,FALSE
622f88c6fc13ae1b9400050c,Brilinta,5079,1622149972,TRUE
622f88c6fc13ae1b9400050f,Viagra,4567,1624545062,TRUE
622f88c6fc13ae1b94000512,Viagra,6704,1646919171,TRUE
622f88c6fc13ae1b94000515,Metformin,8926,1646656037,FALSE
622f88c6fc13ae1b94000518,Brilinta,2082,1645393526,TRUE
622f88c6fc13ae1b9400051b,Melatonin,2100,1617005257,FALSE
622f88c6fc13ae1b9400051e,Atorvastatin,8143,1618922706,TRUE
622f88c6fc13ae1b94000521,Doxycycline,2089,1620313978,TRUE
622f88c6fc13ae1b94000524,Azithromycin,6062,1625784727,FALSE
622f88c6fc13ae1b94000527,Meloxicam,7458,1632982771,TRUE
622f88c6fc13ae1b9400052a,Amitriptyline,2120,1622171541,TRUE
622f88c6fc13ae1b9400052d,Lisinopril,4816,1620902119,TRUE
622f88c6fc13ae1b94000530,Jardiance,371,1642996090,TRUE
622f88c6fc13ae1b94000533,Farxiga,6148,1616929652,FALSE
622f88c6fc13ae1b94000536,Doxycycline,8162,1645098648,TRUE
622f88c6fc13ae1b94000539,Onpattro,8021,1642201516,FALSE
622f88c6fc13ae1b9400053c,Xanax,1848,1629226818,FALSE
622f88c6fc13ae1b9400053f,Kevzara,7286,1621365076,FALSE
622f88c6fc13ae1b94000542,Ozempic,809,1617165304,TRUE
622f88c6fc13ae1b94000545,Farxiga,2622,1638294499,TRUE
622f88c6fc13ae1b94000548,Cymbalta,4439,1619857143,TRUE
622f88c6fc13ae1b9400054b,Januvia,5600,1623598426,TRUE
622f88c6fc13ae1b9400054e,Onpattro,3477,1646487165,FALSE
622f88c6fc13ae1b94000551,Rybelsus,6700,1616727874,FALSE
622f88c6fc13ae1b94000554,Jardiance,1434,1640748427,TRUE
622f88c6fc13ae1b94000557,Clonazepam,5059,1630987090,FALSE
622f88c6fc13ae1b9400055a,Zubsolv,9410,1643133058,TRUE
622f88c6fc13ae1b9400055d,Ativan,3746,1647023610,FALSE
622f88c6fc13ae1b94000560,Farxiga,2372,1626529454,TRUE
622f88c6fc13ae1b94000563,Fentanyl Patch,6735,1637055371,FALSE
622f88c6fc13ae1b94000566,Onpattro,8949,1636185602,TRUE
622f88c6fc13ae1b94000569,Probuphine,9594,1620687687,FALSE
622f88c6fc13ae1b9400056c,Amitriptyline,5892,1618200804,FALSE
622f88c6fc13ae1b9400056f,Pantoprazole,5061,1630041999,TRUE
622f88c6fc13ae1b94000572,Naltrexone,2273,1642714848,FALSE
622f88c6fc13ae1b94000575,Entresto,4032,1636528611,TRUE
622f88c6fc13ae1b94000578,Doxycycline,2110,1623477841,FALSE
622f88c6fc13ae1b9400057b,Brilinta,7393,1625237603,TRUE
622f88c6fc13ae1b9400057e,Hydrochlorothiazide,6214,1624748559,FALSE
622f88c6fc13ae1b94000581,secukinumab,2157,1619863792,FALSE
622f88c6fc13ae1b94000584,Lexapro,9448,1637501826,TRUE
622f88c6fc13ae1b94000587,Lisinopril,4975,1626374187,TRUE
622f88c6fc13ae1b9400058a,Probuphine,8584,1628601653,FALSE
622f88c6fc13ae1b9400058d,Benzonatate,3866,1645725398,FALSE
622f88c6fc13ae1b94000590,Naloxone,2957,1643539738,TRUE
622f88c6fc13ae1b94000593,Bunavail,6995,1635704374,TRUE
622f88c6fc13ae1b94000596,Amoxicillin,6983,1636626944,TRUE
622f88c6fc13ae1b94000599,Hydroxychloroquine,6175,1624099705,TRUE
622f88c6fc13ae1b9400059c,Probuphine,5009,1634666715,FALSE
622f88c6fc13ae1b9400059f,Dupixent,3721,1627761403,TRUE
622f88c6fc13ae1b940005a2,Naloxone,155,1627028884,TRUE
622f88c6fc13ae1b940005a5,Buprenorphine,1100,1623234824,FALSE
622f88c6fc13ae1b940005a8,Naproxen,587,1620300300,TRUE
622f88c6fc13ae1b940005ab,Adderall,8472,1631092795,FALSE
622f88c6fc13ae1b940005ae,Amitriptyline,6764,1627948139,FALSE
622f88c6fc13ae1b940005b1,Wellbutrin,3383,1639239257,FALSE
622f88c6fc13ae1b940005b4,Januvia,2475,1638632858,FALSE
622f88c6fc13ae1b940005b7,Hydroxychloroquine,7279,1635931445,TRUE
622f88c6fc13ae1b940005ba,Cephalexin,1434,1638797268,FALSE
622f88c6fc13ae1b940005bd,Entresto,8999,1625168522,TRUE
622f88c6fc13ae1b940005c0,Fentanyl,3511,1632061303,TRUE
622f88c6fc13ae1b940005c3,Omeprazole,7610,1615751444,FALSE
622f88c6fc13ae1b940005c6,Amlodipine,608,1624924115,TRUE
622f88c6fc13ae1b940005c9,Acetaminophen,4177,1618167671,TRUE
622f88c6fc13ae1b940005cc,Prednisone,4160,1629514529,TRUE
622f88c6fc13ae1b940005cf,Hydrochlorothiazide,8619,1623540504,TRUE
622f88c6fc13ae1b940005d2,Omeprazole,9117,1628876712,FALSE
622f88c6fc13ae1b940005d5,Zubsolv,2672,1632607476,FALSE
622f88c6fc13ae1b940005d8,Cymbalta,6332,1634146986,TRUE
622f88c6fc13ae1b940005db,Meloxicam,1399,1645649918,TRUE
622f88c6fc13ae1b940005de,Wellbutrin,930,1624209061,TRUE
622f88c6fc13ae1b940005e1,Cymbalta,419,1627245058,FALSE
622f88c6fc13ae1b940005e4,Buprenorphine,2565,1629592053,FALSE
622f88c6fc13ae1b940005e7,Invokana,5590,1625667847,TRUE
622f88c6fc13ae1b940005ea,Benzonatate,8765,1616525362,FALSE
622f88c6fc13ae1b940005ed,Xanax,8872,1638100366,FALSE
622f88c6fc13ae1b940005f0,Meloxicam,6542,1636243650,TRUE
622f88c6fc13ae1b940005f3,Clonazepam,6308,1617251329,TRUE
622f88c6fc13ae1b940005f6,Probuphine,8521,1636285398,TRUE
622f88c6fc13ae1b940005f9,Ozempic,4771,1645158046,FALSE
622f88c6fc13ae1b940005fc,Otezla,1852,1640127115,TRUE
622f88c6fc13ae1b940005ff,Tramadol,3407,1639478629,TRUE
622f88c6fc13ae1b94000602,Rybelsus,5219,1640760565,TRUE
622f88c6fc13ae1b94000605,Metformin,7152,1628992666,TRUE
622f88c6fc13ae1b94000608,Invokana,6544,1626077683,FALSE
622f88c6fc13ae1b9400060b,Azithromycin,5396,1626332874,TRUE
622f88c6fc13ae1b9400060e,Bunavail,7651,1623757628,TRUE
622f88c6fc13ae1b94000611,Dupixent,6769,1629696919,FALSE
622f88c6fc13ae1b94000614,Brilinta,2144,1621410274,TRUE
622f88c6fc13ae1b94000617,Onpattro,4110,1643994261,FALSE
622f88c6fc13ae1b9400061a,Hydrochlorothiazide,6695,1639048112,FALSE
622f88c6fc13ae1b9400061d,Amitriptyline,5033,1629564888,FALSE
622f88c6fc13ae1b94000620,Fentanyl Patch,6997,1630420292,TRUE
622f88c6fc13ae1b94000623,Entresto,8983,1624852346,FALSE
622f88c6fc13ae1b94000626,Brilinta,5554,1639875888,TRUE
622f88c6fc13ae1b94000629,Cyclobenzaprine,6586,1634515423,FALSE
622f88c6fc13ae1b9400062c,Metformin,4662,1627475201,TRUE
622f88c6fc13ae1b9400062f,Meloxicam,8158,1640509068,TRUE
622f88c6fc13ae1b94000632,Lofexidine,3474,1643323992,TRUE
622f88c6fc13ae1b94000635,Naloxone,2488,1636325429,FALSE
622f88c6fc13ae1b94000638,Loratadine,7279,1632902683,FALSE
622f88c6fc13ae1b9400063b,Adderall,2503,1619397130,FALSE
622f88c6fc13ae1b9400063e,Lyrica,6154,1643457042,FALSE
622f88c6fc13ae1b94000641,Metoprolol,4115,1629829125,TRUE
622f88c6fc13ae1b94000644,Omeprazole,9489,1625867565,TRUE
622f88c6fc13ae1b94000647,Zubsolv,8753,1646231418,FALSE
622f88c6fc13ae1b9400064a,Trazodone,5091,1619249899,FALSE
622f88c6fc13ae1b9400064d,Cymbalta,6340,1628197412,FALSE
622f88c6fc13ae1b94000650,Clonazepam,278,1633344649,FALSE
622f88c6fc13ae1b94000653,Entyvio,9579,1638632207,TRUE
622f88c6fc13ae1b94000656,Pantoprazole,8094,1632123008,TRUE
622f88c6fc13ae1b94000659,Adderall,8015,1620106509,TRUE
622f88c6fc13ae1b9400065c,Januvia,9568,1619863947,TRUE
622f88c6fc13ae1b9400065f,secukinumab,2264,1641384068,FALSE
622f88c6fc13ae1b94000662,Prednisone,7621,1644139863,FALSE
622f88c6fc13ae1b94000665,Amitriptyline,3496,1633087203,TRUE
622f88c6fc13ae1b94000668,Otezla,7793,1628436478,TRUE
622f88c6fc13ae1b9400066b,Adderall,4906,1616110116,FALSE
622f88c6fc13ae1b9400066e,Wellbutrin,7796,1628260890,FALSE
622f88c6fc13ae1b94000671,Gabapentin,986,1640517477,TRUE
622f88c6fc13ae1b94000674,Clindamycin,748,1635204643,TRUE
622f88c6fc13ae1b94000677,Bunavail,6921,1639390182,FALSE
622f88c6fc13ae1b9400067a,Clonazepam,1666,1635846088,TRUE
622f88c6fc13ae1b9400067d,Melatonin,6518,1622811297,FALSE
622f88c6fc13ae1b94000680,Xanax,9673,1620639724,FALSE
622f88c6fc13ae1b94000683,Ibuprofen,1071,1629614128,FALSE
622f88c6fc13ae1b94000686,Otezla,7367,1641432086,TRUE
622f88c6fc13ae1b94000689,Fentanyl Patch,5203,1625910349,FALSE
622f88c6fc13ae1b9400068c,Ozempic,9429,1639015403,FALSE
622f88c6fc13ae1b9400068f,Hydrochlorothiazide,5934,1637692400,TRUE
622f88c6fc13ae1b94000692,Jardiance,6559,1623289933,FALSE
622f88c6fc13ae1b94000695,Ativan,9251,1637457141,FALSE
622f88c6fc13ae1b94000698,Doxycycline,5123,1646506317,TRUE
622f88c6fc13ae1b9400069b,Metoprolol,3227,1638017781,FALSE
622f88c6fc13ae1b9400069e,Gabapentin,9715,1634108721,FALSE
622f88c6fc13ae1b940006a1,Cymbalta,3760,1635015338,TRUE
622f88c6fc13ae1b940006a4,Viagra,5500,1622358778,TRUE
622f88c6fc13ae1b940006a7,Onpattro,1763,1640137098,TRUE
622f88c6fc13ae1b940006aa,Viagra,2335,1621563934,TRUE
622f88c6fc13ae1b940006ad,Buprenorphine,9736,1633861489,FALSE
622f88c6fc13ae1b940006b0,Naloxone,2414,1643177036,FALSE
622f88c6fc13ae1b940006b3,Sublocade,7347,1640006277,FALSE
622f88c6fc13ae1b940006b6,Ciprofloxacin,8917,1631645835,TRUE
622f88c6fc13ae1b940006b9,Amlodipine,9678,1625741790,TRUE
622f88c6fc13ae1b940006bc,Wellbutrin,7735,1631166043,TRUE
622f88c6fc13ae1b940006bf,Metformin,3536,1639047525,FALSE
622f88c6fc13ae1b940006c2,Omeprazole,2864,1627957695,FALSE
622f88c6fc13ae1b940006c5,Entyvio,7533,1645662310,TRUE
622f88c6fc13ae1b940006c8,Tramadol,3362,1619889046,FALSE
622f88c6fc13ae1b940006cb,Amlodipine,1814,1625916053,FALSE
622f88c6fc13ae1b940006ce,Kevzara,7157,1620359417,FALSE
622f88c6fc13ae1b940006d1,Imbruvica,7808,1637504182,TRUE
622f88c6fc13ae1b940006d4,Lexapro,2046,1619316811,TRUE
622f88c6fc13ae1b940006d7,Loratadine,808,1647186065,TRUE
622f88c6fc13ae1b940006da,Xanax,8950,1632267772,FALSE
622f88c6fc13ae1b940006dd,Januvia,2646,1624220302,TRUE
622f88c6fc13ae1b940006e0,Clindamycin,3214,1618402848,FALSE
622f88c6fc13ae1b940006e3,Lisinopril,1848,1636819268,TRUE
622f88c6fc13ae1b940006e6,Cephalexin,7408,1635231985,FALSE
622f88c6fc13ae1b940006e9,Prednisone,3321,1642551412,TRUE
622f88c6fc13ae1b940006ec,Zubsolv,5352,1626322886,TRUE
622f88c6fc13ae1b940006ef,Gabapentin,5123,1635103308,FALSE
622f88c6fc13ae1b940006f2,Wellbutrin,8696,1642513396,FALSE
622f88c6fc13ae1b940006f5,Prednisone,2475,1632971674,TRUE
622f88c6fc13ae1b940006f8,Wellbutrin,4330,1629331058,TRUE
622f88c6fc13ae1b940006fb,Lisinopril,376,1646625070,TRUE
622f88c6fc13ae1b940006fe,Dupixent,9012,1617090617,FALSE
622f88c6fc13ae1b94000701,Methotrexate,3143,1639326383,FALSE
622f88c6fc13ae1b94000704,Cephalexin,8575,1645882491,TRUE
622f88c6fc13ae1b94000707,Ozempic,7037,1632249968,FALSE
622f88c6fc13ae1b9400070a,Ativan,2864,1629489070,TRUE
622f88c6fc13ae1b9400070d,Ozempic,9606,1637598242,TRUE
622f88c6fc13ae1b94000710,Rybelsus,2078,1637421784,FALSE
622f88c6fc13ae1b94000713,Methadone,9753,1634656667,FALSE
622f88c6fc13ae1b94000716,Atorvastatin,6430,1643260423,FALSE
622f88c6fc13ae1b94000719,Fentanyl,5530,1632595265,FALSE
622f88c6fc13ae1b9400071c,Amitriptyline,9427,1620983643,FALSE
622f88c6fc13ae1b9400071f,Buprenorphine,1541,1637699513,TRUE
622f88c6fc13ae1b94000722,Acetaminophen,7685,1629072821,TRUE
622f88c6fc13ae1b94000725,Lisinopril,2201,1636093662,TRUE
622f88c6fc13ae1b94000728,Ibuprofen,3861,1621477895,TRUE
622f88c6fc13ae1b9400072b,Pantoprazole,3552,1645173196,FALSE
622f88c6fc13ae1b9400072e,Rybelsus,9370,1638693943,TRUE
622f88c6fc13ae1b94000731,Amoxicillin,8386,1625202950,FALSE
622f88c6fc13ae1b94000734,Naltrexone,5266,1617894280,TRUE
622f88c6fc13ae1b94000737,secukinumab,4194,1627192060,TRUE
622f88c6fc13ae1b9400073a,Ozempic,102,1631137073,FALSE
622f88c6fc13ae1b9400073d,Rybelsus,9040,1622614694,TRUE
622f88c6fc13ae1b94000740,Otezla,913,1639104274,TRUE
622f88c6fc13ae1b94000743,Clonazepam,4701,1646414043,TRUE
622f88c6fc13ae1b94000746,Otezla,6086,1634837132,TRUE
622f88c6fc13ae1b94000749,Hydroxychloroquine,5437,1629991975,FALSE
622f88c6fc13ae1b9400074c,Bunavail,4142,1640391167,FALSE
622f88c6fc13ae1b9400074f,Amlodipine,4175,1640031050,FALSE
622f88c6fc13ae1b94000752,Clindamycin,9683,1626777571,TRUE
622f88c6fc13ae1b94000755,Gilenya,4144,1646853171,FALSE
622f88c6fc13ae1b94000758,Doxycycline,4461,1619475620,FALSE
622f88c6fc13ae1b9400075b,Ibuprofen,5754,1624277636,FALSE
622f88c6fc13ae1b9400075e,Onpattro,4649,1635240513,FALSE
622f88c6fc13ae1b94000761,Viagra,4497,1629147873,TRUE
622f88c6fc13ae1b94000764,Omeprazole,1458,1630791898,FALSE
622f88c6fc13ae1b94000767,Pantoprazole,4237,1642730981,TRUE
622f88c6fc13ae1b9400076a,Dupixent,943,1617923836,TRUE
622f88c6fc13ae1b9400076d,Azithromycin,258,1643010905,TRUE
622f88c6fc13ae1b94000770,Imbruvica,2581,1619384056,FALSE
622f88c6fc13ae1b94000773,Amitriptyline,6241,1624995138,FALSE
622f88c6fc13ae1b94000776,Fentanyl,9103,1640882478,FALSE
622f88c6fc13ae1b94000779,Dupixent,2237,1645661437,TRUE
622f88c6fc13ae1b9400077c,Zubsolv,7798,1631716983,FALSE
622f88c6fc13ae1b9400077f,Ativan,5651,1636429243,TRUE
622f88c6fc13ae1b94000782,Xanax,4620,1628998454,TRUE
622f88c6fc13ae1b94000785,Ativan,5816,1618019951,FALSE
622f88c6fc13ae1b94000788,Cyclobenzaprine,6660,1618838163,TRUE
622f88c6fc13ae1b9400078b,Ibuprofen,1003,1639255574,TRUE
622f88c6fc13ae1b9400078e,Wellbutrin,9550,1646629452,TRUE
622f88c6fc13ae1b94000791,Metoprolol,3786,1635104417,TRUE
622f88c6fc13ae1b94000794,Acetaminophen,6428,1636734811,FALSE
622f88c6fc13ae1b94000797,Ozempic,6583,1644055071,FALSE
622f88c6fc13ae1b9400079a,Dupixent,4300,1644830248,FALSE
622f88c6fc13ae1b9400079d,Metoprolol,9745,1635145530,TRUE
622f88c6fc13ae1b940007a0,Lofexidine,5953,1622187019,TRUE
622f88c6fc13ae1b940007a3,Fentanyl Patch,8012,1639032436,FALSE
622f88c6fc13ae1b940007a6,Gabapentin,543,1616587403,TRUE
622f88c6fc13ae1b940007a9,Wellbutrin,2377,1642647482,TRUE
622f88c6fc13ae1b940007ac,Gabapentin,7338,1637237691,TRUE
622f88c6fc13ae1b940007af,Amlodipine,4583,1632133940,FALSE
622f88c6fc13ae1b940007b2,Wellbutrin,8612,1647137002,TRUE
622f88c6fc13ae1b940007b5,Farxiga,1153,1643929643,TRUE
622f88c6fc13ae1b940007b8,Hydrochlorothiazide,5834,1627794049,FALSE
622f88c6fc13ae1b940007bb,Cyclobenzaprine,6397,1640682703,TRUE
622f88c6fc13ae1b940007be,Metformin,4492,1634051261,TRUE
622f88c6fc13ae1b940007c1,Gabapentin,7431,1622115349,TRUE
622f88c6fc13ae1b940007c4,Januvia,2633,1627804842,FALSE
622f88c6fc13ae1b940007c7,Naloxone,8659,1628109873,FALSE
622f88c6fc13ae1b940007ca,Ativan,2689,1618979772,TRUE
622f88c6fc13ae1b940007cd,Prednisone,9577,1645414070,TRUE
622f88c6fc13ae1b940007d0,Amitriptyline,6703,1630515853,TRUE
622f88c6fc13ae1b940007d3,Wellbutrin,4037,1638516745,TRUE
622f88c6fc13ae1b940007d6,Onpattro,1585,1622786980,FALSE
622f88c6fc13ae1b940007d9,Acetaminophen,9543,1646874044,TRUE
622f88c6fc13ae1b940007dc,Omeprazole,1009,1628793900,TRUE
622f88c6fc13ae1b940007df,Acetaminophen,6819,1633372377,FALSE
622f88c6fc13ae1b940007e2,Metformin,9272,1630049670,FALSE
622f88c6fc13ae1b940007e5,Cephalexin,513,1624945035,FALSE
622f88c6fc13ae1b940007e8,Rybelsus,1066,1630954117,FALSE
622f88c6fc13ae1b940007eb,Tramadol,3192,1627095672,FALSE
622f88c6fc13ae1b940007ee,Fentanyl,1522,1620673704,TRUE
622f88c6fc13ae1b940007f1,Sublocade,2775,1624444240,FALSE
622f88c6fc13ae1b940007f4,Doxycycline,4400,1642651420,FALSE
622f88c6fc13ae1b940007f7,Fentanyl Patch,8840,1628517670,FALSE
622f88c6fc13ae1b940007fa,Azithromycin,1692,1627912154,FALSE
622f88c6fc13ae1b940007fd,Imbruvica,7140,1626666219,TRUE
622f88c6fc13ae1b94000800,Amoxicillin,5830,1622009429,FALSE
622f88c6fc13ae1b94000803,Prednisone,8552,1640429497,TRUE
622f88c6fc13ae1b94000806,Onpattro,7298,1619648180,TRUE
622f88c6fc13ae1b94000809,Methadone,1364,1643422433,FALSE
622f88c6fc13ae1b9400080c,Ozempic,5239,1638182379,FALSE
622f88c6fc13ae1b9400080f,Methadone,2132,1618597877,FALSE
622f88c6fc13ae1b94000812,Trazodone,2537,1636246760,FALSE
622f88c6fc13ae1b94000815,Doxycycline,5448,1634923182,TRUE
622f88c6fc13ae1b94000818,Naproxen,7929,1633719685,TRUE
622f88c6fc13ae1b9400081b,Farxiga,832,1632933200,FALSE
622f88c6fc13ae1b9400081e,Gabapentin,3001,1627633266,TRUE
622f88c6fc13ae1b94000821,Dupixent,5540,1642798542,TRUE
622f88c6fc13ae1b94000824,Cephalexin,900,1621756943,FALSE
622f88c6fc13ae1b94000827,Rybelsus,79,1630667582,FALSE
622f88c6fc13ae1b9400082a,Sublocade,4135,1638733838,FALSE
622f88c6fc13ae1b9400082d,Farxiga,5986,1631425681,FALSE
622f88c6fc13ae1b94000830,Hydroxychloroquine,4131,1641144401,TRUE
622f88c6fc13ae1b94000833,Humira,2929,1622869888,FALSE
622f88c6fc13ae1b94000836,Dupixent,4329,1617619208,FALSE
622f88c6fc13ae1b94000839,Citalopram,2779,1644414009,FALSE
622f88c6fc13ae1b9400083c,Ozempic,7783,1615861087,FALSE
622f88c6fc13ae1b9400083f,Gabapentin,9706,1625470166,TRUE
622f88c6fc13ae1b94000842,Januvia,8327,1624169935,TRUE
622f88c6fc13ae1b94000845,Lyrica,2648,1624061882,FALSE
622f88c6fc13ae1b94000848,Loratadine,7445,1638444602,TRUE
622f88c6fc13ae1b9400084b,Entyvio,2475,1637483366,TRUE
622f88c6fc13ae1b9400084e,Xanax,1074,1641240767,FALSE
622f88c6fc13ae1b94000851,Cyclobenzaprine,6253,1641704979,FALSE
622f88c6fc13ae1b94000854,Acetaminophen,5426,1622238051,FALSE
622f88c6fc13ae1b94000857,Otezla,7443,1624759844,FALSE
622f88c6fc13ae1b9400085a,Clonazepam,729,1635985490,TRUE
622f88c6fc13ae1b9400085d,Humira,9099,1617999403,TRUE
622f88c6fc13ae1b94000860,Jardiance,4309,1645024526,TRUE
622f88c6fc13ae1b94000863,Fentanyl,6984,1617452673,TRUE
622f88c6fc13ae1b94000866,Viagra,9741,1640596914,TRUE
622f88c6fc13ae1b94000869,Brilinta,1194,1641601270,FALSE
622f88c6fc13ae1b9400086c,Melatonin,9925,1629040012,FALSE
622f88c6fc13ae1b9400086f,Humira,2566,1619138169,TRUE
622f88c6fc13ae1b94000872,Viagra,5759,1626277448,FALSE
622f88c6fc13ae1b94000875,Citalopram,3901,1635915091,FALSE
622f88c6fc13ae1b94000878,Kevzara,3250,1627939524,FALSE
622f88c6fc13ae1b9400087b,Januvia,4305,1631319847,TRUE
622f88c6fc13ae1b9400087e,Kevzara,2373,1621728505,FALSE
622f88c6fc13ae1b94000881,Otezla,9649,1632491518,TRUE
622f88c6fc13ae1b94000884,Omeprazole,8154,1636987658,FALSE
622f88c6fc13ae1b94000887,Ativan,9445,1633183730,TRUE
622f88c6fc13ae1b9400088a,Methadone,4636,1629426981,FALSE
622f88c6fc13ae1b9400088d,Ibuprofen,8161,1645477146,TRUE
622f88c6fc13ae1b94000890,Clonazepam,7462,1646555003,TRUE
622f88c6fc13ae1b94000893,Ibuprofen,1837,1626603090,FALSE
622f88c6fc13ae1b94000896,Ciprofloxacin,6110,1642574709,TRUE
622f88c6fc13ae1b94000899,Melatonin,7515,1619249785,TRUE
622f88c6fc13ae1b9400089c,Prednisone,2428,1643316612,FALSE
622f88c6fc13ae1b9400089f,Ativan,8215,1641259034,FALSE
622f88c6fc13ae1b940008a2,Gilenya,307,1628680485,FALSE
622f88c6fc13ae1b940008a5,Citalopram,506,1620901601,FALSE
622f88c6fc13ae1b940008a8,Sublocade,3634,1616096201,FALSE
622f88c6fc13ae1b940008ab,Methotrexate,2713,1621187220,TRUE
622f88c6fc13ae1b940008ae,Dupixent,1735,1615706148,FALSE
622f88c6fc13ae1b940008b1,Loratadine,3298,1617844410,FALSE
622f88c6fc13ae1b940008b4,Clindamycin,5344,1616077409,FALSE
622f88c6fc13ae1b940008b7,Trazodone,2147,1627833982,FALSE
622f88c6fc13ae1b940008ba,Farxiga,1856,1632077790,TRUE
622f88c6fc13ae1b940008bd,Benzonatate,4537,1626875878,FALSE
622f88c6fc13ae1b940008c0,Cymbalta,4869,1644943982,TRUE
622f88c6fc13ae1b940008c3,Naproxen,541,1627214200,TRUE
622f88c6fc13ae1b940008c6,Naloxone,1481,1620111109,FALSE
622f88c6fc13ae1b940008c9,Omeprazole,2839,1630294128,TRUE
622f88c6fc13ae1b940008cc,Naproxen,1245,1644457917,TRUE
622f88c6fc13ae1b940008cf,Adderall,670,1643385476,FALSE
622f88c6fc13ae1b940008d2,Gilenya,2763,1631252063,TRUE
622f88c6fc13ae1b940008d5,Onpattro,3187,1622316295,TRUE
622f88c6fc13ae1b940008d8,Cymbalta,7462,1630076213,TRUE
622f88c6fc13ae1b940008db,Otezla,856,1634595648,TRUE
622f88c6fc13ae1b940008de,Loratadine,2551,1645228395,TRUE
622f88c6fc13ae1b940008e1,Ozempic,960,1644521027,FALSE
622f88c6fc13ae1b940008e4,Ativan,7195,1638541611,TRUE
622f88c6fc13ae1b940008e7,Cymbalta,6952,1630355057,FALSE
622f88c6fc13ae1b940008ea,Meloxicam,498,1636936842,FALSE
622f88c6fc13ae1b940008ed,Ozempic,801,1640828877,TRUE
622f88c6fc13ae1b940008f0,Ozempic,8925,1619751467,FALSE
622f88c6fc13ae1b940008f3,Naloxone,8630,1639283669,TRUE
622f88c6fc13ae1b940008f6,Methadone,6114,1615838400,TRUE
622f88c6fc13ae1b940008f9,Naproxen,4879,1630712687,FALSE
622f88c6fc13ae1b940008fc,Ozempic,6742,1645477592,FALSE
622f88c6fc13ae1b940008ff,Entyvio,6401,1637058767,TRUE
622f88c6fc13ae1b94000902,Amlodipine,3999,1621388905,FALSE
622f88c6fc13ae1b94000905,Otezla,2662,1621194161,FALSE
622f88c6fc13ae1b94000908,Tramadol,6971,1623385830,FALSE
622f88c6fc13ae1b9400090b,Cyclobenzaprine,2996,1618965148,FALSE
622f88c6fc13ae1b9400090e,Hydroxychloroquine,4695,1631058901,FALSE
622f88c6fc13ae1b94000911,Brilinta,6334,1630389691,FALSE
622f88c6fc13ae1b94000914,Kevzara,9271,1633773500,FALSE
622f88c6fc13ae1b94000917,Ciprofloxacin,1777,1624170345,TRUE
622f88c6fc13ae1b9400091a,Viagra,6554,1640658510,FALSE
622f88c6fc13ae1b9400091d,Pantoprazole,7509,1620583232,FALSE
622f88c6fc13ae1b94000920,Wellbutrin,7553,1618602436,TRUE
622f88c6fc13ae1b94000923,Cephalexin,1378,1623673437,TRUE
622f88c6fc13ae1b94000926,Amoxicillin,9227,1622945693,FALSE
622f88c6fc13ae1b94000929,Januvia,2307,1644133719,FALSE
622f88c6fc13ae1b9400092c,Metoprolol,7448,1640075093,FALSE
622f88c6fc13ae1b9400092f,Januvia,7584,1645771912,FALSE
622f88c6fc13ae1b94000932,Acetaminophen,1880,1620367333,TRUE
622f88c6fc13ae1b94000935,Humira,1220,1620086980,FALSE
622f88c6fc13ae1b94000938,Tramadol,9260,1628151418,TRUE
622f88c6fc13ae1b9400093b,Naproxen,3192,1625059934,TRUE
622f88c6fc13ae1b9400093e,Amitriptyline,5759,1626928696,FALSE
622f88c6fc13ae1b94000941,Azithromycin,5106,1629527012,FALSE
622f88c6fc13ae1b94000944,Probuphine,780,1617399279,FALSE
622f88c6fc13ae1b94000947,Fentanyl Patch,1595,1646838893,TRUE
622f88c6fc13ae1b9400094a,Cymbalta,48,1618337198,FALSE
622f88c6fc13ae1b9400094d,Pantoprazole,6938,1634547900,FALSE
622f88c6fc13ae1b94000950,Cephalexin,9741,1638362106,FALSE
622f88c6fc13ae1b94000953,Amoxicillin,91,1616653013,FALSE
622f88c6fc13ae1b94000956,Clindamycin,5517,1647066334,FALSE
622f88c6fc13ae1b94000959,Omeprazole,9617,1628783597,TRUE
622f88c6fc13ae1b9400095c,Prednisone,4296,1646144102,TRUE
622f88c6fc13ae1b9400095f,Amoxicillin,2653,1637556256,FALSE
622f88c6fc13ae1b94000962,Gabapentin,8833,1640186500,TRUE
622f88c6fc13ae1b94000965,Citalopram,4551,1632597186,TRUE
622f88c6fc13ae1b94000968,Gilenya,6781,1625579139,FALSE
622f88c6fc13ae1b9400096b,Otezla,2519,1643464764,TRUE
622f88c6fc13ae1b9400096e,Naltrexone,2209,1619093175,TRUE
622f88c6fc13ae1b94000971,Jardiance,7055,1645750732,FALSE
622f88c6fc13ae1b94000974,Humira,9193,1620906427,FALSE
622f88c6fc13ae1b94000977,Hydroxychloroquine,447,1639051990,FALSE
622f88c6fc13ae1b9400097a,Amlodipine,4462,1638538016,FALSE
622f88c6fc13ae1b9400097d,Tramadol,3713,1632069798,FALSE
622f88c6fc13ae1b94000980,Gilenya,6295,1631596718,TRUE
622f88c6fc13ae1b94000983,Naltrexone,4925,1626067181,FALSE
622f88c6fc13ae1b94000986,Cyclobenzaprine,3075,1621854592,TRUE
622f88c6fc13ae1b94000989,Citalopram,961,1637754480,TRUE
622f88c6fc13ae1b9400098c,Invokana,9381,1618211610,TRUE
622f88c6fc13ae1b9400098f,Pantoprazole,9462,1634171999,TRUE
622f88c6fc13ae1b94000992,Metformin,1944,1630982252,FALSE
622f88c6fc13ae1b94000995,Azithromycin,1697,1620630089,FALSE
622f88c6fc13ae1b94000998,Viagra,9929,1643017573,TRUE
622f88c6fc13ae1b9400099b,Amitriptyline,146,1642611696,FALSE
622f88c6fc13ae1b9400099e,Amoxicillin,6788,1635276878,TRUE
622f88c6fc13ae1b940009a1,Lofexidine,8051,1646063376,TRUE
622f88c6fc13ae1b940009a4,Tramadol,2256,1644442648,FALSE
622f88c6fc13ae1b940009a7,Farxiga,2134,1639514440,TRUE
622f88c6fc13ae1b940009aa,Fentanyl Patch,2866,1644318172,TRUE
622f88c6fc13ae1b940009ad,Fentanyl,5390,1637990306,FALSE
622f88c6fc13ae1b940009b0,Rybelsus,862,1642982265,TRUE
622f88c6fc13ae1b940009b3,Buprenorphine,9507,1634168869,FALSE
622f88c6fc13ae1b940009b6,Doxycycline,9636,1622518016,FALSE
622f88c6fc13ae1b940009b9,Entresto,5667,1621487508,TRUE
622f88c6fc13ae1b940009bc,Januvia,4195,1615766486,TRUE
622f88c6fc13ae1b940009bf,Kevzara,268,1638930831,FALSE
622f88c6fc13ae1b940009c2,Farxiga,442,1628272234,FALSE
622f88c6fc13ae1b940009c5,Citalopram,4165,1636434407,FALSE
622f88c6fc13ae1b940009c8,Metformin,8605,1631042250,TRUE
622f88c6fc13ae1b940009cb,Omeprazole,1701,1643045016,TRUE
622f88c6fc13ae1b940009ce,Rybelsus,7790,1633631491,FALSE
622f88c6fc13ae1b940009d1,Brilinta,7141,1645995135,FALSE
622f88c6fc13ae1b940009d4,Dupixent,5314,1620115210,FALSE
622f88c6fc13ae1b940009d7,Jardiance,6215,1623360552,TRUE
622f88c6fc13ae1b940009da,Buprenorphine,3473,1634251326,FALSE
622f88c6fc13ae1b940009dd,Entresto,2151,1617993621,TRUE
622f88c6fc13ae1b940009e0,Viagra,8483,1621830229,FALSE
622f88c6fc13ae1b940009e3,Jardiance,6270,1634263092,TRUE
622f88c6fc13ae1b940009e6,Wellbutrin,1913,1629672280,TRUE
622f88c6fc13ae1b940009e9,Cymbalta,3294,1638474225,TRUE
622f88c6fc13ae1b940009ec,Metformin,8738,1637369684,FALSE
622f88c6fc13ae1b940009ef,Viagra,7823,1639519430,TRUE
622f88c6fc13ae1b940009f2,Gilenya,162,1636140624,TRUE
622f88c6fc13ae1b940009f5,Dupixent,7720,1636400145,TRUE
622f88c6fc13ae1b940009f8,Ciprofloxacin,7014,1630819381,TRUE
622f88c6fc13ae1b940009fb,Otezla,1321,1625708475,TRUE
622f88c6fc13ae1b940009fe,Amitriptyline,3545,1645532325,FALSE
622f88c6fc13ae1b94000a01,Gabapentin,8920,1637780663,TRUE
622f88c6fc13ae1b94000a04,Humira,5977,1640542148,FALSE
622f88c6fc13ae1b94000a07,Lisinopril,7845,1618991790,TRUE
622f88c6fc13ae1b94000a0a,Citalopram,6023,1624831135,FALSE
622f88c6fc13ae1b94000a0d,Azithromycin,7155,1616449826,TRUE
622f88c6fc13ae1b94000a10,Fentanyl,7142,1629194507,TRUE
622f88c6fc13ae1b94000a13,Methotrexate,1509,1628618663,FALSE
622f88c6fc13ae1b94000a16,Benzonatate,7278,1624908500,FALSE
622f88c6fc13ae1b94000a19,Gabapentin,8003,1639247779,FALSE
622f88c6fc13ae1b94000a1c,Trazodone,7244,1623924762,TRUE
622f88c6fc13ae1b94000a1f,Methotrexate,5232,1625704078,FALSE
622f88c6fc13ae1b94000a22,Rybelsus,3088,1642537591,TRUE
622f88c6fc13ae1b94000a25,Sublocade,6597,1636442532,FALSE
622f88c6fc13ae1b94000a28,Fentanyl,3324,1634276733,TRUE
622f88c6fc13ae1b94000a2b,Clindamycin,7808,1640453927,TRUE
622f88c6fc13ae1b94000a2e,Amlodipine,1086,1621051057,FALSE
622f88c6fc13ae1b94000a31,Clonazepam,3921,1638308857,FALSE
622f88c6fc13ae1b94000a34,Gilenya,5762,1631692915,FALSE
622f88c6fc13ae1b94000a37,Ativan,5998,1633328117,TRUE
622f88c6fc13ae1b94000a3a,Imbruvica,9798,1626705780,FALSE
622f88c6fc13ae1b94000a3d,Prednisone,1262,1641293789,FALSE
622f88c6fc13ae1b94000a40,Metoprolol,9754,1619447711,TRUE
622f88c6fc13ae1b94000a43,Azithromycin,7911,1640711421,FALSE
622f88c6fc13ae1b94000a46,secukinumab,7346,1635608167,FALSE
622f88c6fc13ae1b94000a49,Omeprazole,5176,1644394871,TRUE
622f88c6fc13ae1b94000a4c,Trazodone,3711,1630888693,TRUE
622f88c6fc13ae1b94000a4f,Hydroxychloroquine,5551,1629146677,TRUE
622f88c6fc13ae1b94000a52,Methadone,476,1636829972,TRUE
622f88c6fc13ae1b94000a55,Ativan,2253,1642568250,TRUE
622f88c6fc13ae1b94000a58,Fentanyl Patch,6575,1645978781,FALSE
622f88c6fc13ae1b94000a5b,Benzonatate,840,1634704202,FALSE
622f88c6fc13ae1b94000a5e,Onpattro,3560,1617685132,TRUE
622f88c6fc13ae1b94000a61,Azithromycin,4165,1628743536,TRUE
622f88c6fc13ae1b94000a64,Clindamycin,5479,1628039878,TRUE
622f88c6fc13ae1b94000a67,Atorvastatin,2792,1627710806,FALSE
622f88c6fc13ae1b94000a6a,Acetaminophen,908,1622237695,FALSE
622f88c6fc13ae1b94000a6d,Lisinopril,1248,1645549559,FALSE
622f88c6fc13ae1b94000a70,Farxiga,4149,1632283392,FALSE
622f88c6fc13ae1b94000a73,Atorvastatin,6624,1618227942,TRUE
622f88c6fc13ae1b94000a76,Lyrica,7499,1630239289,TRUE
622f88c6fc13ae1b94000a79,Cymbalta,5597,1633468950,FALSE
622f88c6fc13ae1b94000a7c,Fentanyl Patch,7847,1621538968,FALSE
622f88c6fc13ae1b94000a7f,Buprenorphine,4249,1617127236,TRUE
622f88c6fc13ae1b94000a82,Metoprolol,7345,1646591883,TRUE
622f88c6fc13ae1b94000a85,Wellbutrin,9698,1634054522,FALSE
622f88c6fc13ae1b94000a88,Probuphine,1147,1625495672,FALSE
622f88c6fc13ae1b94000a8b,Buprenorphine,5634,1622463374,FALSE
622f88c6fc13ae1b94000a8e,Acetaminophen,3220,1635561918,TRUE
622f88c6fc13ae1b94000a91,Amitriptyline,1092,1625081958,TRUE
622f88c6fc13ae1b94000a94,Methotrexate,3821,1643434996,FALSE
622f88c6fc13ae1b94000a97,Naloxone,4169,1636708743,FALSE
622f88c6fc13ae1b94000a9a,Entresto,2581,1644971737,TRUE
622f88c6fc13ae1b94000a9d,secukinumab,8985,1638608781,FALSE
622f88c6fc13ae1b94000aa0,Tramadol,1846,1636885204,FALSE
622f88c6fc13ae1b94000aa3,Pantoprazole,9124,1628155379,FALSE
622f88c6fc13ae1b94000aa6,Acetaminophen,5900,1635170674,FALSE
622f88c6fc13ae1b94000aa9,Trazodone,3003,1647123441,FALSE
622f88c6fc13ae1b94000aac,Probuphine,5870,1624420968,FALSE
622f88c6fc13ae1b94000aaf,secukinumab,9637,1637349355,FALSE
622f88c6fc13ae1b94000ab2,Methadone,8655,1628057722,TRUE
622f88c6fc13ae1b94000ab5,Brilinta,676,1639813942,TRUE
622f88c6fc13ae1b94000ab8,Naproxen,5256,1638619734,FALSE
622f88c6fc13ae1b94000abb,Entresto,7463,1622673455,FALSE
622f88c6fc13ae1b94000abe,Hydroxychloroquine,351,1623979267,FALSE
622f88c6fc13ae1b94000ac1,Naproxen,7568,1622580699,TRUE
622f88c6fc13ae1b94000ac4,Naproxen,967,1640085861,FALSE
622f88c6fc13ae1b94000ac7,Ciprofloxacin,9799,1635785705,TRUE
622f88c6fc13ae1b94000aca,Amlodipine,4510,1625743558,TRUE
622f88c6fc13ae1b94000acd,Metoprolol,618,1641209670,TRUE
622f88c6fc13ae1b94000ad0,Lexapro,9303,1624074312,FALSE
622f88c6fc13ae1b94000ad3,Wellbutrin,7079,1635141242,TRUE
622f88c6fc13ae1b94000ad6,Naproxen,5864,1643475021,FALSE
622f88c6fc13ae1b94000ad9,Cephalexin,3410,1634543445,TRUE
622f88c6fc13ae1b94000adc,Sublocade,1805,1632522018,FALSE
622f88c6fc13ae1b94000adf,Tramadol,6081,1638585126,FALSE
622f88c6fc13ae1b94000ae2,Cephalexin,5221,1622310802,FALSE
622f88c6fc13ae1b94000ae5,Lisinopril,7296,1619976391,FALSE
622f88c6fc13ae1b94000ae8,Kevzara,4127,1639694621,TRUE
622f88c6fc13ae1b94000aeb,Prednisone,7429,1633703212,TRUE
622f88c6fc13ae1b94000aee,Probuphine,7836,1627688679,TRUE
622f88c6fc13ae1b94000af1,secukinumab,7775,1632687719,FALSE
622f88c6fc13ae1b94000af4,Benzonatate,4175,1615922981,TRUE
622f88c6fc13ae1b94000af7,Methotrexate,6547,1638734963,TRUE
622f88c6fc13ae1b94000afa,Metformin,7584,1642316389,FALSE
622f88c6fc13ae1b94000afd,Sublocade,4856,1625361962,FALSE
622f88c6fc13ae1b94000b00,Kevzara,4117,1621680699,FALSE
622f88c6fc13ae1b94000b03,Lisinopril,6211,1644687327,TRUE
622f88c6fc13ae1b94000b06,Gilenya,7419,1645813804,FALSE
622f88c6fc13ae1b94000b09,Otezla,8407,1638051615,FALSE
622f88c6fc13ae1b94000b0c,Invokana,5484,1643255929,FALSE
622f88c6fc13ae1b94000b0f,Amitriptyline,3533,1643561515,TRUE
622f88c6fc13ae1b94000b12,Brilinta,1288,1631595664,FALSE
622f88c6fc13ae1b94000b15,Naproxen,3477,1646504750,TRUE
622f88c6fc13ae1b94000b18,Metoprolol,6674,1646038956,FALSE
622f88c6fc13ae1b94000b1b,Imbruvica,8860,1617500869,FALSE
622f88c6fc13ae1b94000b1e,Lyrica,7374,1624378459,TRUE
622f88c6fc13ae1b94000b21,Amoxicillin,8208,1628354767,FALSE
622f88c6fc13ae1b94000b24,Hydroxychloroquine,8801,1618103290,FALSE
622f88c6fc13ae1b94000b27,Ativan,211,1623259067,FALSE
622f88c6fc13ae1b94000b2a,Jardiance,3736,1619003211,FALSE
622f88c6fc13ae1b94000b2d,Lisinopril,1352,1621715612,FALSE
622f88c6fc13ae1b94000b30,Humira,14,1628525537,TRUE
622f88c6fc13ae1b94000b33,Lofexidine,7885,1615708791,FALSE
622f88c6fc13ae1b94000b36,Amitriptyline,2974,1615808083,FALSE
622f88c6fc13ae1b94000b39,Januvia,9736,1630417172,FALSE
622f88c6fc13ae1b94000b3c,Metformin,1322,1616139085,TRUE
622f88c6fc13ae1b94000b3f,Gilenya,265,1626912876,FALSE
622f88c6fc13ae1b94000b42,Methotrexate,9437,1643830536,TRUE
622f88c6fc13ae1b94000b45,Ozempic,6079,1637718630,TRUE
622f88c6fc13ae1b94000b48,Clindamycin,6209,1619118135,FALSE
622f88c6fc13ae1b94000b4b,Brilinta,5452,1644938500,TRUE
622f88c6fc13ae1b94000b4e,Farxiga,861,1643583774,TRUE
622f88c6fc13ae1b94000b51,Citalopram,7769,1643043520,TRUE
622f88c6fc13ae1b94000b54,Naloxone,7985,1635603655,FALSE
622f88c6fc13ae1b94000b57,Amitriptyline,8834,1640854150,FALSE
622f88c6fc13ae1b94000b5a,Buprenorphine,1129,1639274815,TRUE
622f88c6fc13ae1b94000b5d,Loratadine,9656,1619039845,TRUE
622f88c6fc13ae1b94000b60,Lisinopril,807,1631518831,TRUE
622f88c6fc13ae1b94000b63,Doxycycline,7463,1630826836,FALSE
622f88c6fc13ae1b94000b66,Melatonin,1523,1637329871,TRUE
622f88c6fc13ae1b94000b69,Tramadol,8057,1618172861,FALSE
622f88c6fc13ae1b94000b6c,Meloxicam,3838,1619055169,FALSE
622f88c6fc13ae1b94000b6f,Zubsolv,4415,1618498973,TRUE
622f88c6fc13ae1b94000b72,Adderall,7985,1630447432,TRUE
622f88c6fc13ae1b94000b75,Dupixent,9059,1634842984,FALSE
622f88c6fc13ae1b94000b78,Zubsolv,3468,1639018141,FALSE
622f88c6fc13ae1b94000b7b,Ciprofloxacin,8082,1646441980,FALSE
622f88c6fc13ae1b94000b7e,Benzonatate,9650,1643011887,TRUE
622f88c6fc13ae1b94000b81,Benzonatate,6239,1637493538,TRUE
622f88c6fc13ae1b94000b84,Meloxicam,2921,1617082140,FALSE
622f88c6fc13ae1b94000b87,Naloxone,4791,1639081602,FALSE
622f88c6fc13ae1b94000b8a,Acetaminophen,6658,1637332562,TRUE
622f88c6fc13ae1b94000b8d,Ativan,3587,1620207775,FALSE
622f88c6fc13ae1b94000b90,Brilinta,4425,1639270775,FALSE
622f88c6fc13ae1b94000b93,Gilenya,983,1625562613,FALSE
622f88c6fc13ae1b94000b96,Wellbutrin,2405,1633680736,FALSE
622f88c6fc13ae1b94000b99,Amitriptyline,6802,1625903513,FALSE
622f88c6fc13ae1b94000b9c,Tramadol,904,1636392108,FALSE
622f88c6fc13ae1b94000b9f,Zubsolv,9929,1640495536,FALSE
622f88c6fc13ae1b94000ba2,Kevzara,7273,1617923832,FALSE
622f88c6fc13ae1b94000ba5,Bunavail,121,1623018393,TRUE
622f88c6fc13ae1b94000ba8,Clindamycin,2387,1619659914,FALSE
622f88c6fc13ae1b94000bab,Rybelsus,8147,1622181045,TRUE
622f88c6fc13ae1b94000bae,Adderall,9411,1625321574,FALSE
622f88c6fc13ae1b94000bb1,Benzonatate,7391,1631770924,FALSE
622f88c6fc13ae1b94000bb4,Wellbutrin,9229,1638239066,TRUE
622f88c6fc13ae1b94000bb7,Melatonin,8182,1620377488,TRUE
622f88c6fc13ae1b94000bba,Hydroxychloroquine,5911,1634421214,FALSE
622f88c6fc13ae1b94000bbd,Farxiga,2468,1619315386,TRUE
622f88c6fc13ae1b94000bc0,Ciprofloxacin,7432,1618516683,FALSE
622f88c6fc13ae1b94000bc3,Onpattro,9527,1618455236,TRUE
622f88c6fc13ae1b94000bc6,Doxycycline,3681,1642297914,TRUE
622f88c6fc13ae1b94000bc9,Adderall,8649,1627709659,TRUE
622f88c6fc13ae1b94000bcc,Naloxone,5986,1643959693,TRUE
622f88c6fc13ae1b94000bcf,Dupixent,5139,1617062661,FALSE
622f88c6fc13ae1b94000bd2,Lexapro,6394,1628570574,FALSE
622f88c6fc13ae1b94000bd5,Ibuprofen,9177,1636543157,TRUE
622f88c6fc13ae1b94000bd8,Viagra,4923,1630780114,FALSE
622f88c6fc13ae1b94000bdb,Otezla,7877,1628011288,FALSE
622f88c6fc13ae1b94000bde,Januvia,1059,1642835818,TRUE
622f88c6fc13ae1b94000be1,Cephalexin,1467,1627438109,TRUE
622f88c6fc13ae1b94000be4,Probuphine,2904,1641043244,FALSE
622f88c6fc13ae1b94000be7,Lisinopril,6759,1626935391,FALSE
622f88c6fc13ae1b94000bea,Doxycycline,1872,1646911889,FALSE
622f88c6fc13ae1b94000bed,Cephalexin,9418,1621710996,FALSE
622f88c6fc13ae1b94000bf0,Tramadol,7794,1635439725,TRUE
622f88c6fc13ae1b94000bf3,Melatonin,6646,1634771722,TRUE
622f88c6fc13ae1b94000bf6,Humira,9496,1642057181,TRUE
622f88c6fc13ae1b94000bf9,Otezla,8588,1639089109,TRUE
622f88c6fc13ae1b94000bfc,Naloxone,7233,1641639175,FALSE
622f88c6fc13ae1b94000bff,Humira,1259,1642087767,FALSE
622f88c6fc13ae1b94000c02,Bunavail,3671,1616124890,FALSE
622f88c6fc13ae1b94000c05,Loratadine,8016,1643080077,TRUE
622f88c6fc13ae1b94000c08,Clonazepam,5592,1629487322,TRUE
622f88c6fc13ae1b94000c0b,Lexapro,9456,1616933042,TRUE
622f88c6fc13ae1b94000c0e,Acetaminophen,7765,1640009535,FALSE
622f88c6fc13ae1b94000c11,Clonazepam,8572,1636930232,TRUE
622f88c6fc13ae1b94000c14,Meloxicam,2811,1629443428,FALSE
622f88c6fc13ae1b94000c17,Naltrexone,4909,1635404551,TRUE
622f88c6fc13ae1b94000c1a,Viagra,8196,1625941891,FALSE
622f88c6fc13ae1b94000c1d,Viagra,834,1623861054,TRUE
622f88c6fc13ae1b94000c20,Azithromycin,9864,1637829309,FALSE
622f88c6fc13ae1b94000c23,Ibuprofen,345,1642167101,TRUE
