role,medicalStoreID,warID,quantity,inTime,exhaustTime,IMC,alert,AIalert
medicalStore,625ac99ffc13ae0e1800013d,625ac99ffc13ae0e18000145,26,1622974619,1623104219,0180592500629159,true,P2
medicalStore,625ac99ffc13ae0e1800015c,625ac99ffc13ae0e18000145,29,1625488040,1625574440,2964680595496881,false,P2
medicalStore,625ac99ffc13ae0e18000158,625ac99ffc13ae0e18000130,10,1621221036,1621307436,1571659772952591,true,P3
medicalStore,625ac99ffc13ae0e1800015c,625ac99ffc13ae0e1800013b,30,1636419523,1636534723,3335877982151007,true,P4
medicalStore,625ac99ffc13ae0e1800015c,625ac99ffc13ae0e18000150,26,1629622978,1629709378,3908799301721961,true,P4
medicalStore,625ac99ffc13ae0e18000144,625ac99ffc13ae0e18000130,24,1649191223,1649306423,7696343638602744,true,P3
medicalStore,625ac99ffc13ae0e18000152,625ac99ffc13ae0e18000130,11,1628606020,1628746420,2078776027924010,true,P3
medicalStore,625ac99ffc13ae0e18000152,625ac99ffc13ae0e1800013b,29,1629154760,1629323960,4498457945118390,true,P2
medicalStore,625ac99ffc13ae0e18000152,625ac99ffc13ae0e18000145,20,1638978279,1639118679,5987171141679088,true,P2
medicalStore,625ac99ffc13ae0e18000152,625ac99ffc13ae0e18000150,20,1629113484,1629228684,9196208521515598,false,P3
medicalStore,625ac99ffc13ae0e18000158,625ac99ffc13ae0e18000130,20,1646628587,1646736587,7895714455887750,false,P3
medicalStore,625ac99ffc13ae0e18000152,625ac99ffc13ae0e18000140,25,1628388305,1628503505,1690723967960105,true,P2
medicalStore,625ac99ffc13ae0e18000142,625ac99ffc13ae0e18000139,16,1646007789,1646169789,9236576108259242,true,P3
medicalStore,625ac99ffc13ae0e18000144,625ac99ffc13ae0e18000145,15,1638925475,1639087475,0242909150476848,false,P4
medicalStore,625ac99ffc13ae0e1800015d,625ac99ffc13ae0e18000145,16,1642588248,1642681848,3696634889120144,true,P2
medicalStore,625ac99ffc13ae0e18000158,625ac99ffc13ae0e18000140,22,1625361946,1625491546,6437814462208007,false,P3
medicalStore,625ac99ffc13ae0e1800015d,625ac99ffc13ae0e18000150,21,1633777046,1633903046,2802905126700670,true,P4
medicalStore,625ac99ffc13ae0e18000142,625ac99ffc13ae0e18000139,30,1634040844,1634202844,6387677546202309,true,P4
medicalStore,625ac99ffc13ae0e18000137,625ac99ffc13ae0e18000140,15,1648223152,1648392352,0519962915223559,true,P4
medicalStore,625ac99ffc13ae0e18000152,625ac99ffc13ae0e1800013b,16,1630166579,1630292579,4480357333715300,true,P3
medicalStore,625ac99ffc13ae0e18000158,625ac99ffc13ae0e18000139,25,1623027103,1623185503,4391192528044942,false,P3
medicalStore,625ac99ffc13ae0e1800015d,625ac99ffc13ae0e1800013b,10,1629154760,1629273560,3030051637273884,true,P2
medicalStore,625ac99ffc13ae0e1800015c,625ac99ffc13ae0e18000139,13,1640021168,1640121968,2147248990848378,true,P4
medicalStore,625ac99ffc13ae0e1800013d,625ac99ffc13ae0e18000145,27,1648376434,1648527634,9057515534700751,true,P4
medicalStore,625ac99ffc13ae0e18000133,625ac99ffc13ae0e18000150,14,1642723341,1642867341,0018001319108508,false,P3
medicalStore,625ac99ffc13ae0e18000137,625ac99ffc13ae0e18000145,19,1627290492,1627452492,6676298373422128,true,P3
medicalStore,625ac99ffc13ae0e18000158,625ac99ffc13ae0e1800013b,24,1625761555,1625909155,0198401842772961,false,P4
medicalStore,625ac99ffc13ae0e1800013d,625ac99ffc13ae0e18000145,26,1628368721,1628483921,1433118142231635,false,P4
medicalStore,625ac99ffc13ae0e1800015d,625ac99ffc13ae0e18000145,22,1650174713,1650286313,5483654029855180,false,P3
medicalStore,625ac99ffc13ae0e18000142,625ac99ffc13ae0e18000140,28,1618917886,1619087086,4272571442582543,false,P3
medicalStore,625ac99ffc13ae0e1800013d,625ac99ffc13ae0e18000150,10,1631806228,1631892628,5028994958768479,true,P2
medicalStore,625ac99ffc13ae0e1800013d,625ac99ffc13ae0e18000140,13,1638971079,1639089879,3096600467035248,true,P3
medicalStore,625ac99ffc13ae0e1800015c,625ac99ffc13ae0e1800013b,19,1646286017,1646394017,0071026786407271,false,P2
medicalStore,625ac99ffc13ae0e1800013d,625ac99ffc13ae0e18000139,29,1642554695,1642666295,7766077410805470,true,P4
medicalStore,625ac99ffc13ae0e18000151,625ac99ffc13ae0e18000130,28,1639978377,1640082777,7820563702758788,true,P3
medicalStore,625ac99ffc13ae0e18000133,625ac99ffc13ae0e18000140,18,1620463121,1620549521,1970245050986685,false,P4
medicalStore,625ac99ffc13ae0e1800015c,625ac99ffc13ae0e18000139,24,1626263985,1626422385,7802783685523026,true,P4
medicalStore,625ac99ffc13ae0e1800013d,625ac99ffc13ae0e18000130,11,1628606020,1628732020,0793315963694697,false,P3
medicalStore,625ac99ffc13ae0e18000158,625ac99ffc13ae0e18000150,24,1647192818,1647362018,3653338040818039,true,P3
medicalStore,625ac99ffc13ae0e1800015d,625ac99ffc13ae0e1800013b,21,1643207212,1643336812,9179033785115937,true,P2
medicalStore,625ac99ffc13ae0e18000137,625ac99ffc13ae0e18000139,28,1633001479,1633163479,5373191952104186,false,P4
medicalStore,625ac99ffc13ae0e18000152,625ac99ffc13ae0e18000130,16,1627811549,1627905149,9819098049600776,false,P2
medicalStore,625ac99ffc13ae0e18000151,625ac99ffc13ae0e18000139,25,1627675825,1627819825,4932189979797108,true,P2
medicalStore,625ac99ffc13ae0e18000142,625ac99ffc13ae0e18000130,22,1624373341,1624528141,0952587441204878,false,P3
medicalStore,625ac99ffc13ae0e18000133,625ac99ffc13ae0e18000145,21,1628044301,1628184701,6449344775067092,true,P2
medicalStore,625ac99ffc13ae0e18000151,625ac99ffc13ae0e18000150,14,1626243914,1626405914,8884257739933918,true,P4
medicalStore,625ac99ffc13ae0e18000133,625ac99ffc13ae0e18000139,10,1633063658,1633214858,8239980422695394,false,P2
medicalStore,625ac99ffc13ae0e1800013d,625ac99ffc13ae0e18000139,30,1642887302,1643034902,2668274059307617,false,P3
medicalStore,625ac99ffc13ae0e18000142,625ac99ffc13ae0e1800013b,16,1627103853,1627273053,9260853591020942,true,P3
medicalStore,625ac99ffc13ae0e1800013d,625ac99ffc13ae0e18000140,13,1628388305,1628489105,2174269603209610,false,P2
medicalStore,625ac99ffc13ae0e18000137,625ac99ffc13ae0e18000145,27,1650174713,1650333113,5075183396938285,false,P2
medicalStore,625ac99ffc13ae0e1800013d,625ac99ffc13ae0e18000130,12,1621206636,1621300236,7831658221913745,false,P3
medicalStore,625ac99ffc13ae0e1800015c,625ac99ffc13ae0e18000140,14,1623500103,1623604503,3325164137437099,false,P2
medicalStore,625ac99ffc13ae0e18000142,625ac99ffc13ae0e18000150,26,1629113484,1629214284,6743769051196175,true,P4
medicalStore,625ac99ffc13ae0e18000151,625ac99ffc13ae0e18000139,15,1646246417,1646372417,2605628999082190,true,P4
medicalStore,625ac99ffc13ae0e18000133,625ac99ffc13ae0e18000150,16,1628293121,1628415521,8964488254378029,true,P3
medicalStore,625ac99ffc13ae0e18000151,625ac99ffc13ae0e18000139,25,1631771489,1631868689,9490742212205076,true,P4
medicalStore,625ac99ffc13ae0e18000152,625ac99ffc13ae0e18000139,24,1634040844,1634156044,2803609559270267,true,P3
medicalStore,625ac99ffc13ae0e18000133,625ac99ffc13ae0e18000130,12,1643069179,1643227579,4450926321355661,true,P4
medicalStore,625ac99ffc13ae0e1800015c,625ac99ffc13ae0e18000145,29,1632931922,1633021922,5765758836361281,false,P2
medicalStore,625ac99ffc13ae0e18000152,625ac99ffc13ae0e18000145,20,1630099761,1630204161,1684382073945657,false,P3
medicalStore,625ac99ffc13ae0e18000151,625ac99ffc13ae0e18000139,15,1629144460,1629248860,2558117846116856,false,P4
medicalStore,625ac99ffc13ae0e18000152,625ac99ffc13ae0e18000150,25,1636521355,1636683355,0747186183031265,false,P2
medicalStore,625ac99ffc13ae0e18000144,625ac99ffc13ae0e18000145,19,1641843646,1642009246,3387632752172233,false,P3
medicalStore,625ac99ffc13ae0e18000151,625ac99ffc13ae0e18000139,14,1634571259,1634668459,9231544799123861,false,P4
medicalStore,625ac99ffc13ae0e18000137,625ac99ffc13ae0e18000130,19,1623681342,1623850542,6814121906346649,true,P2
medicalStore,625ac99ffc13ae0e18000142,625ac99ffc13ae0e18000139,24,1625772355,1625934355,3472399967512915,false,P3
medicalStore,625ac99ffc13ae0e18000142,625ac99ffc13ae0e18000145,25,1643076379,1643213179,1843727647748601,false,P3
medicalStore,625ac99ffc13ae0e18000151,625ac99ffc13ae0e18000130,16,1632958279,1633116679,6754400238086472,false,P3
medicalStore,625ac99ffc13ae0e18000142,625ac99ffc13ae0e18000130,29,1628486537,1628616137,3450880905362980,true,P4
medicalStore,625ac99ffc13ae0e18000151,625ac99ffc13ae0e18000139,11,1635370363,1635485563,8198613219750899,true,P4
medicalStore,625ac99ffc13ae0e18000133,625ac99ffc13ae0e18000140,11,1622604823,1622774023,6198540435744047,true,P3
medicalStore,625ac99ffc13ae0e18000133,625ac99ffc13ae0e18000130,17,1636499612,1636625612,7532784306546896,false,P3
medicalStore,625ac99ffc13ae0e18000158,625ac99ffc13ae0e18000140,19,1626234857,1626382457,8865038549316679,false,P3
medicalStore,625ac99ffc13ae0e1800013d,625ac99ffc13ae0e1800013b,24,1646737724,1646874524,4016031843392557,false,P2
medicalStore,625ac99ffc13ae0e18000144,625ac99ffc13ae0e18000130,27,1645190868,1645284468,6259266443355586,false,P3
medicalStore,625ac99ffc13ae0e18000158,625ac99ffc13ae0e18000150,29,1624348141,1624463341,9389463380828509,true,P3
medicalStore,625ac99ffc13ae0e18000144,625ac99ffc13ae0e18000130,28,1625265931,1625438731,8838998264009137,true,P4
medicalStore,625ac99ffc13ae0e1800013d,625ac99ffc13ae0e1800013b,17,1649746520,1649908520,4201309808009440,false,P2
medicalStore,625ac99ffc13ae0e18000158,625ac99ffc13ae0e18000130,21,1642793276,1642922876,2819316763227887,true,P2
medicalStore,625ac99ffc13ae0e18000152,625ac99ffc13ae0e18000139,26,1626263985,1626411585,6281709777809270,false,P4
medicalStore,625ac99ffc13ae0e18000142,625ac99ffc13ae0e18000130,13,1648971861,1649112261,7806141245306846,true,P2
medicalStore,625ac99ffc13ae0e1800015c,625ac99ffc13ae0e18000130,17,1649965076,1650065876,8140812283740673,false,P2
medicalStore,625ac99ffc13ae0e18000151,625ac99ffc13ae0e18000150,18,1628293121,1628462321,3829038992802219,true,P3
medicalStore,625ac99ffc13ae0e1800013d,625ac99ffc13ae0e18000150,22,1644648071,1644817271,2458882267900559,false,P3
medicalStore,625ac99ffc13ae0e18000158,625ac99ffc13ae0e18000130,11,1647397274,1647505274,7323303021290587,false,P2
medicalStore,625ac99ffc13ae0e18000142,625ac99ffc13ae0e1800013b,26,1629154760,1629284360,2855690937027392,true,P3
medicalStore,625ac99ffc13ae0e1800015d,625ac99ffc13ae0e18000145,18,1641686655,1641845055,6318206072690001,true,P4
medicalStore,625ac99ffc13ae0e18000151,625ac99ffc13ae0e18000145,29,1648347385,1648512985,2587211821945550,false,P2
medicalStore,625ac99ffc13ae0e18000151,625ac99ffc13ae0e18000140,19,1619083377,1619234577,9803416623867998,false,P2
medicalStore,625ac99ffc13ae0e18000151,625ac99ffc13ae0e18000140,30,1630876834,1631020834,7089146495504884,true,P2
medicalStore,625ac99ffc13ae0e18000142,625ac99ffc13ae0e18000145,27,1633700198,1633811798,2401872421302563,true,P4
medicalStore,625ac99ffc13ae0e18000142,625ac99ffc13ae0e18000130,29,1623681342,1623803742,3838650325689906,false,P3
medicalStore,625ac99ffc13ae0e18000158,625ac99ffc13ae0e18000130,26,1641879646,1642023646,9334171295024545,false,P3
medicalStore,625ac99ffc13ae0e18000158,625ac99ffc13ae0e18000130,16,1640622196,1640762596,0607248856481706,false,P3
medicalStore,625ac99ffc13ae0e1800013d,625ac99ffc13ae0e18000145,15,1628368721,1628455121,1280131942393812,false,P4
medicalStore,625ac99ffc13ae0e18000151,625ac99ffc13ae0e18000130,22,1636499612,1636647212,9564652258486308,true,P2
medicalStore,625ac99ffc13ae0e1800013d,625ac99ffc13ae0e1800013b,15,1628377505,1628463905,0384589083862387,true,P4
medicalStore,625ac99ffc13ae0e18000158,625ac99ffc13ae0e1800013b,19,1644188148,1644346548,8449946563903643,false,P3
medicalStore,625ac99ffc13ae0e18000151,625ac99ffc13ae0e18000145,27,1648657115,1648761515,4779704407154700,true,P3
medicalStore,625ac99ffc13ae0e18000158,625ac99ffc13ae0e18000139,23,1631771489,1631901089,2766357913380733,false,P3
medicalStore,625ac99ffc13ae0e1800015c,625ac99ffc13ae0e18000130,15,1645190868,1645363668,1021067780367298,true,P3
medicalStore,625ac99ffc13ae0e18000152,625ac99ffc13ae0e18000140,30,1643402413,1643499613,6891366308376203,false,P3
medicalStore,625ac99ffc13ae0e18000158,625ac99ffc13ae0e18000145,10,1630099761,1630189761,5734909219062108,false,P2
medicalStore,625ac99ffc13ae0e1800013d,625ac99ffc13ae0e18000150,14,1647192818,1647354818,1099230724945212,false,P2
medicalStore,625ac99ffc13ae0e18000144,625ac99ffc13ae0e18000130,13,1641833329,1642006129,4237620996585259,false,P4
medicalStore,625ac99ffc13ae0e18000137,625ac99ffc13ae0e18000130,29,1623065552,1623238352,5887027414316831,false,P2
medicalStore,625ac99ffc13ae0e18000133,625ac99ffc13ae0e18000130,30,1638467749,1638582949,9490626544209952,false,P2
medicalStore,625ac99ffc13ae0e18000144,625ac99ffc13ae0e18000139,28,1642887302,1642995302,9869796165675871,false,P4
medicalStore,625ac99ffc13ae0e18000142,625ac99ffc13ae0e18000130,18,1645826736,1645916736,4635747129073506,true,P4
medicalStore,625ac99ffc13ae0e18000144,625ac99ffc13ae0e1800013b,17,1632964322,1633079522,4640198796337195,false,P4
medicalStore,625ac99ffc13ae0e18000152,625ac99ffc13ae0e1800013b,29,1629739022,1629829022,8232974884809907,false,P4
medicalStore,625ac99ffc13ae0e18000137,625ac99ffc13ae0e18000140,16,1628564896,1628669296,1188355941922609,true,P3
medicalStore,625ac99ffc13ae0e18000142,625ac99ffc13ae0e18000145,11,1632230511,1632385311,7972543754734558,false,P2
medicalStore,625ac99ffc13ae0e18000137,625ac99ffc13ae0e18000150,26,1649768120,1649901320,6118863206235390,false,P2
medicalStore,625ac99ffc13ae0e18000151,625ac99ffc13ae0e18000130,23,1618904091,1619030091,5290565871096316,false,P4
medicalStore,625ac99ffc13ae0e1800015c,625ac99ffc13ae0e18000145,10,1641266749,1641374749,1894561286893686,true,P4
medicalStore,625ac99ffc13ae0e18000137,625ac99ffc13ae0e18000140,22,1623367454,1623464654,6318656904801941,true,P4
medicalStore,625ac99ffc13ae0e1800015c,625ac99ffc13ae0e1800013b,11,1629158360,1629316760,9791427519828554,false,P3
medicalStore,625ac99ffc13ae0e18000158,625ac99ffc13ae0e18000145,28,1627290492,1627438092,0053663838585429,false,P4
medicalStore,625ac99ffc13ae0e18000158,625ac99ffc13ae0e1800013b,16,1646038775,1646164775,8628211335392900,false,P2
medicalStore,625ac99ffc13ae0e18000144,625ac99ffc13ae0e18000139,21,1645993389,1646158989,0928979054867440,false,P3
medicalStore,625ac99ffc13ae0e1800015d,625ac99ffc13ae0e18000140,10,1646879516,1647012716,5790375526521675,false,P4
medicalStore,625ac99ffc13ae0e18000137,625ac99ffc13ae0e18000150,16,1629699422,1629829022,5189241502046018,true,P3
medicalStore,625ac99ffc13ae0e18000152,625ac99ffc13ae0e18000130,11,1631835028,1631961028,3023081946559777,false,P3
medicalStore,625ac99ffc13ae0e1800015d,625ac99ffc13ae0e18000150,23,1631211305,1631330105,6910364601802833,false,P2
medicalStore,625ac99ffc13ae0e18000133,625ac99ffc13ae0e18000139,16,1627160931,1627301331,2722104015664844,true,P3
medicalStore,625ac99ffc13ae0e18000137,625ac99ffc13ae0e18000139,30,1627175018,1627329818,7063524707060948,false,P2
medicalStore,625ac99ffc13ae0e18000142,625ac99ffc13ae0e18000145,29,1647536416,1647626416,2255543585725382,false,P3
medicalStore,625ac99ffc13ae0e18000137,625ac99ffc13ae0e18000145,27,1623931781,1624050581,3827481554928023,true,P3
medicalStore,625ac99ffc13ae0e18000152,625ac99ffc13ae0e18000140,25,1624308541,1624412941,3922872573151673,false,P3
medicalStore,625ac99ffc13ae0e18000152,625ac99ffc13ae0e18000130,26,1644483725,1644580925,2943969710118400,true,P2
medicalStore,625ac99ffc13ae0e18000142,625ac99ffc13ae0e18000145,11,1648347385,1648498585,8916016269731145,false,P2
medicalStore,625ac99ffc13ae0e18000158,625ac99ffc13ae0e18000140,13,1618917886,1619007886,0516191804775324,false,P3
medicalStore,625ac99ffc13ae0e18000152,625ac99ffc13ae0e1800013b,20,1637563805,1637722205,1746261048692740,false,P4
medicalStore,625ac99ffc13ae0e1800015c,625ac99ffc13ae0e18000139,13,1638073211,1638163211,8070429179450517,false,P3
medicalStore,625ac99ffc13ae0e1800013d,625ac99ffc13ae0e18000140,24,1624288394,1624389194,6625231511083398,true,P3
medicalStore,625ac99ffc13ae0e18000152,625ac99ffc13ae0e18000150,23,1645441793,1645610993,1600620511331227,true,P2
medicalStore,625ac99ffc13ae0e1800015d,625ac99ffc13ae0e1800013b,27,1648672508,1648845308,2169082286303874,false,P3
medicalStore,625ac99ffc13ae0e18000133,625ac99ffc13ae0e18000150,21,1624615618,1624705618,6692632215980841,false,P3
medicalStore,625ac99ffc13ae0e1800015d,625ac99ffc13ae0e18000139,15,1633119561,1633292361,8777493449992151,true,P3
medicalStore,625ac99ffc13ae0e18000152,625ac99ffc13ae0e18000130,11,1624386006,1624515606,0346202918844310,true,P2
medicalStore,625ac99ffc13ae0e18000133,625ac99ffc13ae0e18000150,23,1622064868,1622172868,1968822003746994,true,P4
medicalStore,625ac99ffc13ae0e18000142,625ac99ffc13ae0e18000139,24,1649768517,1649930517,2670706243167285,false,P4
medicalStore,625ac99ffc13ae0e18000151,625ac99ffc13ae0e18000139,25,1638073211,1638220811,3595380845767071,false,P3
medicalStore,625ac99ffc13ae0e1800013d,625ac99ffc13ae0e18000139,14,1636469003,1636641803,1983369667970156,false,P3
medicalStore,625ac99ffc13ae0e1800013d,625ac99ffc13ae0e18000139,12,1646312649,1646445849,3189640387590228,false,P2
medicalStore,625ac99ffc13ae0e18000152,625ac99ffc13ae0e18000145,23,1648205152,1648370752,5681665063331487,false,P2
medicalStore,625ac99ffc13ae0e1800013d,625ac99ffc13ae0e1800013b,22,1644402463,1644517663,9408156548086204,false,P3
medicalStore,625ac99ffc13ae0e1800015d,625ac99ffc13ae0e18000150,13,1635345735,1635489735,4390596917827979,true,P2
medicalStore,625ac99ffc13ae0e1800013d,625ac99ffc13ae0e1800013b,25,1644131900,1644257900,6404244477761807,true,P4
medicalStore,625ac99ffc13ae0e18000137,625ac99ffc13ae0e18000139,24,1629144460,1629274060,5409146426059025,true,P4
medicalStore,625ac99ffc13ae0e18000133,625ac99ffc13ae0e1800013b,13,1646897516,1646998316,0611844714433468,false,P4
medicalStore,625ac99ffc13ae0e18000152,625ac99ffc13ae0e18000145,12,1623017250,1623132450,6800378539970221,true,P3
medicalStore,625ac99ffc13ae0e18000137,625ac99ffc13ae0e18000145,17,1624941000,1625070600,0497827580547024,true,P2
medicalStore,625ac99ffc13ae0e18000137,625ac99ffc13ae0e18000145,20,1634863665,1634975265,9494865356523449,false,P4
medicalStore,625ac99ffc13ae0e1800015c,625ac99ffc13ae0e18000145,18,1633700198,1633854998,9270008369938779,true,P3
medicalStore,625ac99ffc13ae0e18000133,625ac99ffc13ae0e18000139,16,1629144460,1629241660,4927206815283425,true,P3
medicalStore,625ac99ffc13ae0e1800015d,625ac99ffc13ae0e18000140,30,1630074561,1630160961,7936099149423369,true,P3
medicalStore,625ac99ffc13ae0e18000158,625ac99ffc13ae0e18000139,23,1635273735,1635446535,6590075118846015,false,P4
medicalStore,625ac99ffc13ae0e1800013d,625ac99ffc13ae0e18000130,21,1641888725,1641982325,3040873495963755,false,P2
medicalStore,625ac99ffc13ae0e18000142,625ac99ffc13ae0e18000139,14,1630612337,1630745537,1778408238080040,true,P4
medicalStore,625ac99ffc13ae0e18000144,625ac99ffc13ae0e18000140,21,1637274217,1637439817,8602578578538290,false,P4
medicalStore,625ac99ffc13ae0e1800015d,625ac99ffc13ae0e18000150,10,1641912046,1642002046,4500414108085151,true,P2
medicalStore,625ac99ffc13ae0e18000137,625ac99ffc13ae0e18000130,17,1641813125,1641917525,1939060061215499,false,P4
medicalStore,625ac99ffc13ae0e18000142,625ac99ffc13ae0e18000140,28,1624308541,1624409341,7181082001371351,false,P2
medicalStore,625ac99ffc13ae0e18000133,625ac99ffc13ae0e18000139,28,1631996293,1632097093,4956838165872484,false,P3
medicalStore,625ac99ffc13ae0e1800013d,625ac99ffc13ae0e18000130,16,1630778725,1630865125,3857592090157199,true,P2
medicalStore,625ac99ffc13ae0e18000158,625ac99ffc13ae0e18000130,20,1626247218,1626362418,2742188894683429,true,P2
medicalStore,625ac99ffc13ae0e18000151,625ac99ffc13ae0e18000139,14,1624372844,1624524044,8844395347571326,true,P4
medicalStore,625ac99ffc13ae0e18000133,625ac99ffc13ae0e18000139,24,1646312649,1646399049,7731455934426832,false,P3
medicalStore,625ac99ffc13ae0e18000158,625ac99ffc13ae0e18000139,13,1631996293,1632089893,6966667611590152,false,P4
medicalStore,625ac99ffc13ae0e18000137,625ac99ffc13ae0e1800013b,14,1619808696,1619905896,8417547324689340,true,P2
medicalStore,625ac99ffc13ae0e18000133,625ac99ffc13ae0e18000150,27,1627430268,1627523868,2801069277935109,false,P3
medicalStore,625ac99ffc13ae0e18000137,625ac99ffc13ae0e18000140,24,1634311561,1634415961,2406011901288961,true,P3
medicalStore,625ac99ffc13ae0e18000158,625ac99ffc13ae0e1800013b,14,1642678540,1642818940,7405639106226503,false,P3
medicalStore,625ac99ffc13ae0e18000158,625ac99ffc13ae0e18000145,24,1623931781,1624072181,7170447998342462,false,P4
medicalStore,625ac99ffc13ae0e18000158,625ac99ffc13ae0e18000130,28,1635870677,1636011077,7296988602323613,false,P3
medicalStore,625ac99ffc13ae0e1800013d,625ac99ffc13ae0e18000130,11,1650104155,1650273355,0973630869917708,false,P2
medicalStore,625ac99ffc13ae0e18000158,625ac99ffc13ae0e18000145,15,1625024233,1625197033,6517862688168495,false,P2
medicalStore,625ac99ffc13ae0e18000158,625ac99ffc13ae0e1800013b,13,1629728751,1629822351,7020484230605910,true,P2
medicalStore,625ac99ffc13ae0e1800015d,625ac99ffc13ae0e18000139,11,1627132653,1627269453,2211530098437349,false,P3
medicalStore,625ac99ffc13ae0e18000158,625ac99ffc13ae0e18000139,15,1633001479,1633156279,9429878154467860,true,P4
medicalStore,625ac99ffc13ae0e18000151,625ac99ffc13ae0e18000130,15,1642561895,1642709495,1641247724902852,true,P2
medicalStore,625ac99ffc13ae0e18000142,625ac99ffc13ae0e1800013b,29,1629739022,1629883022,1721170172454544,false,P3
medicalStore,625ac99ffc13ae0e1800015d,625ac99ffc13ae0e1800013b,27,1649775320,1649937320,7298074295197697,true,P4
medicalStore,625ac99ffc13ae0e18000158,625ac99ffc13ae0e18000139,22,1645993389,1646079789,5325367647955593,false,P3
medicalStore,625ac99ffc13ae0e18000151,625ac99ffc13ae0e1800013b,28,1622673153,1622770353,2222295428791696,false,P2
medicalStore,625ac99ffc13ae0e18000152,625ac99ffc13ae0e1800013b,15,1619808696,1619927496,8089654282173784,true,P2
medicalStore,625ac99ffc13ae0e18000133,625ac99ffc13ae0e1800013b,18,1630440267,1630548267,7945260367465602,false,P3
medicalStore,625ac99ffc13ae0e1800015d,625ac99ffc13ae0e18000145,18,1650060955,1650222955,6814862031621121,true,P3
medicalStore,625ac99ffc13ae0e18000152,625ac99ffc13ae0e18000145,28,1632931922,1633104722,7481472328951840,false,P3
medicalStore,625ac99ffc13ae0e18000137,625ac99ffc13ae0e1800013b,13,1644941198,1645059998,3939340520865272,true,P4
medicalStore,625ac99ffc13ae0e18000137,625ac99ffc13ae0e1800013b,24,1626861751,1626951751,6860731836758365,true,P2
medicalStore,625ac99ffc13ae0e1800013d,625ac99ffc13ae0e1800013b,12,1637052026,1637145626,3833397152071345,true,P4
medicalStore,625ac99ffc13ae0e18000151,625ac99ffc13ae0e18000130,26,1639602350,1639731950,9325624480997655,true,P3
medicalStore,625ac99ffc13ae0e1800015c,625ac99ffc13ae0e18000130,18,1634721878,1634858678,2354854311356047,false,P2
medicalStore,625ac99ffc13ae0e1800015d,625ac99ffc13ae0e18000130,18,1640462388,1640555988,2300700157282389,true,P3
medicalStore,625ac99ffc13ae0e18000152,625ac99ffc13ae0e18000130,26,1629306998,1629465398,6187080910056233,true,P2
medicalStore,625ac99ffc13ae0e1800015d,625ac99ffc13ae0e18000140,19,1628564896,1628651296,2918927004443300,false,P2
medicalStore,625ac99ffc13ae0e18000151,625ac99ffc13ae0e1800013b,14,1648672508,1648816508,5255593414174142,true,P4
medicalStore,625ac99ffc13ae0e18000133,625ac99ffc13ae0e1800013b,28,1625390746,1625477146,4938728497783985,true,P4
medicalStore,625ac99ffc13ae0e18000151,625ac99ffc13ae0e1800013b,13,1619049174,1619157174,0969597609069368,false,P2
medicalStore,625ac99ffc13ae0e1800015d,625ac99ffc13ae0e18000150,16,1624126115,1624230515,0874084185962875,false,P4
medicalStore,625ac99ffc13ae0e18000144,625ac99ffc13ae0e18000145,21,1642511495,1642651895,0859994498706919,true,P4
medicalStore,625ac99ffc13ae0e1800015d,625ac99ffc13ae0e1800013b,30,1625761555,1625865955,3586896749095531,false,P2
medicalStore,625ac99ffc13ae0e1800013d,625ac99ffc13ae0e18000145,13,1644570770,1644689570,3100786985169865,false,P3
medicalStore,625ac99ffc13ae0e18000158,625ac99ffc13ae0e18000145,28,1648924501,1649043301,7085375051776329,true,P2
medicalStore,625ac99ffc13ae0e1800015c,625ac99ffc13ae0e18000140,30,1624308541,1624466941,7439711039474007,true,P2
medicalStore,625ac99ffc13ae0e18000151,625ac99ffc13ae0e18000145,24,1631452069,1631599669,6151229923202664,true,P3
medicalStore,625ac99ffc13ae0e1800013d,625ac99ffc13ae0e18000150,25,1639502069,1639606469,9258488074656197,true,P3
medicalStore,625ac99ffc13ae0e1800015c,625ac99ffc13ae0e1800013b,16,1647546961,1647694561,4433778807251710,true,P4
medicalStore,625ac99ffc13ae0e18000142,625ac99ffc13ae0e18000140,29,1641101828,1641191828,1895754752255450,true,P3
medicalStore,625ac99ffc13ae0e1800015d,625ac99ffc13ae0e1800013b,20,1621464853,1621626853,3770396823130751,false,P3
medicalStore,625ac99ffc13ae0e1800015c,625ac99ffc13ae0e18000140,23,1623926794,1624027594,5442160166826809,true,P3
medicalStore,625ac99ffc13ae0e1800013d,625ac99ffc13ae0e18000139,12,1641301436,1641416636,7794957395494571,true,P4
medicalStore,625ac99ffc13ae0e18000137,625ac99ffc13ae0e18000139,18,1630619537,1630781537,5918668408401424,true,P4
medicalStore,625ac99ffc13ae0e18000152,625ac99ffc13ae0e18000150,28,1623312718,1623402718,1047408342538729,true,P3
medicalStore,625ac99ffc13ae0e18000142,625ac99ffc13ae0e18000130,19,1640622196,1640794996,2682985463723209,false,P2
medicalStore,625ac99ffc13ae0e18000152,625ac99ffc13ae0e18000139,28,1641055723,1641181723,9135706226627877,true,P3
medicalStore,625ac99ffc13ae0e1800015c,625ac99ffc13ae0e18000145,18,1626061664,1626158864,2163247037882498,true,P4
medicalStore,625ac99ffc13ae0e18000133,625ac99ffc13ae0e18000130,20,1639978377,1640143977,9639199624555560,true,P2
medicalStore,625ac99ffc13ae0e18000133,625ac99ffc13ae0e18000139,24,1632403504,1632504304,7385802397656422,false,P4
medicalStore,625ac99ffc13ae0e18000158,625ac99ffc13ae0e18000145,19,1648325785,1648494985,7184242853598435,false,P4
medicalStore,625ac99ffc13ae0e18000158,625ac99ffc13ae0e18000130,16,1648827098,1648960298,5878620431504455,true,P3
medicalStore,625ac99ffc13ae0e1800015c,625ac99ffc13ae0e18000130,20,1621206636,1621347036,7581963083443620,false,P3
medicalStore,625ac99ffc13ae0e18000133,625ac99ffc13ae0e18000150,22,1643630364,1643799564,9026935007795980,true,P4
medicalStore,625ac99ffc13ae0e18000137,625ac99ffc13ae0e18000139,21,1627675825,1627787425,4002523585717768,false,P2
medicalStore,625ac99ffc13ae0e1800015d,625ac99ffc13ae0e1800013b,18,1631204764,1631319964,3682270827176683,false,P3
medicalStore,625ac99ffc13ae0e18000158,625ac99ffc13ae0e18000139,18,1633001479,1633138279,4478510833846782,true,P4
medicalStore,625ac99ffc13ae0e18000142,625ac99ffc13ae0e18000150,30,1633351342,1633441342,6083109410620232,false,P3
medicalStore,625ac99ffc13ae0e18000133,625ac99ffc13ae0e18000139,12,1629144460,1629248860,7045058199808622,true,P2
medicalStore,625ac99ffc13ae0e18000152,625ac99ffc13ae0e18000130,15,1643069179,1643234779,9715803316178521,false,P4
medicalStore,625ac99ffc13ae0e18000142,625ac99ffc13ae0e18000140,19,1634311561,1634397961,6719302712797176,false,P2
medicalStore,625ac99ffc13ae0e18000151,625ac99ffc13ae0e18000150,11,1626243914,1626337514,8175461991617469,false,P2
medicalStore,625ac99ffc13ae0e18000144,625ac99ffc13ae0e18000150,20,1625251531,1625377531,5619946338347444,true,P4
medicalStore,625ac99ffc13ae0e18000137,625ac99ffc13ae0e18000150,29,1635345735,1635482535,4526858090927729,true,P4
medicalStore,625ac99ffc13ae0e18000142,625ac99ffc13ae0e18000139,17,1636469003,1636616603,4035927897171020,true,P2
medicalStore,625ac99ffc13ae0e1800013d,625ac99ffc13ae0e1800013b,15,1636834916,1637004116,5862877679540389,true,P4
medicalStore,625ac99ffc13ae0e18000137,625ac99ffc13ae0e18000145,21,1624941000,1625074200,8188766053230579,false,P2
medicalStore,625ac99ffc13ae0e1800013d,625ac99ffc13ae0e18000145,18,1632931922,1633036322,7759365617889894,false,P3
medicalStore,625ac99ffc13ae0e1800015d,625ac99ffc13ae0e18000145,14,1625203489,1625304289,7079253130391429,false,P4
medicalStore,625ac99ffc13ae0e1800015d,625ac99ffc13ae0e18000150,30,1623663379,1623756979,9081453771553583,true,P4
medicalStore,625ac99ffc13ae0e18000151,625ac99ffc13ae0e18000130,12,1636499612,1636589612,9437517456619046,true,P2
medicalStore,625ac99ffc13ae0e18000152,625ac99ffc13ae0e18000150,30,1648706376,1648832376,5317631483764776,false,P2
medicalStore,625ac99ffc13ae0e1800015c,625ac99ffc13ae0e18000130,10,1645190868,1645356468,7706260376050803,true,P3
medicalStore,625ac99ffc13ae0e18000142,625ac99ffc13ae0e18000145,25,1628178516,1628293716,9570596454710600,false,P3
medicalStore,625ac99ffc13ae0e1800013d,625ac99ffc13ae0e18000139,28,1626237344,1626406544,0820418572772670,true,P4
medicalStore,625ac99ffc13ae0e18000144,625ac99ffc13ae0e18000145,17,1623636732,1623723132,0301549965402449,false,P3
medicalStore,625ac99ffc13ae0e1800013d,625ac99ffc13ae0e18000150,19,1629622978,1629792178,4531182545762572,false,P3
medicalStore,625ac99ffc13ae0e18000137,625ac99ffc13ae0e18000140,25,1629680914,1629839314,0381422689067075,true,P2
medicalStore,625ac99ffc13ae0e1800015d,625ac99ffc13ae0e18000140,15,1636426801,1636545601,4051609391843010,true,P3
medicalStore,625ac99ffc13ae0e1800013d,625ac99ffc13ae0e18000145,22,1643591177,1643760377,7342531585915970,true,P2
medicalStore,625ac99ffc13ae0e1800015c,625ac99ffc13ae0e18000130,20,1628486537,1628608937,9993573848754249,true,P3
medicalStore,625ac99ffc13ae0e18000133,625ac99ffc13ae0e18000139,24,1632360440,1632446840,7458507494749680,true,P3
medicalStore,625ac99ffc13ae0e18000151,625ac99ffc13ae0e18000140,11,1629690423,1629802023,1186375503765293,true,P4
medicalStore,625ac99ffc13ae0e18000158,625ac99ffc13ae0e18000139,30,1639314177,1639476177,7039629745215672,false,P2
medicalStore,625ac99ffc13ae0e18000151,625ac99ffc13ae0e18000150,25,1643473503,1643635503,1340538333378847,false,P3
medicalStore,625ac99ffc13ae0e18000152,625ac99ffc13ae0e18000140,18,1634311561,1634401561,0993678048723663,true,P2
medicalStore,625ac99ffc13ae0e18000151,625ac99ffc13ae0e18000130,20,1629306998,1629468998,3728311444642821,false,P4
medicalStore,625ac99ffc13ae0e1800013d,625ac99ffc13ae0e1800013b,14,1635008118,1635130518,1491862650972267,true,P3
medicalStore,625ac99ffc13ae0e18000158,625ac99ffc13ae0e18000150,17,1649768120,1649858120,9656075136973090,false,P3
medicalStore,625ac99ffc13ae0e18000152,625ac99ffc13ae0e18000140,18,1634311561,1634462761,0511300343754042,true,P4
medicalStore,625ac99ffc13ae0e18000158,625ac99ffc13ae0e18000145,10,1641686655,1641773055,0891526182018262,true,P3
medicalStore,625ac99ffc13ae0e1800013d,625ac99ffc13ae0e18000140,15,1641522223,1641630223,8091349765522902,true,P2
medicalStore,625ac99ffc13ae0e18000158,625ac99ffc13ae0e18000130,15,1631931057,1632064257,5175252146199315,true,P3
medicalStore,625ac99ffc13ae0e18000152,625ac99ffc13ae0e1800013b,16,1623612979,1623731779,2700364250835659,false,P4
medicalStore,625ac99ffc13ae0e1800015d,625ac99ffc13ae0e18000150,30,1629706114,1629850114,2265854528340320,false,P4
medicalStore,625ac99ffc13ae0e18000133,625ac99ffc13ae0e18000140,19,1623931781,1624093781,2773318545020741,false,P3
medicalStore,625ac99ffc13ae0e18000137,625ac99ffc13ae0e18000130,12,1646045241,1646146041,8475853196462170,true,P4
medicalStore,625ac99ffc13ae0e18000144,625ac99ffc13ae0e18000145,29,1641077323,1641192523,0012356607060762,false,P4
medicalStore,625ac99ffc13ae0e1800015d,625ac99ffc13ae0e18000150,13,1628293121,1628465921,8701117485622402,false,P3
medicalStore,625ac99ffc13ae0e18000158,625ac99ffc13ae0e1800013b,19,1637052026,1637160026,6736459028927005,true,P2
medicalStore,625ac99ffc13ae0e1800013d,625ac99ffc13ae0e18000150,20,1635827077,1635942277,4160081431163253,true,P4
medicalStore,625ac99ffc13ae0e18000151,625ac99ffc13ae0e1800013b,16,1641601382,1641705782,7302814988690224,true,P2
medicalStore,625ac99ffc13ae0e18000152,625ac99ffc13ae0e18000150,18,1647863682,1648032882,7451248479732184,true,P2
medicalStore,625ac99ffc13ae0e18000151,625ac99ffc13ae0e18000130,24,1630031361,1630128561,1095842924171637,false,P2
medicalStore,625ac99ffc13ae0e1800013d,625ac99ffc13ae0e18000145,11,1629267401,1629422201,1752584931017761,false,P2
medicalStore,625ac99ffc13ae0e18000137,625ac99ffc13ae0e18000139,18,1626256457,1626375257,9303838329826900,false,P2
medicalStore,625ac99ffc13ae0e18000144,625ac99ffc13ae0e18000130,26,1646628587,1646722187,9870961389517155,true,P2
medicalStore,625ac99ffc13ae0e18000158,625ac99ffc13ae0e18000145,15,1623751641,1623877641,2334907318104657,false,P4
medicalStore,625ac99ffc13ae0e18000158,625ac99ffc13ae0e18000130,19,1629371798,1629504998,9407315561559219,true,P4
medicalStore,625ac99ffc13ae0e1800013d,625ac99ffc13ae0e1800013b,15,1625390746,1625527546,0656274226647389,false,P2
medicalStore,625ac99ffc13ae0e18000151,625ac99ffc13ae0e1800013b,17,1637924522,1638072122,9921074053701508,true,P3
medicalStore,625ac99ffc13ae0e18000142,625ac99ffc13ae0e18000150,25,1630400622,1630526622,2457782959142031,true,P4
medicalStore,625ac99ffc13ae0e18000151,625ac99ffc13ae0e18000140,25,1633841846,1633953446,1183318341984267,true,P3
medicalStore,625ac99ffc13ae0e18000133,625ac99ffc13ae0e18000140,12,1618878941,1619022941,6480305467929232,true,P3
medicalStore,625ac99ffc13ae0e18000144,625ac99ffc13ae0e18000130,26,1636499612,1636658012,4218296073756685,false,P2
medicalStore,625ac99ffc13ae0e18000137,625ac99ffc13ae0e1800013b,30,1628377505,1628510705,9330832822592673,false,P2
medicalStore,625ac99ffc13ae0e18000133,625ac99ffc13ae0e18000140,12,1630800325,1630944325,0406199206811697,true,P2
medicalStore,625ac99ffc13ae0e18000158,625ac99ffc13ae0e18000140,23,1637274217,1637375017,6524366574643421,true,P3
medicalStore,625ac99ffc13ae0e1800013d,625ac99ffc13ae0e1800013b,16,1627700347,1627855147,7409339711740330,true,P3
medicalStore,625ac99ffc13ae0e1800015d,625ac99ffc13ae0e18000150,23,1628817999,1628961999,0153194014367075,true,P4
medicalStore,625ac99ffc13ae0e18000137,625ac99ffc13ae0e18000130,29,1634905769,1634999369,1541911215789103,false,P4
medicalStore,625ac99ffc13ae0e18000151,625ac99ffc13ae0e18000139,29,1635370363,1635510763,0995936832587313,true,P2
medicalStore,625ac99ffc13ae0e18000133,625ac99ffc13ae0e1800013b,29,1647546961,1647665761,0887022800501766,false,P3
medicalStore,625ac99ffc13ae0e1800015c,625ac99ffc13ae0e18000145,21,1629267401,1629422201,4517808914695378,true,P3
medicalStore,625ac99ffc13ae0e1800013d,625ac99ffc13ae0e1800013b,22,1642687341,1642852941,4638965478502079,true,P4
medicalStore,625ac99ffc13ae0e18000152,625ac99ffc13ae0e18000145,18,1648205152,1648334752,3743533156066013,true,P4
medicalStore,625ac99ffc13ae0e18000158,625ac99ffc13ae0e18000139,20,1630099965,1630186365,8520059268017410,false,P3
medicalStore,625ac99ffc13ae0e18000151,625ac99ffc13ae0e1800013b,12,1625987802,1626149802,1321732629598538,false,P2
medicalStore,625ac99ffc13ae0e18000152,625ac99ffc13ae0e18000145,19,1628178516,1628286516,3894403939433312,true,P2
medicalStore,625ac99ffc13ae0e18000142,625ac99ffc13ae0e18000150,17,1631806228,1631971828,5125907936201935,true,P4
medicalStore,625ac99ffc13ae0e18000133,625ac99ffc13ae0e18000139,28,1627175018,1627265018,6739721580202700,false,P3
medicalStore,625ac99ffc13ae0e18000133,625ac99ffc13ae0e18000139,19,1623027103,1623145903,4280766039268257,true,P3
medicalStore,625ac99ffc13ae0e18000142,625ac99ffc13ae0e18000130,17,1629179960,1629327560,3923966893043737,false,P4
medicalStore,625ac99ffc13ae0e18000137,625ac99ffc13ae0e1800013b,23,1625987802,1626077802,9095418934633172,false,P4
medicalStore,625ac99ffc13ae0e18000133,625ac99ffc13ae0e18000140,25,1619083377,1619230977,4984124383215828,false,P4
medicalStore,625ac99ffc13ae0e18000158,625ac99ffc13ae0e18000140,28,1628564896,1628730496,1568880935012702,false,P4
medicalStore,625ac99ffc13ae0e18000142,625ac99ffc13ae0e18000139,21,1631788228,1631896228,4779501489905199,true,P2
medicalStore,625ac99ffc13ae0e1800015c,625ac99ffc13ae0e18000150,12,1622597379,1622730579,0657653988277440,false,P4
medicalStore,625ac99ffc13ae0e18000144,625ac99ffc13ae0e18000139,21,1633119561,1633274361,0359616872617550,true,P4
medicalStore,625ac99ffc13ae0e18000137,625ac99ffc13ae0e18000130,14,1638703166,1638868766,4197031113635542,false,P2
medicalStore,625ac99ffc13ae0e18000144,625ac99ffc13ae0e18000150,27,1632008072,1632180872,9204925566544921,true,P3
medicalStore,625ac99ffc13ae0e18000133,625ac99ffc13ae0e18000150,18,1625251531,1625363131,4546439913234493,false,P3
medicalStore,625ac99ffc13ae0e1800015d,625ac99ffc13ae0e18000140,11,1645657676,1645758476,3752558662736828,false,P4
medicalStore,625ac99ffc13ae0e18000151,625ac99ffc13ae0e18000140,29,1642624256,1642710656,1029867549864702,false,P4
medicalStore,625ac99ffc13ae0e18000152,625ac99ffc13ae0e18000150,11,1643881379,1644032579,9444777302756905,false,P2
medicalStore,625ac99ffc13ae0e18000151,625ac99ffc13ae0e18000139,29,1624372844,1624527644,6237222378035457,true,P4
medicalStore,625ac99ffc13ae0e1800015d,625ac99ffc13ae0e18000145,13,1626061664,1626198464,5001345135818721,false,P3
medicalStore,625ac99ffc13ae0e1800015d,625ac99ffc13ae0e18000145,15,1628044301,1628213501,1994491580489893,false,P4
medicalStore,625ac99ffc13ae0e1800015d,625ac99ffc13ae0e1800013b,30,1622633379,1622773779,2865536142668406,true,P4
medicalStore,625ac99ffc13ae0e18000152,625ac99ffc13ae0e18000150,21,1643881379,1644007379,9512291449031251,true,P4
medicalStore,625ac99ffc13ae0e18000133,625ac99ffc13ae0e18000140,12,1618878941,1619040941,9164223564371376,false,P2
medicalStore,625ac99ffc13ae0e18000133,625ac99ffc13ae0e18000130,19,1635027201,1635200001,3951130874079693,false,P2
medicalStore,625ac99ffc13ae0e18000144,625ac99ffc13ae0e18000130,17,1641708255,1641794655,0226458567412838,false,P4
medicalStore,625ac99ffc13ae0e18000133,625ac99ffc13ae0e18000140,15,1631974690,1632129490,2506277648307973,false,P3
medicalStore,625ac99ffc13ae0e18000158,625ac99ffc13ae0e18000140,12,1636094018,1636187618,4446234937265262,true,P4
medicalStore,625ac99ffc13ae0e18000144,625ac99ffc13ae0e18000139,16,1629144460,1629259660,4273960790062537,false,P3
medicalStore,625ac99ffc13ae0e18000158,625ac99ffc13ae0e18000145,12,1624650488,1624816088,3314630967449606,true,P2
medicalStore,625ac99ffc13ae0e18000133,625ac99ffc13ae0e18000145,16,1643591177,1643684777,5683286929160266,true,P3
medicalStore,625ac99ffc13ae0e1800015c,625ac99ffc13ae0e18000150,11,1633779941,1633866341,6420193000585417,true,P4
medicalStore,625ac99ffc13ae0e1800013d,625ac99ffc13ae0e18000140,13,1625361946,1625480746,4172162381592342,false,P4
medicalStore,625ac99ffc13ae0e18000152,625ac99ffc13ae0e18000139,27,1641137292,1641284892,9940514401054393,false,P2
medicalStore,625ac99ffc13ae0e18000152,625ac99ffc13ae0e18000140,13,1636094018,1636259618,6105725135706571,true,P3
medicalStore,625ac99ffc13ae0e18000151,625ac99ffc13ae0e18000139,18,1635583066,1635723466,5556712652615231,true,P2
medicalStore,625ac99ffc13ae0e18000137,625ac99ffc13ae0e18000140,30,1640627363,1640792963,1850719753521399,true,P3
medicalStore,625ac99ffc13ae0e18000158,625ac99ffc13ae0e18000140,20,1625361946,1625509546,9290465250523575,true,P4
medicalStore,625ac99ffc13ae0e18000133,625ac99ffc13ae0e18000140,19,1632295640,1632450440,7123352197150927,false,P4
medicalStore,625ac99ffc13ae0e18000152,625ac99ffc13ae0e18000139,25,1639534469,1639624469,0020753310048728,false,P4
medicalStore,625ac99ffc13ae0e18000142,625ac99ffc13ae0e18000139,24,1624372844,1624527644,2423496299771098,false,P4
medicalStore,625ac99ffc13ae0e18000158,625ac99ffc13ae0e18000150,19,1620466721,1620617921,5219289169860467,false,P3
medicalStore,625ac99ffc13ae0e1800015c,625ac99ffc13ae0e18000150,30,1622597379,1622726979,5318844964803129,true,P3
medicalStore,625ac99ffc13ae0e1800013d,625ac99ffc13ae0e1800013b,26,1626018282,1626173082,3782798088463789,true,P4
medicalStore,625ac99ffc13ae0e1800013d,625ac99ffc13ae0e18000130,23,1642588248,1642739448,1932969275777696,false,P2
medicalStore,625ac99ffc13ae0e1800015d,625ac99ffc13ae0e18000130,13,1640622196,1640751796,4886828831481907,false,P3
medicalStore,625ac99ffc13ae0e18000144,625ac99ffc13ae0e18000150,25,1619340717,1619488317,8551402809774386,true,P4
medicalStore,625ac99ffc13ae0e18000152,625ac99ffc13ae0e18000130,14,1631931057,1632096657,8280290024924824,true,P3
medicalStore,625ac99ffc13ae0e18000152,625ac99ffc13ae0e18000130,20,1630778725,1630890325,8540923103404651,false,P3
medicalStore,625ac99ffc13ae0e1800015c,625ac99ffc13ae0e18000140,18,1638924279,1639046679,8440678936198644,false,P2
medicalStore,625ac99ffc13ae0e18000133,625ac99ffc13ae0e18000130,21,1628606020,1628732020,8929762503217092,true,P4
medicalStore,625ac99ffc13ae0e18000137,625ac99ffc13ae0e18000145,17,1638925475,1639062275,2735067785491634,false,P4
medicalStore,625ac99ffc13ae0e18000152,625ac99ffc13ae0e18000150,15,1643881379,1644010979,2970835252337576,false,P3
medicalStore,625ac99ffc13ae0e18000137,625ac99ffc13ae0e18000150,27,1643881379,1643982179,3065253094598571,false,P4
medicalStore,625ac99ffc13ae0e18000151,625ac99ffc13ae0e18000130,30,1645826736,1645995936,1193548277387505,true,P3
medicalStore,625ac99ffc13ae0e1800015c,625ac99ffc13ae0e18000140,18,1632295640,1632403640,9375021166212647,true,P3
medicalStore,625ac99ffc13ae0e18000152,625ac99ffc13ae0e18000130,13,1647802482,1647914082,2901881941651726,true,P2
medicalStore,625ac99ffc13ae0e18000133,625ac99ffc13ae0e18000140,16,1633105161,1633241961,8730020196582164,false,P2
medicalStore,625ac99ffc13ae0e18000137,625ac99ffc13ae0e18000140,30,1623367454,1623453854,9426606656367107,true,P4
medicalStore,625ac99ffc13ae0e1800015d,625ac99ffc13ae0e18000139,28,1626256457,1626425657,3747603878718122,true,P3
medicalStore,625ac99ffc13ae0e1800015c,625ac99ffc13ae0e18000150,30,1620690124,1620801724,1480401471978772,false,P4
medicalStore,625ac99ffc13ae0e18000152,625ac99ffc13ae0e1800013b,11,1648740567,1648870167,7207648718588141,true,P3
medicalStore,625ac99ffc13ae0e18000151,625ac99ffc13ae0e18000130,30,1626204018,1626362418,9067323612388384,true,P4
medicalStore,625ac99ffc13ae0e18000137,625ac99ffc13ae0e18000139,26,1634292169,1634446969,2797532773954935,false,P3
medicalStore,625ac99ffc13ae0e18000144,625ac99ffc13ae0e18000145,20,1644908461,1645023661,4002742172837076,true,P2
medicalStore,625ac99ffc13ae0e18000158,625ac99ffc13ae0e18000145,22,1636910739,1637076339,4472673986597758,false,P3
medicalStore,625ac99ffc13ae0e18000158,625ac99ffc13ae0e1800013b,23,1622593953,1622701953,2184913076908826,false,P4
medicalStore,625ac99ffc13ae0e18000158,625ac99ffc13ae0e18000150,15,1629622978,1629770578,2970534800589858,false,P2
medicalStore,625ac99ffc13ae0e18000158,625ac99ffc13ae0e18000140,20,1641920676,1642025076,0914003179536276,false,P2
medicalStore,625ac99ffc13ae0e18000151,625ac99ffc13ae0e18000139,30,1626234857,1626324857,0566654242749292,false,P4
medicalStore,625ac99ffc13ae0e18000144,625ac99ffc13ae0e18000140,12,1643609177,1643778377,1123980336315165,true,P2
medicalStore,625ac99ffc13ae0e1800015c,625ac99ffc13ae0e18000130,14,1642793276,1642886876,1190490807125267,true,P4
medicalStore,625ac99ffc13ae0e18000151,625ac99ffc13ae0e18000140,12,1619172751,1619338351,7402433069983008,true,P2
medicalStore,625ac99ffc13ae0e18000133,625ac99ffc13ae0e18000140,18,1618728268,1618879468,9678703252433279,true,P2
medicalStore,625ac99ffc13ae0e18000137,625ac99ffc13ae0e1800013b,25,1636834916,1636960916,1142073311867517,true,P3
medicalStore,625ac99ffc13ae0e1800013d,625ac99ffc13ae0e18000139,11,1635608266,1635773866,1984114337882693,false,P2
medicalStore,625ac99ffc13ae0e18000151,625ac99ffc13ae0e18000150,16,1643881379,1643992979,3413039789937825,true,P2
medicalStore,625ac99ffc13ae0e18000137,625ac99ffc13ae0e18000140,22,1630074561,1630229361,8439762765995066,false,P2
medicalStore,625ac99ffc13ae0e18000152,625ac99ffc13ae0e18000139,20,1633063658,1633193258,5811538028532955,true,P3
medicalStore,625ac99ffc13ae0e1800013d,625ac99ffc13ae0e18000145,29,1647180286,1647277486,3996047722540033,false,P2
medicalStore,625ac99ffc13ae0e18000158,625ac99ffc13ae0e18000150,11,1639502069,1639642469,3611597343398462,true,P3
medicalStore,625ac99ffc13ae0e18000158,625ac99ffc13ae0e1800013b,28,1648318834,1648448434,9939432564681913,true,P3
medicalStore,625ac99ffc13ae0e18000158,625ac99ffc13ae0e18000145,10,1642511495,1642677095,2286937751440607,true,P3
medicalStore,625ac99ffc13ae0e18000144,625ac99ffc13ae0e1800013b,19,1636016731,1636153531,3638994146811144,false,P3
medicalStore,625ac99ffc13ae0e1800013d,625ac99ffc13ae0e18000139,16,1631788228,1631943028,7978835779977225,false,P4
medicalStore,625ac99ffc13ae0e1800013d,625ac99ffc13ae0e18000139,24,1633063658,1633196858,9303524899566532,false,P2
medicalStore,625ac99ffc13ae0e1800015c,625ac99ffc13ae0e18000140,23,1626284144,1626453344,1413596363263805,true,P3
medicalStore,625ac99ffc13ae0e18000144,625ac99ffc13ae0e18000139,11,1634292169,1634461369,9864255165406376,true,P2
medicalStore,625ac99ffc13ae0e1800013d,625ac99ffc13ae0e18000139,12,1635370363,1635525163,7860099405605994,true,P3
medicalStore,625ac99ffc13ae0e18000144,625ac99ffc13ae0e18000140,17,1641920676,1642079076,2160655456126363,false,P2
medicalStore,625ac99ffc13ae0e1800015c,625ac99ffc13ae0e18000130,24,1623681342,1623810942,7221796361492778,true,P3
medicalStore,625ac99ffc13ae0e18000158,625ac99ffc13ae0e18000150,13,1624615618,1624788418,4315095947961869,false,P3
medicalStore,625ac99ffc13ae0e1800015c,625ac99ffc13ae0e18000145,25,1644570770,1644667970,0649567455749874,false,P3
medicalStore,625ac99ffc13ae0e18000137,625ac99ffc13ae0e1800013b,12,1638943307,1639116107,8282420449337726,true,P3
medicalStore,625ac99ffc13ae0e18000151,625ac99ffc13ae0e18000139,14,1631996293,1632100693,3496362593108522,false,P3
medicalStore,625ac99ffc13ae0e18000133,625ac99ffc13ae0e18000145,23,1624650488,1624798088,3756851790606894,true,P4
medicalStore,625ac99ffc13ae0e18000152,625ac99ffc13ae0e18000145,23,1623636732,1623744732,0050607683259501,true,P2
medicalStore,625ac99ffc13ae0e18000137,625ac99ffc13ae0e18000130,14,1642561895,1642673495,7850433852665755,true,P3
medicalStore,625ac99ffc13ae0e1800015d,625ac99ffc13ae0e18000140,18,1636397923,1636559923,2097613119987028,false,P2
medicalStore,625ac99ffc13ae0e18000144,625ac99ffc13ae0e18000150,19,1643630364,1643727564,2091409610482515,true,P3
medicalStore,625ac99ffc13ae0e18000158,625ac99ffc13ae0e18000140,10,1630177379,1630270979,2134162560544733,false,P3
medicalStore,625ac99ffc13ae0e18000144,625ac99ffc13ae0e18000140,30,1624308541,1624445341,8473301332386081,true,P4
medicalStore,625ac99ffc13ae0e1800015d,625ac99ffc13ae0e18000140,12,1628388305,1628528705,6667062286443320,true,P2
medicalStore,625ac99ffc13ae0e18000152,625ac99ffc13ae0e18000150,29,1640179727,1640291327,7803232682167791,false,P2
medicalStore,625ac99ffc13ae0e18000158,625ac99ffc13ae0e18000139,21,1648190752,1648277152,3162869127212209,true,P4
medicalStore,625ac99ffc13ae0e1800015d,625ac99ffc13ae0e18000145,11,1633545738,1633642938,7544819613761561,false,P3
medicalStore,625ac99ffc13ae0e18000133,625ac99ffc13ae0e18000130,13,1619326317,1619419917,0827057535105420,true,P3
medicalStore,625ac99ffc13ae0e1800015c,625ac99ffc13ae0e1800013b,12,1647540016,1647626416,7941518660241523,true,P3
medicalStore,625ac99ffc13ae0e18000137,625ac99ffc13ae0e18000130,27,1641474587,1641614987,6875941754434976,true,P4
medicalStore,625ac99ffc13ae0e1800013d,625ac99ffc13ae0e18000130,28,1621206636,1621307436,8390713382801176,false,P3
medicalStore,625ac99ffc13ae0e18000158,625ac99ffc13ae0e18000150,14,1649768120,1649879720,1041080612747151,true,P2
medicalStore,625ac99ffc13ae0e1800013d,625ac99ffc13ae0e18000140,18,1630177379,1630332179,4697210271954897,true,P3
medicalStore,625ac99ffc13ae0e18000152,625ac99ffc13ae0e18000150,29,1640179727,1640327327,6399491896403293,true,P4
medicalStore,625ac99ffc13ae0e18000158,625ac99ffc13ae0e18000150,25,1627097398,1627266598,4202864684548592,false,P4
medicalStore,625ac99ffc13ae0e1800013d,625ac99ffc13ae0e18000130,29,1630031361,1630150161,9897459792869722,false,P2
medicalStore,625ac99ffc13ae0e18000142,625ac99ffc13ae0e18000150,15,1637260474,1637368474,9666925632757919,false,P3
medicalStore,625ac99ffc13ae0e18000144,625ac99ffc13ae0e18000139,22,1622651553,1622781153,0621865746207265,false,P4
medicalStore,625ac99ffc13ae0e18000144,625ac99ffc13ae0e1800013b,11,1649775320,1649915720,2597408857186091,false,P2
medicalStore,625ac99ffc13ae0e1800013d,625ac99ffc13ae0e18000150,26,1628293121,1628415521,8410242597621275,false,P4
medicalStore,625ac99ffc13ae0e18000142,625ac99ffc13ae0e1800013b,19,1636834916,1636968116,4395128722197003,false,P4
medicalStore,625ac99ffc13ae0e18000137,625ac99ffc13ae0e18000139,14,1641137292,1641270492,7387214344281819,true,P3
medicalStore,625ac99ffc13ae0e18000158,625ac99ffc13ae0e18000150,13,1631211305,1631376905,7370213436292348,false,P4
medicalStore,625ac99ffc13ae0e18000144,625ac99ffc13ae0e18000130,28,1623438418,1623582418,6945893569499349,false,P4
medicalStore,625ac99ffc13ae0e18000151,625ac99ffc13ae0e18000139,14,1648190752,1648284352,7279403052770003,false,P2
medicalStore,625ac99ffc13ae0e18000133,625ac99ffc13ae0e18000139,11,1633367960,1633486760,2574370342292867,true,P3
medicalStore,625ac99ffc13ae0e1800013d,625ac99ffc13ae0e1800013b,14,1626861751,1626998551,6001074376473998,true,P2
medicalStore,625ac99ffc13ae0e18000142,625ac99ffc13ae0e1800013b,30,1625390746,1625523946,0341319972290459,true,P3
medicalStore,625ac99ffc13ae0e18000137,625ac99ffc13ae0e18000139,21,1642887302,1642998902,8487588299244545,true,P2
medicalStore,625ac99ffc13ae0e18000151,625ac99ffc13ae0e18000150,28,1649731892,1649836292,9508791342525227,false,P4
medicalStore,625ac99ffc13ae0e18000142,625ac99ffc13ae0e18000145,22,1624650488,1624772888,5022746853407582,false,P2
medicalStore,625ac99ffc13ae0e1800013d,625ac99ffc13ae0e18000130,13,1639414789,1639547989,1192938720208212,true,P3
medicalStore,625ac99ffc13ae0e18000158,625ac99ffc13ae0e1800013b,20,1626861751,1626958951,2100535835695434,true,P3
medicalStore,625ac99ffc13ae0e18000133,625ac99ffc13ae0e18000130,14,1641879646,1642027246,5085610683748115,true,P2
medicalStore,625ac99ffc13ae0e1800015c,625ac99ffc13ae0e18000140,17,1643542028,1643635628,0097232923235786,true,P3
medicalStore,625ac99ffc13ae0e1800015c,625ac99ffc13ae0e1800013b,14,1628250516,1628336916,1822246454448407,true,P3
medicalStore,625ac99ffc13ae0e18000158,625ac99ffc13ae0e18000139,12,1627675825,1627787425,0485636844937678,true,P2
medicalStore,625ac99ffc13ae0e1800015c,625ac99ffc13ae0e18000145,28,1636910739,1637033139,2041604647187358,true,P3
medicalStore,625ac99ffc13ae0e1800013d,625ac99ffc13ae0e18000145,17,1625024233,1625128633,4271295422303412,false,P2
medicalStore,625ac99ffc13ae0e18000158,625ac99ffc13ae0e18000145,22,1648870298,1649003498,3502321573935640,true,P2
medicalStore,625ac99ffc13ae0e18000158,625ac99ffc13ae0e18000140,29,1643542028,1643653628,0182898753651908,false,P4
medicalStore,625ac99ffc13ae0e1800013d,625ac99ffc13ae0e18000150,18,1619219551,1619367151,9562525673271113,false,P3
medicalStore,625ac99ffc13ae0e18000137,625ac99ffc13ae0e18000145,11,1622974619,1623143819,5112870715805166,false,P4
medicalStore,625ac99ffc13ae0e18000133,625ac99ffc13ae0e18000139,28,1623367454,1623525854,1404536046293791,false,P2
medicalStore,625ac99ffc13ae0e1800013d,625ac99ffc13ae0e18000139,24,1641507823,1641637423,1736513692157498,true,P4
medicalStore,625ac99ffc13ae0e18000152,625ac99ffc13ae0e18000140,19,1618917886,1619007886,1220379431846642,true,P3
medicalStore,625ac99ffc13ae0e18000152,625ac99ffc13ae0e1800013b,21,1636834916,1636996916,7894145965191710,true,P3
medicalStore,625ac99ffc13ae0e18000158,625ac99ffc13ae0e18000140,13,1648223152,1648370752,3378305327694688,false,P2
medicalStore,625ac99ffc13ae0e18000158,625ac99ffc13ae0e18000130,20,1634721878,1634873078,7317091898966486,false,P4
medicalStore,625ac99ffc13ae0e18000158,625ac99ffc13ae0e18000150,13,1648859498,1649003498,6741935343207564,false,P3
medicalStore,625ac99ffc13ae0e18000137,625ac99ffc13ae0e18000140,30,1648223152,1648352752,1805949406832451,true,P4
medicalStore,625ac99ffc13ae0e18000133,625ac99ffc13ae0e18000150,20,1620466721,1620632321,4345785782802463,true,P4
medicalStore,625ac99ffc13ae0e18000144,625ac99ffc13ae0e18000130,21,1630826434,1630974034,8631866459608227,false,P4
medicalStore,625ac99ffc13ae0e1800015c,625ac99ffc13ae0e18000140,19,1641493423,1641648223,5981232398619243,false,P3
medicalStore,625ac99ffc13ae0e18000152,625ac99ffc13ae0e18000139,26,1642887302,1642977302,3827029377523705,false,P4
medicalStore,625ac99ffc13ae0e18000142,625ac99ffc13ae0e18000145,16,1623155559,1623277959,9726959356649676,false,P4
medicalStore,625ac99ffc13ae0e18000133,625ac99ffc13ae0e18000130,10,1626255344,1626395744,4334417842529894,false,P3
medicalStore,625ac99ffc13ae0e18000144,625ac99ffc13ae0e18000145,22,1641729855,1641852255,3053103214461032,false,P2
medicalStore,625ac99ffc13ae0e18000158,625ac99ffc13ae0e18000140,28,1630177379,1630317779,4607246778200366,false,P4
medicalStore,625ac99ffc13ae0e18000142,625ac99ffc13ae0e18000145,21,1628368721,1628473121,6328125462845949,true,P3
medicalStore,625ac99ffc13ae0e18000137,625ac99ffc13ae0e18000130,22,1620055008,1620159408,5185898150331287,true,P4
medicalStore,625ac99ffc13ae0e18000151,625ac99ffc13ae0e1800013b,18,1628377505,1628467505,0256085147047502,true,P2
medicalStore,625ac99ffc13ae0e18000133,625ac99ffc13ae0e18000140,19,1648854219,1648987419,8803223329786006,false,P3
medicalStore,625ac99ffc13ae0e1800013d,625ac99ffc13ae0e18000130,14,1646628587,1646750987,9700634164068877,false,P2
medicalStore,625ac99ffc13ae0e18000158,625ac99ffc13ae0e18000139,27,1645593119,1645765919,6092197747353534,true,P4
medicalStore,625ac99ffc13ae0e1800015d,625ac99ffc13ae0e18000150,13,1623663379,1623774979,3895526014309860,false,P3
medicalStore,625ac99ffc13ae0e18000158,625ac99ffc13ae0e18000150,25,1621113049,1621224649,7318496745888519,false,P4
medicalStore,625ac99ffc13ae0e18000137,625ac99ffc13ae0e18000130,25,1623681342,1623821742,4402294855747624,false,P3
medicalStore,625ac99ffc13ae0e18000133,625ac99ffc13ae0e18000150,10,1635827077,1635967477,3422678219562409,false,P4
medicalStore,625ac99ffc13ae0e1800015c,625ac99ffc13ae0e18000150,21,1642723341,1642856541,6768922486063610,true,P4
medicalStore,625ac99ffc13ae0e18000133,625ac99ffc13ae0e1800013b,19,1645639676,1645805276,3566193577176932,false,P3
medicalStore,625ac99ffc13ae0e18000158,625ac99ffc13ae0e18000130,19,1635870677,1636018277,7291004928350058,false,P4
medicalStore,625ac99ffc13ae0e18000152,625ac99ffc13ae0e18000150,14,1627397868,1627487868,2795409400414850,false,P4
medicalStore,625ac99ffc13ae0e18000137,625ac99ffc13ae0e1800013b,20,1625390746,1625523946,5254787955016163,true,P2
medicalStore,625ac99ffc13ae0e18000158,625ac99ffc13ae0e1800013b,27,1649746520,1649840120,2292548469425058,true,P3
medicalStore,625ac99ffc13ae0e18000151,625ac99ffc13ae0e18000145,11,1643591177,1643749577,8970248538652238,true,P2
medicalStore,625ac99ffc13ae0e18000133,625ac99ffc13ae0e1800013b,27,1649905659,1650046059,0984386620388832,true,P3
medicalStore,625ac99ffc13ae0e1800013d,625ac99ffc13ae0e18000145,19,1623155559,1623281559,4390031077003065,false,P4
medicalStore,625ac99ffc13ae0e18000158,625ac99ffc13ae0e18000130,14,1639538973,1639708173,8483243548253739,true,P4
medicalStore,625ac99ffc13ae0e18000144,625ac99ffc13ae0e1800013b,27,1644402463,1644488863,4130538122304952,false,P2
medicalStore,625ac99ffc13ae0e18000158,625ac99ffc13ae0e18000150,12,1633351342,1633516942,1414291802060660,false,P2
medicalStore,625ac99ffc13ae0e18000151,625ac99ffc13ae0e18000130,16,1645826736,1645938336,4340691209842029,false,P3
medicalStore,625ac99ffc13ae0e18000151,625ac99ffc13ae0e1800013b,16,1628817999,1628925999,5211643730469370,true,P2
medicalStore,625ac99ffc13ae0e1800015d,625ac99ffc13ae0e1800013b,19,1629728751,1629890751,2649746644240798,false,P2
medicalStore,625ac99ffc13ae0e18000152,625ac99ffc13ae0e18000150,28,1637260474,1637411674,9206078317140152,false,P2
medicalStore,625ac99ffc13ae0e1800015d,625ac99ffc13ae0e18000150,13,1626243914,1626380714,4922161404128266,false,P2
medicalStore,625ac99ffc13ae0e18000152,625ac99ffc13ae0e18000130,12,1623438418,1623596818,7101176691547181,false,P2
medicalStore,625ac99ffc13ae0e18000152,625ac99ffc13ae0e18000130,23,1648827098,1648978298,9227202293429751,false,P3
medicalStore,625ac99ffc13ae0e18000137,625ac99ffc13ae0e18000145,21,1633700198,1633865798,7973102193546138,true,P4
medicalStore,625ac99ffc13ae0e18000151,625ac99ffc13ae0e18000140,13,1618917886,1619015086,3945289445343061,true,P3
medicalStore,625ac99ffc13ae0e18000133,625ac99ffc13ae0e1800013b,14,1630541576,1630714376,9357229711593934,true,P2
medicalStore,625ac99ffc13ae0e1800015c,625ac99ffc13ae0e1800013b,30,1625761555,1625927155,0260898136636316,false,P2
medicalStore,625ac99ffc13ae0e18000152,625ac99ffc13ae0e18000139,18,1627132653,1627262253,9158146763462060,true,P4
medicalStore,625ac99ffc13ae0e18000133,625ac99ffc13ae0e18000150,23,1636521355,1636686955,3176428074428627,true,P4
medicalStore,625ac99ffc13ae0e1800015d,625ac99ffc13ae0e18000140,15,1637708726,1637870726,3954079237334743,true,P3
medicalStore,625ac99ffc13ae0e18000137,625ac99ffc13ae0e18000145,29,1624941000,1625067000,1093683932308650,true,P4
medicalStore,625ac99ffc13ae0e1800013d,625ac99ffc13ae0e18000150,26,1628817999,1628940399,9612745075080666,true,P2
medicalStore,625ac99ffc13ae0e18000151,625ac99ffc13ae0e18000139,14,1627617547,1627711147,1339639372393451,false,P4
medicalStore,625ac99ffc13ae0e18000152,625ac99ffc13ae0e1800013b,16,1648672508,1648812908,1292650622873225,false,P4
medicalStore,625ac99ffc13ae0e18000158,625ac99ffc13ae0e18000150,20,1641869329,1642009729,6881096430997060,true,P4
medicalStore,625ac99ffc13ae0e1800015c,625ac99ffc13ae0e1800013b,17,1648672508,1648769708,5611659835271727,false,P2
