medicalStoreID, quantitySold, testTime, sellingTime, prescription
625ac99ffc13ae0e18000142,16,1641686655,1641751455,http://dummyimage.com/162x100.png/dddddd/000000
625ac99ffc13ae0e1800015d,30,1623931781,1623978581,http://dummyimage.com/171x100.png/5fa2dd/ffffff
625ac99ffc13ae0e1800013d,16,1628486537,1628536937,http://dummyimage.com/228x100.png/5fa2dd/ffffff
625ac99ffc13ae0e18000137,21,1637563805,1637610605,http://dummyimage.com/225x100.png/dddddd/000000
625ac99ffc13ae0e18000133,19,1635345735,1635406935,http://dummyimage.com/188x100.png/dddddd/000000
625ac99ffc13ae0e1800013d,15,1640622196,1640694196,http://dummyimage.com/223x100.png/dddddd/000000
625ac99ffc13ae0e18000142,16,1626251744,1626323744,http://dummyimage.com/142x100.png/5fa2dd/ffffff
625ac99ffc13ae0e1800015d,16,1629728751,1629797151,http://dummyimage.com/115x100.png/5fa2dd/ffffff
625ac99ffc13ae0e18000151,14,1642588248,1642649448,http://dummyimage.com/146x100.png/ff4444/ffffff
625ac99ffc13ae0e18000137,25,1633351342,1633412542,http://dummyimage.com/100x100.png/cc0000/ffffff
625ac99ffc13ae0e18000137,10,1623607932,1623658332,http://dummyimage.com/101x100.png/ff4444/ffffff
625ac99ffc13ae0e18000144,20,1644541325,1644624125,http://dummyimage.com/161x100.png/cc0000/ffffff
625ac99ffc13ae0e1800015c,17,1627132653,1627190253,http://dummyimage.com/214x100.png/cc0000/ffffff
625ac99ffc13ae0e1800015d,25,1622974619,1623039419,http://dummyimage.com/170x100.png/ff4444/ffffff
625ac99ffc13ae0e18000133,22,1643377397,1643452997,http://dummyimage.com/187x100.png/cc0000/ffffff
625ac99ffc13ae0e18000133,12,1628388305,1628442305,http://dummyimage.com/149x100.png/5fa2dd/ffffff
625ac99ffc13ae0e18000158,14,1629113484,1629171084,http://dummyimage.com/199x100.png/5fa2dd/ffffff
625ac99ffc13ae0e18000152,18,1626256457,1626321257,http://dummyimage.com/167x100.png/cc0000/ffffff
625ac99ffc13ae0e18000137,14,1636397923,1636462723,http://dummyimage.com/149x100.png/5fa2dd/ffffff
625ac99ffc13ae0e18000144,17,1630186538,1630233338,http://dummyimage.com/130x100.png/5fa2dd/ffffff
625ac99ffc13ae0e1800015c,15,1633826741,1633880741,http://dummyimage.com/149x100.png/cc0000/ffffff
625ac99ffc13ae0e1800015d,23,1649905659,1649988459,http://dummyimage.com/148x100.png/dddddd/000000
625ac99ffc13ae0e18000144,27,1640248675,1640306275,http://dummyimage.com/129x100.png/5fa2dd/ffffff
625ac99ffc13ae0e18000137,21,1622974619,1623017819,http://dummyimage.com/221x100.png/ff4444/ffffff
625ac99ffc13ae0e18000152,30,1629622978,1629705778,http://dummyimage.com/167x100.png/ff4444/ffffff
625ac99ffc13ae0e18000151,15,1650174713,1650250313,http://dummyimage.com/223x100.png/5fa2dd/ffffff
625ac99ffc13ae0e18000152,18,1647546961,1647597361,http://dummyimage.com/111x100.png/5fa2dd/ffffff
625ac99ffc13ae0e18000158,11,1643076379,1643126779,http://dummyimage.com/178x100.png/ff4444/ffffff
625ac99ffc13ae0e18000158,29,1634863665,1634942865,http://dummyimage.com/141x100.png/dddddd/000000
625ac99ffc13ae0e18000144,11,1634854583,1634904983,http://dummyimage.com/184x100.png/cc0000/ffffff
625ac99ffc13ae0e18000142,28,1648706376,1648756776,http://dummyimage.com/107x100.png/5fa2dd/ffffff
625ac99ffc13ae0e18000144,16,1630074561,1630139361,http://dummyimage.com/117x100.png/5fa2dd/ffffff
625ac99ffc13ae0e18000133,24,1620504091,1620586891,http://dummyimage.com/229x100.png/ff4444/ffffff
625ac99ffc13ae0e1800013d,13,1645593119,1645654319,http://dummyimage.com/245x100.png/ff4444/ffffff
625ac99ffc13ae0e18000158,28,1628486537,1628544137,http://dummyimage.com/112x100.png/5fa2dd/ffffff
625ac99ffc13ae0e18000137,13,1630074561,1630153761,http://dummyimage.com/143x100.png/ff4444/ffffff
625ac99ffc13ae0e1800015d,13,1627617547,1627696747,http://dummyimage.com/235x100.png/ff4444/ffffff
625ac99ffc13ae0e1800013d,19,1638960279,1639032279,http://dummyimage.com/138x100.png/dddddd/000000
625ac99ffc13ae0e18000152,16,1644639444,1644697044,http://dummyimage.com/198x100.png/5fa2dd/ffffff
625ac99ffc13ae0e18000151,18,1626861751,1626919351,http://dummyimage.com/189x100.png/5fa2dd/ffffff
625ac99ffc13ae0e18000142,19,1622608423,1622669623,http://dummyimage.com/228x100.png/ff4444/ffffff
625ac99ffc13ae0e18000137,21,1645632719,1645701119,http://dummyimage.com/171x100.png/cc0000/ffffff
625ac99ffc13ae0e18000133,25,1639464912,1639526112,http://dummyimage.com/222x100.png/5fa2dd/ffffff
625ac99ffc13ae0e1800015c,27,1630826434,1630880434,http://dummyimage.com/229x100.png/dddddd/000000
625ac99ffc13ae0e18000144,14,1641872446,1641922846,http://dummyimage.com/125x100.png/dddddd/000000
625ac99ffc13ae0e18000133,11,1624126115,1624205315,http://dummyimage.com/221x100.png/5fa2dd/ffffff
625ac99ffc13ae0e1800015d,17,1641507823,1641569023,http://dummyimage.com/165x100.png/dddddd/000000
625ac99ffc13ae0e1800013d,23,1631996293,1632068293,http://dummyimage.com/207x100.png/cc0000/ffffff
625ac99ffc13ae0e18000137,14,1621464853,1621522453,http://dummyimage.com/112x100.png/cc0000/ffffff
625ac99ffc13ae0e1800015d,19,1633841846,1633892246,http://dummyimage.com/190x100.png/5fa2dd/ffffff
625ac99ffc13ae0e18000133,12,1628044301,1628116301,http://dummyimage.com/173x100.png/dddddd/000000
625ac99ffc13ae0e18000133,25,1643069179,1643148379,http://dummyimage.com/167x100.png/5fa2dd/ffffff
625ac99ffc13ae0e18000133,10,1637274217,1637346217,http://dummyimage.com/220x100.png/dddddd/000000
625ac99ffc13ae0e18000144,16,1620708124,1620758524,http://dummyimage.com/126x100.png/ff4444/ffffff
625ac99ffc13ae0e18000133,19,1624148234,1624198634,http://dummyimage.com/184x100.png/dddddd/000000
625ac99ffc13ae0e18000158,17,1621461253,1621508053,http://dummyimage.com/186x100.png/ff4444/ffffff
625ac99ffc13ae0e1800015c,23,1630612337,1630691537,http://dummyimage.com/239x100.png/cc0000/ffffff
625ac99ffc13ae0e1800013d,23,1635615466,1635694666,http://dummyimage.com/136x100.png/5fa2dd/ffffff
625ac99ffc13ae0e18000133,29,1641879646,1641930046,http://dummyimage.com/176x100.png/5fa2dd/ffffff
625ac99ffc13ae0e18000151,22,1634257842,1634329842,http://dummyimage.com/200x100.png/cc0000/ffffff
625ac99ffc13ae0e1800015c,18,1650028555,1650104155,http://dummyimage.com/198x100.png/ff4444/ffffff
625ac99ffc13ae0e18000142,27,1635615466,1635691066,http://dummyimage.com/176x100.png/5fa2dd/ffffff
625ac99ffc13ae0e18000142,30,1621113049,1621159849,http://dummyimage.com/120x100.png/dddddd/000000
625ac99ffc13ae0e1800013d,17,1648924501,1648967701,http://dummyimage.com/225x100.png/5fa2dd/ffffff
625ac99ffc13ae0e18000142,12,1639314177,1639368177,http://dummyimage.com/220x100.png/cc0000/ffffff
625ac99ffc13ae0e1800015d,23,1631931057,1631981457,http://dummyimage.com/114x100.png/cc0000/ffffff
625ac99ffc13ae0e1800013d,19,1631996293,1632079093,http://dummyimage.com/104x100.png/cc0000/ffffff
625ac99ffc13ae0e18000158,23,1641729855,1641809055,http://dummyimage.com/211x100.png/cc0000/ffffff
625ac99ffc13ae0e18000152,30,1641223549,1641273949,http://dummyimage.com/223x100.png/ff4444/ffffff
625ac99ffc13ae0e18000144,27,1621206636,1621271436,http://dummyimage.com/195x100.png/ff4444/ffffff
625ac99ffc13ae0e18000152,11,1638090004,1638147604,http://dummyimage.com/217x100.png/cc0000/ffffff
625ac99ffc13ae0e18000142,22,1646879516,1646944316,http://dummyimage.com/141x100.png/cc0000/ffffff
625ac99ffc13ae0e1800015d,20,1623607932,1623661932,http://dummyimage.com/138x100.png/cc0000/ffffff
625ac99ffc13ae0e1800015c,25,1630800325,1630872325,http://dummyimage.com/192x100.png/cc0000/ffffff
625ac99ffc13ae0e1800015c,18,1625987802,1626049002,http://dummyimage.com/162x100.png/ff4444/ffffff
625ac99ffc13ae0e18000152,24,1641888725,1641964325,http://dummyimage.com/232x100.png/ff4444/ffffff
625ac99ffc13ae0e18000144,18,1629622978,1629684178,http://dummyimage.com/188x100.png/ff4444/ffffff
625ac99ffc13ae0e18000158,12,1630031361,1630074561,http://dummyimage.com/181x100.png/5fa2dd/ffffff
625ac99ffc13ae0e1800015d,14,1633331960,1633382360,http://dummyimage.com/224x100.png/ff4444/ffffff
625ac99ffc13ae0e18000152,29,1641791648,1641863648,http://dummyimage.com/218x100.png/ff4444/ffffff
625ac99ffc13ae0e18000152,10,1644380863,1644434863,http://dummyimage.com/103x100.png/5fa2dd/ffffff
625ac99ffc13ae0e1800015c,23,1624373341,1624427341,http://dummyimage.com/146x100.png/5fa2dd/ffffff
625ac99ffc13ae0e18000151,13,1645632719,1645715519,http://dummyimage.com/152x100.png/5fa2dd/ffffff
625ac99ffc13ae0e1800013d,29,1633777046,1633831046,http://dummyimage.com/103x100.png/dddddd/000000
625ac99ffc13ae0e18000151,23,1649334557,1649395757,http://dummyimage.com/149x100.png/cc0000/ffffff
625ac99ffc13ae0e1800015d,22,1632019325,1632069725,http://dummyimage.com/113x100.png/cc0000/ffffff
625ac99ffc13ae0e1800015d,26,1625761555,1625826355,http://dummyimage.com/226x100.png/cc0000/ffffff
625ac99ffc13ae0e18000151,21,1632230511,1632313311,http://dummyimage.com/184x100.png/cc0000/ffffff
625ac99ffc13ae0e18000151,21,1643491503,1643570703,http://dummyimage.com/116x100.png/ff4444/ffffff
625ac99ffc13ae0e18000142,13,1634311561,1634390761,http://dummyimage.com/128x100.png/cc0000/ffffff
625ac99ffc13ae0e1800013d,26,1628388305,1628431505,http://dummyimage.com/158x100.png/5fa2dd/ffffff
625ac99ffc13ae0e18000158,25,1647536416,1647583216,http://dummyimage.com/180x100.png/ff4444/ffffff
625ac99ffc13ae0e1800013d,18,1641474587,1641539387,http://dummyimage.com/188x100.png/ff4444/ffffff
625ac99ffc13ae0e1800013d,29,1623438418,1623499618,http://dummyimage.com/131x100.png/ff4444/ffffff
625ac99ffc13ae0e18000158,30,1624373341,1624445341,http://dummyimage.com/161x100.png/5fa2dd/ffffff
625ac99ffc13ae0e18000151,17,1626061664,1626126464,http://dummyimage.com/143x100.png/5fa2dd/ffffff
625ac99ffc13ae0e18000151,30,1623640773,1623716373,http://dummyimage.com/206x100.png/ff4444/ffffff
625ac99ffc13ae0e18000137,26,1647540016,1647594016,http://dummyimage.com/214x100.png/cc0000/ffffff
625ac99ffc13ae0e18000142,21,1626018282,1626086682,http://dummyimage.com/228x100.png/dddddd/000000
625ac99ffc13ae0e18000142,15,1627290492,1627344492,http://dummyimage.com/104x100.png/5fa2dd/ffffff
625ac99ffc13ae0e1800015c,19,1647546961,1647615361,http://dummyimage.com/123x100.png/ff4444/ffffff
625ac99ffc13ae0e1800015d,24,1648971861,1649033061,http://dummyimage.com/210x100.png/dddddd/000000
625ac99ffc13ae0e18000137,15,1623931781,1623996581,http://dummyimage.com/123x100.png/dddddd/000000
625ac99ffc13ae0e18000142,16,1643491503,1643538303,http://dummyimage.com/131x100.png/cc0000/ffffff
625ac99ffc13ae0e1800013d,29,1632939122,1633011122,http://dummyimage.com/168x100.png/dddddd/000000
625ac99ffc13ae0e1800015d,24,1641888725,1641949925,http://dummyimage.com/120x100.png/dddddd/000000
625ac99ffc13ae0e1800013d,28,1629371798,1629443798,http://dummyimage.com/236x100.png/ff4444/ffffff
625ac99ffc13ae0e18000158,19,1618904091,1618979691,http://dummyimage.com/148x100.png/5fa2dd/ffffff
625ac99ffc13ae0e18000158,30,1634571259,1634643259,http://dummyimage.com/144x100.png/cc0000/ffffff
625ac99ffc13ae0e18000144,23,1626963598,1627039198,http://dummyimage.com/165x100.png/ff4444/ffffff
625ac99ffc13ae0e18000142,27,1635006344,1635085544,http://dummyimage.com/164x100.png/5fa2dd/ffffff
625ac99ffc13ae0e18000144,20,1633331960,1633407560,http://dummyimage.com/221x100.png/ff4444/ffffff
625ac99ffc13ae0e18000133,17,1623926794,1623998794,http://dummyimage.com/242x100.png/5fa2dd/ffffff
625ac99ffc13ae0e18000144,21,1641266749,1641320749,http://dummyimage.com/129x100.png/5fa2dd/ffffff
625ac99ffc13ae0e1800015c,18,1619340717,1619401917,http://dummyimage.com/131x100.png/dddddd/000000
625ac99ffc13ae0e18000144,19,1641693855,1641758655,http://dummyimage.com/114x100.png/dddddd/000000
625ac99ffc13ae0e18000137,28,1629285902,1629357902,http://dummyimage.com/140x100.png/cc0000/ffffff
625ac99ffc13ae0e1800013d,19,1641920676,1641974676,http://dummyimage.com/197x100.png/dddddd/000000
625ac99ffc13ae0e1800015d,29,1649905659,1649952459,http://dummyimage.com/237x100.png/ff4444/ffffff
625ac99ffc13ae0e1800015d,17,1630092765,1630150365,http://dummyimage.com/215x100.png/dddddd/000000
625ac99ffc13ae0e18000151,15,1646581787,1646639387,http://dummyimage.com/210x100.png/5fa2dd/ffffff
625ac99ffc13ae0e18000133,29,1639534469,1639588469,http://dummyimage.com/163x100.png/ff4444/ffffff
625ac99ffc13ae0e18000137,20,1628388305,1628435105,http://dummyimage.com/188x100.png/cc0000/ffffff
625ac99ffc13ae0e1800015c,29,1628293121,1628375921,http://dummyimage.com/170x100.png/5fa2dd/ffffff
625ac99ffc13ae0e18000152,29,1642588248,1642638648,http://dummyimage.com/233x100.png/dddddd/000000
625ac99ffc13ae0e1800013d,13,1632008072,1632072872,http://dummyimage.com/154x100.png/ff4444/ffffff
625ac99ffc13ae0e18000151,30,1635273735,1635352935,http://dummyimage.com/148x100.png/5fa2dd/ffffff
625ac99ffc13ae0e18000152,15,1627675825,1627719025,http://dummyimage.com/107x100.png/ff4444/ffffff
625ac99ffc13ae0e18000133,24,1643076379,1643119579,http://dummyimage.com/213x100.png/ff4444/ffffff
625ac99ffc13ae0e18000144,29,1626061664,1626108464,http://dummyimage.com/188x100.png/dddddd/000000
625ac99ffc13ae0e18000158,15,1631974690,1632057490,http://dummyimage.com/101x100.png/cc0000/ffffff
625ac99ffc13ae0e18000152,24,1628486537,1628558537,http://dummyimage.com/222x100.png/cc0000/ffffff
625ac99ffc13ae0e18000158,10,1628044301,1628112701,http://dummyimage.com/111x100.png/cc0000/ffffff
625ac99ffc13ae0e18000151,11,1623931781,1623985781,http://dummyimage.com/247x100.png/ff4444/ffffff
625ac99ffc13ae0e18000142,29,1644131900,1644196700,http://dummyimage.com/242x100.png/cc0000/ffffff
625ac99ffc13ae0e1800013d,13,1623367454,1623414254,http://dummyimage.com/190x100.png/ff4444/ffffff
625ac99ffc13ae0e1800013d,17,1642624256,1642692656,http://dummyimage.com/221x100.png/ff4444/ffffff
625ac99ffc13ae0e1800015c,23,1631211305,1631261705,http://dummyimage.com/186x100.png/dddddd/000000
625ac99ffc13ae0e1800015d,28,1623456903,1623507303,http://dummyimage.com/121x100.png/ff4444/ffffff
625ac99ffc13ae0e1800013d,22,1649731892,1649782292,http://dummyimage.com/215x100.png/cc0000/ffffff
625ac99ffc13ae0e1800013d,14,1631788228,1631849428,http://dummyimage.com/102x100.png/5fa2dd/ffffff
625ac99ffc13ae0e18000137,15,1647802482,1647881682,http://dummyimage.com/248x100.png/5fa2dd/ffffff
625ac99ffc13ae0e18000144,27,1642849572,1642928772,http://dummyimage.com/136x100.png/dddddd/000000
625ac99ffc13ae0e1800015d,26,1646052441,1646128041,http://dummyimage.com/203x100.png/ff4444/ffffff
625ac99ffc13ae0e18000144,13,1638090004,1638140404,http://dummyimage.com/196x100.png/ff4444/ffffff
625ac99ffc13ae0e18000133,26,1633367960,1633443560,http://dummyimage.com/190x100.png/5fa2dd/ffffff
625ac99ffc13ae0e18000152,27,1623367454,1623432254,http://dummyimage.com/240x100.png/cc0000/ffffff
625ac99ffc13ae0e18000151,25,1624941000,1624991400,http://dummyimage.com/155x100.png/ff4444/ffffff
625ac99ffc13ae0e18000158,24,1642687341,1642744941,http://dummyimage.com/105x100.png/dddddd/000000
625ac99ffc13ae0e18000137,12,1639506327,1639560327,http://dummyimage.com/172x100.png/cc0000/ffffff
625ac99ffc13ae0e1800015c,21,1630440267,1630505067,http://dummyimage.com/230x100.png/5fa2dd/ffffff
625ac99ffc13ae0e1800015c,13,1632403504,1632450304,http://dummyimage.com/209x100.png/cc0000/ffffff
625ac99ffc13ae0e18000144,30,1637013141,1637077941,http://dummyimage.com/120x100.png/dddddd/000000
625ac99ffc13ae0e18000158,11,1642588248,1642635048,http://dummyimage.com/244x100.png/cc0000/ffffff
625ac99ffc13ae0e18000152,13,1627425793,1627490593,http://dummyimage.com/156x100.png/cc0000/ffffff
625ac99ffc13ae0e18000137,25,1630082951,1630133351,http://dummyimage.com/145x100.png/5fa2dd/ffffff
625ac99ffc13ae0e18000152,28,1637241817,1637321017,http://dummyimage.com/198x100.png/ff4444/ffffff
625ac99ffc13ae0e18000158,16,1635608266,1635665866,http://dummyimage.com/165x100.png/5fa2dd/ffffff
625ac99ffc13ae0e18000152,24,1643402413,1643481613,http://dummyimage.com/185x100.png/ff4444/ffffff
625ac99ffc13ae0e1800013d,16,1635615466,1635669466,http://dummyimage.com/211x100.png/5fa2dd/ffffff
625ac99ffc13ae0e18000151,26,1647397274,1647480074,http://dummyimage.com/184x100.png/dddddd/000000
625ac99ffc13ae0e1800015d,19,1626234857,1626288857,http://dummyimage.com/208x100.png/ff4444/ffffff
625ac99ffc13ae0e18000151,18,1642624256,1642678256,http://dummyimage.com/225x100.png/dddddd/000000
625ac99ffc13ae0e18000142,26,1630400622,1630483422,http://dummyimage.com/193x100.png/ff4444/ffffff
625ac99ffc13ae0e18000133,26,1629179960,1629223160,http://dummyimage.com/229x100.png/dddddd/000000
625ac99ffc13ae0e18000133,18,1646386242,1646436642,http://dummyimage.com/157x100.png/5fa2dd/ffffff
625ac99ffc13ae0e18000137,30,1622651553,1622701953,http://dummyimage.com/194x100.png/cc0000/ffffff
625ac99ffc13ae0e18000137,20,1638960279,1639039479,http://dummyimage.com/216x100.png/cc0000/ffffff
625ac99ffc13ae0e1800015c,28,1620600190,1620646990,http://dummyimage.com/192x100.png/dddddd/000000
625ac99ffc13ae0e18000144,13,1624148234,1624195034,http://dummyimage.com/207x100.png/cc0000/ffffff
625ac99ffc13ae0e18000152,17,1650075634,1650133234,http://dummyimage.com/201x100.png/dddddd/000000
625ac99ffc13ae0e18000144,15,1640419188,1640487588,http://dummyimage.com/162x100.png/ff4444/ffffff
625ac99ffc13ae0e18000133,26,1641424187,1641470987,http://dummyimage.com/246x100.png/cc0000/ffffff
625ac99ffc13ae0e18000142,10,1623445618,1623503218,http://dummyimage.com/203x100.png/dddddd/000000
625ac99ffc13ae0e18000133,15,1632295640,1632378440,http://dummyimage.com/194x100.png/ff4444/ffffff
625ac99ffc13ae0e18000152,13,1647546961,1647590161,http://dummyimage.com/172x100.png/dddddd/000000
625ac99ffc13ae0e18000152,26,1648325785,1648404985,http://dummyimage.com/143x100.png/ff4444/ffffff
625ac99ffc13ae0e18000133,17,1623607932,1623683532,http://dummyimage.com/231x100.png/dddddd/000000
625ac99ffc13ae0e18000137,23,1648914973,1648972573,http://dummyimage.com/153x100.png/5fa2dd/ffffff
625ac99ffc13ae0e18000151,24,1648205152,1648251952,http://dummyimage.com/107x100.png/dddddd/000000
625ac99ffc13ae0e18000144,13,1637052026,1637113226,http://dummyimage.com/250x100.png/5fa2dd/ffffff
625ac99ffc13ae0e18000133,14,1626234857,1626288857,http://dummyimage.com/214x100.png/dddddd/000000
625ac99ffc13ae0e1800015d,19,1638073211,1638127211,http://dummyimage.com/193x100.png/cc0000/ffffff
625ac99ffc13ae0e18000133,25,1626247218,1626308418,http://dummyimage.com/244x100.png/dddddd/000000
625ac99ffc13ae0e1800015c,25,1639613150,1639674350,http://dummyimage.com/122x100.png/dddddd/000000
625ac99ffc13ae0e18000142,29,1644941198,1644987998,http://dummyimage.com/123x100.png/ff4444/ffffff
625ac99ffc13ae0e18000144,15,1634040844,1634120044,http://dummyimage.com/171x100.png/ff4444/ffffff
625ac99ffc13ae0e1800015c,23,1622593953,1622655153,http://dummyimage.com/150x100.png/cc0000/ffffff
625ac99ffc13ae0e18000137,25,1625390746,1625455546,http://dummyimage.com/156x100.png/dddddd/000000
625ac99ffc13ae0e18000152,18,1642678540,1642757740,http://dummyimage.com/131x100.png/dddddd/000000
625ac99ffc13ae0e1800015d,22,1619070774,1619139174,http://dummyimage.com/242x100.png/ff4444/ffffff
625ac99ffc13ae0e18000144,20,1638978279,1639046679,http://dummyimage.com/220x100.png/ff4444/ffffff
625ac99ffc13ae0e18000137,25,1646897516,1646944316,http://dummyimage.com/219x100.png/5fa2dd/ffffff
625ac99ffc13ae0e1800015d,24,1632964322,1633025522,http://dummyimage.com/199x100.png/5fa2dd/ffffff
625ac99ffc13ae0e18000142,12,1646286017,1646361617,http://dummyimage.com/163x100.png/cc0000/ffffff
625ac99ffc13ae0e18000142,21,1620600190,1620650590,http://dummyimage.com/128x100.png/5fa2dd/ffffff
625ac99ffc13ae0e1800015d,23,1642793276,1642872476,http://dummyimage.com/116x100.png/5fa2dd/ffffff
625ac99ffc13ae0e18000152,13,1621206636,1621260636,http://dummyimage.com/191x100.png/cc0000/ffffff
625ac99ffc13ae0e18000151,20,1632958279,1633026679,http://dummyimage.com/113x100.png/ff4444/ffffff
625ac99ffc13ae0e1800013d,10,1647457010,1647518210,http://dummyimage.com/123x100.png/5fa2dd/ffffff
625ac99ffc13ae0e18000144,27,1641037028,1641101828,http://dummyimage.com/244x100.png/ff4444/ffffff
625ac99ffc13ae0e1800015d,14,1627700347,1627783147,http://dummyimage.com/201x100.png/cc0000/ffffff
625ac99ffc13ae0e1800015d,28,1641815329,1641876529,http://dummyimage.com/160x100.png/dddddd/000000
625ac99ffc13ae0e1800015c,29,1641869329,1641923329,http://dummyimage.com/117x100.png/cc0000/ffffff
625ac99ffc13ae0e18000152,17,1632931922,1632978722,http://dummyimage.com/228x100.png/dddddd/000000
625ac99ffc13ae0e18000144,14,1642726941,1642784541,http://dummyimage.com/244x100.png/5fa2dd/ffffff
625ac99ffc13ae0e18000151,26,1643591177,1643652377,http://dummyimage.com/222x100.png/cc0000/ffffff
625ac99ffc13ae0e18000142,27,1629916870,1629970870,http://dummyimage.com/233x100.png/ff4444/ffffff
625ac99ffc13ae0e18000151,22,1641101828,1641159428,http://dummyimage.com/130x100.png/dddddd/000000
625ac99ffc13ae0e18000158,23,1641266749,1641345949,http://dummyimage.com/248x100.png/cc0000/ffffff
625ac99ffc13ae0e18000142,11,1622064868,1622126068,http://dummyimage.com/127x100.png/cc0000/ffffff
625ac99ffc13ae0e1800015d,18,1638943307,1639008107,http://dummyimage.com/240x100.png/ff4444/ffffff
625ac99ffc13ae0e18000151,24,1643609177,1643655977,http://dummyimage.com/148x100.png/ff4444/ffffff
625ac99ffc13ae0e18000133,30,1641815329,1641876529,http://dummyimage.com/134x100.png/5fa2dd/ffffff
625ac99ffc13ae0e18000142,23,1629212860,1629295660,http://dummyimage.com/177x100.png/ff4444/ffffff
625ac99ffc13ae0e18000142,16,1630099965,1630143165,http://dummyimage.com/243x100.png/ff4444/ffffff
625ac99ffc13ae0e18000133,16,1650075634,1650147634,http://dummyimage.com/227x100.png/ff4444/ffffff
625ac99ffc13ae0e1800013d,30,1627397868,1627477068,http://dummyimage.com/156x100.png/dddddd/000000
625ac99ffc13ae0e18000137,11,1626215744,1626258944,http://dummyimage.com/200x100.png/dddddd/000000
625ac99ffc13ae0e18000144,20,1643386443,1643458443,http://dummyimage.com/157x100.png/5fa2dd/ffffff
625ac99ffc13ae0e1800015d,27,1622568823,1622619223,http://dummyimage.com/165x100.png/dddddd/000000
625ac99ffc13ae0e18000151,12,1643251281,1643294481,http://dummyimage.com/145x100.png/dddddd/000000
625ac99ffc13ae0e18000133,23,1632403504,1632482704,http://dummyimage.com/100x100.png/5fa2dd/ffffff
625ac99ffc13ae0e1800013d,11,1636910739,1636986339,http://dummyimage.com/188x100.png/dddddd/000000
625ac99ffc13ae0e1800015d,28,1640462388,1640516388,http://dummyimage.com/207x100.png/5fa2dd/ffffff
625ac99ffc13ae0e18000158,30,1629179960,1629255560,http://dummyimage.com/128x100.png/5fa2dd/ffffff
625ac99ffc13ae0e18000151,20,1630278517,1630339717,http://dummyimage.com/136x100.png/cc0000/ffffff
625ac99ffc13ae0e18000144,13,1641055723,1641127723,http://dummyimage.com/175x100.png/cc0000/ffffff
625ac99ffc13ae0e18000133,17,1644005000,1644048200,http://dummyimage.com/175x100.png/5fa2dd/ffffff
625ac99ffc13ae0e18000152,20,1623642663,1623689463,http://dummyimage.com/207x100.png/cc0000/ffffff
625ac99ffc13ae0e1800013d,11,1637260474,1637318074,http://dummyimage.com/154x100.png/dddddd/000000
625ac99ffc13ae0e18000142,28,1635273735,1635320535,http://dummyimage.com/153x100.png/dddddd/000000
625ac99ffc13ae0e18000137,27,1636499612,1636546412,http://dummyimage.com/205x100.png/dddddd/000000
625ac99ffc13ae0e18000133,10,1623931781,1623982181,http://dummyimage.com/111x100.png/cc0000/ffffff
625ac99ffc13ae0e18000137,12,1628817999,1628871999,http://dummyimage.com/173x100.png/5fa2dd/ffffff
625ac99ffc13ae0e18000144,17,1632939122,1633000322,http://dummyimage.com/170x100.png/5fa2dd/ffffff
625ac99ffc13ae0e18000142,12,1649731892,1649775092,http://dummyimage.com/145x100.png/cc0000/ffffff
625ac99ffc13ae0e1800013d,29,1630619537,1630666337,http://dummyimage.com/153x100.png/dddddd/000000
625ac99ffc13ae0e1800015c,26,1628207316,1628282916,http://dummyimage.com/232x100.png/cc0000/ffffff
625ac99ffc13ae0e18000133,19,1622974619,1623021419,http://dummyimage.com/224x100.png/dddddd/000000
625ac99ffc13ae0e18000151,22,1630082951,1630162151,http://dummyimage.com/162x100.png/dddddd/000000
625ac99ffc13ae0e18000133,21,1644570770,1644624770,http://dummyimage.com/207x100.png/5fa2dd/ffffff
625ac99ffc13ae0e18000142,20,1642723341,1642770141,http://dummyimage.com/215x100.png/5fa2dd/ffffff
625ac99ffc13ae0e18000151,22,1645632719,1645693919,http://dummyimage.com/194x100.png/5fa2dd/ffffff
625ac99ffc13ae0e1800015d,17,1632008072,1632076472,http://dummyimage.com/149x100.png/5fa2dd/ffffff
625ac99ffc13ae0e18000158,26,1625265931,1625348731,http://dummyimage.com/138x100.png/cc0000/ffffff
625ac99ffc13ae0e18000158,12,1643491503,1643541903,http://dummyimage.com/214x100.png/ff4444/ffffff
625ac99ffc13ae0e1800013d,13,1626366645,1626438645,http://dummyimage.com/230x100.png/ff4444/ffffff
625ac99ffc13ae0e18000142,12,1647536416,1647583216,http://dummyimage.com/207x100.png/cc0000/ffffff
625ac99ffc13ae0e18000152,25,1619219551,1619262751,http://dummyimage.com/248x100.png/dddddd/000000
625ac99ffc13ae0e18000151,12,1629674751,1629725151,http://dummyimage.com/174x100.png/cc0000/ffffff
625ac99ffc13ae0e1800015d,11,1632295640,1632342440,http://dummyimage.com/158x100.png/dddddd/000000
625ac99ffc13ae0e1800015d,18,1648347385,1648422985,http://dummyimage.com/127x100.png/ff4444/ffffff
625ac99ffc13ae0e1800015c,21,1631931057,1632003057,http://dummyimage.com/201x100.png/dddddd/000000
625ac99ffc13ae0e18000144,23,1623367454,1623417854,http://dummyimage.com/139x100.png/ff4444/ffffff
625ac99ffc13ae0e18000133,17,1642624256,1642689056,http://dummyimage.com/142x100.png/cc0000/ffffff
625ac99ffc13ae0e1800015c,26,1633119561,1633202361,http://dummyimage.com/111x100.png/5fa2dd/ffffff
625ac99ffc13ae0e18000158,22,1627397868,1627477068,http://dummyimage.com/166x100.png/dddddd/000000
625ac99ffc13ae0e18000137,17,1631974690,1632050290,http://dummyimage.com/102x100.png/dddddd/000000
625ac99ffc13ae0e18000137,19,1636499612,1636582412,http://dummyimage.com/177x100.png/cc0000/ffffff
625ac99ffc13ae0e18000151,14,1639613150,1639685150,http://dummyimage.com/140x100.png/cc0000/ffffff
625ac99ffc13ae0e1800013d,12,1646084841,1646131641,http://dummyimage.com/199x100.png/5fa2dd/ffffff
625ac99ffc13ae0e1800015c,10,1624308541,1624355341,http://dummyimage.com/202x100.png/ff4444/ffffff
625ac99ffc13ae0e18000151,28,1643377397,1643442197,http://dummyimage.com/182x100.png/ff4444/ffffff
625ac99ffc13ae0e18000137,24,1630195024,1630238224,http://dummyimage.com/230x100.png/cc0000/ffffff
625ac99ffc13ae0e18000151,24,1648827098,1648902698,http://dummyimage.com/143x100.png/5fa2dd/ffffff
625ac99ffc13ae0e18000152,29,1622661918,1622715918,http://dummyimage.com/152x100.png/dddddd/000000
625ac99ffc13ae0e1800015d,17,1643881379,1643953379,http://dummyimage.com/229x100.png/ff4444/ffffff
625ac99ffc13ae0e18000152,22,1641522223,1641597823,http://dummyimage.com/120x100.png/cc0000/ffffff
625ac99ffc13ae0e18000144,20,1623681342,1623760542,http://dummyimage.com/142x100.png/cc0000/ffffff
625ac99ffc13ae0e18000133,11,1623751641,1623820041,http://dummyimage.com/233x100.png/5fa2dd/ffffff
625ac99ffc13ae0e18000151,30,1635345735,1635421335,http://dummyimage.com/190x100.png/5fa2dd/ffffff
625ac99ffc13ae0e18000151,19,1641898463,1641970463,http://dummyimage.com/180x100.png/5fa2dd/ffffff
625ac99ffc13ae0e18000133,14,1642723341,1642788141,http://dummyimage.com/156x100.png/cc0000/ffffff
625ac99ffc13ae0e1800013d,24,1639613150,1639667150,http://dummyimage.com/156x100.png/5fa2dd/ffffff
625ac99ffc13ae0e1800015d,20,1649731892,1649796692,http://dummyimage.com/163x100.png/dddddd/000000
625ac99ffc13ae0e18000152,22,1641693855,1641765855,http://dummyimage.com/220x100.png/cc0000/ffffff
625ac99ffc13ae0e1800013d,28,1647536416,1647583216,http://dummyimage.com/196x100.png/ff4444/ffffff
625ac99ffc13ae0e18000142,14,1631996293,1632071893,http://dummyimage.com/216x100.png/5fa2dd/ffffff
625ac99ffc13ae0e18000144,13,1623065552,1623115952,http://dummyimage.com/162x100.png/5fa2dd/ffffff
625ac99ffc13ae0e1800015d,16,1643491503,1643563503,http://dummyimage.com/158x100.png/dddddd/000000
625ac99ffc13ae0e18000144,10,1646628587,1646711387,http://dummyimage.com/222x100.png/cc0000/ffffff
625ac99ffc13ae0e1800013d,18,1637052026,1637095226,http://dummyimage.com/120x100.png/5fa2dd/ffffff
625ac99ffc13ae0e1800015c,18,1644941198,1644991598,http://dummyimage.com/103x100.png/5fa2dd/ffffff
625ac99ffc13ae0e1800015c,23,1640215727,1640266127,http://dummyimage.com/209x100.png/cc0000/ffffff
625ac99ffc13ae0e18000158,21,1620463121,1620509921,http://dummyimage.com/133x100.png/5fa2dd/ffffff
625ac99ffc13ae0e18000133,10,1648223152,1648291552,http://dummyimage.com/225x100.png/cc0000/ffffff
625ac99ffc13ae0e18000137,29,1642561895,1642626695,http://dummyimage.com/122x100.png/cc0000/ffffff
625ac99ffc13ae0e1800015c,10,1647540016,1647619216,http://dummyimage.com/183x100.png/ff4444/ffffff
625ac99ffc13ae0e18000133,24,1628168196,1628218596,http://dummyimage.com/106x100.png/dddddd/000000
625ac99ffc13ae0e18000151,17,1630177379,1630242179,http://dummyimage.com/232x100.png/dddddd/000000
625ac99ffc13ae0e18000151,18,1644402463,1644481663,http://dummyimage.com/209x100.png/dddddd/000000
625ac99ffc13ae0e18000158,26,1636521355,1636589755,http://dummyimage.com/117x100.png/cc0000/ffffff
625ac99ffc13ae0e18000152,27,1641708255,1641762255,http://dummyimage.com/167x100.png/cc0000/ffffff
625ac99ffc13ae0e18000152,25,1646052441,1646095641,http://dummyimage.com/231x100.png/5fa2dd/ffffff
625ac99ffc13ae0e18000152,22,1625761555,1625804755,http://dummyimage.com/206x100.png/5fa2dd/ffffff
625ac99ffc13ae0e18000152,22,1624941000,1625023800,http://dummyimage.com/112x100.png/cc0000/ffffff
625ac99ffc13ae0e18000137,21,1646286017,1646358017,http://dummyimage.com/182x100.png/dddddd/000000
625ac99ffc13ae0e18000144,30,1641758655,1641827055,http://dummyimage.com/162x100.png/5fa2dd/ffffff
625ac99ffc13ae0e1800013d,17,1638913479,1638992679,http://dummyimage.com/228x100.png/ff4444/ffffff
625ac99ffc13ae0e18000144,27,1623612979,1623670579,http://dummyimage.com/143x100.png/ff4444/ffffff
625ac99ffc13ae0e18000152,27,1648205152,1648284352,http://dummyimage.com/247x100.png/ff4444/ffffff
625ac99ffc13ae0e1800013d,25,1625251531,1625298331,http://dummyimage.com/122x100.png/ff4444/ffffff
625ac99ffc13ae0e1800013d,20,1633119561,1633202361,http://dummyimage.com/153x100.png/dddddd/000000
625ac99ffc13ae0e18000158,16,1624372844,1624416044,http://dummyimage.com/224x100.png/ff4444/ffffff
625ac99ffc13ae0e18000152,10,1646628587,1646696987,http://dummyimage.com/218x100.png/ff4444/ffffff
625ac99ffc13ae0e1800013d,25,1631243474,1631322674,http://dummyimage.com/232x100.png/ff4444/ffffff
625ac99ffc13ae0e18000158,27,1634311561,1634372761,http://dummyimage.com/244x100.png/5fa2dd/ffffff
625ac99ffc13ae0e18000137,10,1622604823,1622669623,http://dummyimage.com/132x100.png/5fa2dd/ffffff
625ac99ffc13ae0e18000152,16,1633367960,1633447160,http://dummyimage.com/231x100.png/5fa2dd/ffffff
625ac99ffc13ae0e18000152,24,1644509570,1644559970,http://dummyimage.com/145x100.png/ff4444/ffffff
625ac99ffc13ae0e1800015c,30,1639411189,1639486789,http://dummyimage.com/248x100.png/5fa2dd/ffffff
625ac99ffc13ae0e18000142,16,1638960279,1639028679,http://dummyimage.com/182x100.png/ff4444/ffffff
625ac99ffc13ae0e1800015c,17,1641822529,1641887329,http://dummyimage.com/141x100.png/dddddd/000000
625ac99ffc13ae0e18000152,21,1636521355,1636600555,http://dummyimage.com/181x100.png/dddddd/000000
625ac99ffc13ae0e18000137,13,1634311561,1634354761,http://dummyimage.com/177x100.png/dddddd/000000
625ac99ffc13ae0e18000152,25,1629674751,1629746751,http://dummyimage.com/200x100.png/dddddd/000000
625ac99ffc13ae0e18000144,13,1647863682,1647917682,http://dummyimage.com/187x100.png/ff4444/ffffff
625ac99ffc13ae0e1800013d,13,1645993389,1646054589,http://dummyimage.com/203x100.png/5fa2dd/ffffff
625ac99ffc13ae0e18000144,27,1629285902,1629368702,http://dummyimage.com/169x100.png/5fa2dd/ffffff
625ac99ffc13ae0e18000152,21,1623089196,1623157596,http://dummyimage.com/188x100.png/5fa2dd/ffffff
625ac99ffc13ae0e18000151,20,1626861751,1626915751,http://dummyimage.com/250x100.png/cc0000/ffffff
625ac99ffc13ae0e1800015d,29,1627225418,1627279418,http://dummyimage.com/182x100.png/dddddd/000000
625ac99ffc13ae0e18000151,17,1643542028,1643610428,http://dummyimage.com/151x100.png/cc0000/ffffff
625ac99ffc13ae0e1800015c,10,1626963598,1627031998,http://dummyimage.com/246x100.png/ff4444/ffffff
625ac99ffc13ae0e18000137,24,1631931057,1632003057,http://dummyimage.com/141x100.png/dddddd/000000
625ac99ffc13ae0e18000151,12,1629617166,1629699966,http://dummyimage.com/192x100.png/cc0000/ffffff
625ac99ffc13ae0e18000144,20,1641522223,1641565423,http://dummyimage.com/243x100.png/5fa2dd/ffffff
625ac99ffc13ae0e1800013d,23,1622651553,1622723553,http://dummyimage.com/233x100.png/dddddd/000000
625ac99ffc13ae0e18000152,15,1623550600,1623601000,http://dummyimage.com/181x100.png/dddddd/000000
625ac99ffc13ae0e18000152,10,1643377397,1643460197,http://dummyimage.com/109x100.png/ff4444/ffffff
625ac99ffc13ae0e1800015d,23,1643473503,1643538303,http://dummyimage.com/100x100.png/5fa2dd/ffffff
625ac99ffc13ae0e18000144,17,1638699566,1638778766,http://dummyimage.com/218x100.png/5fa2dd/ffffff
625ac99ffc13ae0e18000152,14,1623367454,1623450254,http://dummyimage.com/192x100.png/cc0000/ffffff
625ac99ffc13ae0e18000151,12,1633105161,1633169961,http://dummyimage.com/148x100.png/5fa2dd/ffffff
625ac99ffc13ae0e18000142,27,1641507823,1641554623,http://dummyimage.com/134x100.png/5fa2dd/ffffff
625ac99ffc13ae0e1800013d,17,1648863098,1648906298,http://dummyimage.com/199x100.png/dddddd/000000
625ac99ffc13ae0e18000152,28,1619172751,1619233951,http://dummyimage.com/214x100.png/ff4444/ffffff
625ac99ffc13ae0e18000137,11,1629680914,1629738514,http://dummyimage.com/194x100.png/ff4444/ffffff
625ac99ffc13ae0e18000133,22,1627132653,1627211853,http://dummyimage.com/107x100.png/cc0000/ffffff
625ac99ffc13ae0e18000144,18,1647546961,1647611761,http://dummyimage.com/118x100.png/dddddd/000000
625ac99ffc13ae0e1800013d,10,1629622978,1629698578,http://dummyimage.com/117x100.png/dddddd/000000
625ac99ffc13ae0e18000142,14,1634714403,1634772003,http://dummyimage.com/122x100.png/ff4444/ffffff
625ac99ffc13ae0e1800015d,13,1620504091,1620586891,http://dummyimage.com/113x100.png/dddddd/000000
625ac99ffc13ae0e1800013d,28,1623640773,1623691173,http://dummyimage.com/144x100.png/cc0000/ffffff
625ac99ffc13ae0e1800015d,21,1641223549,1641306349,http://dummyimage.com/234x100.png/cc0000/ffffff
625ac99ffc13ae0e1800013d,18,1642536695,1642608695,http://dummyimage.com/177x100.png/dddddd/000000
625ac99ffc13ae0e1800015c,14,1645190868,1645259268,http://dummyimage.com/180x100.png/ff4444/ffffff
625ac99ffc13ae0e18000137,18,1638703166,1638778766,http://dummyimage.com/198x100.png/5fa2dd/ffffff
625ac99ffc13ae0e18000133,11,1618917886,1618997086,http://dummyimage.com/171x100.png/ff4444/ffffff
625ac99ffc13ae0e18000151,12,1621221036,1621267836,http://dummyimage.com/158x100.png/5fa2dd/ffffff
625ac99ffc13ae0e18000158,17,1648870298,1648942298,http://dummyimage.com/182x100.png/ff4444/ffffff
625ac99ffc13ae0e1800015d,14,1627225418,1627268618,http://dummyimage.com/221x100.png/dddddd/000000
625ac99ffc13ae0e18000151,30,1623582732,1623636732,http://dummyimage.com/213x100.png/ff4444/ffffff
625ac99ffc13ae0e18000137,15,1645603287,1645657287,http://dummyimage.com/146x100.png/dddddd/000000
625ac99ffc13ae0e1800015c,28,1644541325,1644624125,http://dummyimage.com/146x100.png/ff4444/ffffff
625ac99ffc13ae0e18000137,19,1644483725,1644562925,http://dummyimage.com/229x100.png/5fa2dd/ffffff
625ac99ffc13ae0e1800015d,22,1642741341,1642824141,http://dummyimage.com/235x100.png/cc0000/ffffff
625ac99ffc13ae0e18000133,22,1645657676,1645711676,http://dummyimage.com/136x100.png/dddddd/000000
625ac99ffc13ae0e18000158,11,1640573363,1640641763,http://dummyimage.com/128x100.png/5fa2dd/ffffff
625ac99ffc13ae0e18000137,19,1634714403,1634761203,http://dummyimage.com/239x100.png/5fa2dd/ffffff
625ac99ffc13ae0e1800013d,15,1636016731,1636085131,http://dummyimage.com/244x100.png/ff4444/ffffff
625ac99ffc13ae0e1800015d,23,1623065552,1623148352,http://dummyimage.com/250x100.png/cc0000/ffffff
625ac99ffc13ae0e1800013d,25,1631771489,1631829089,http://dummyimage.com/213x100.png/cc0000/ffffff
625ac99ffc13ae0e18000152,20,1623751641,1623816441,http://dummyimage.com/128x100.png/dddddd/000000
625ac99ffc13ae0e18000144,26,1648924501,1648974901,http://dummyimage.com/221x100.png/cc0000/ffffff
625ac99ffc13ae0e18000152,20,1646286017,1646350817,http://dummyimage.com/150x100.png/cc0000/ffffff
625ac99ffc13ae0e18000142,26,1626243914,1626301514,http://dummyimage.com/115x100.png/5fa2dd/ffffff
625ac99ffc13ae0e1800013d,15,1630800325,1630850725,http://dummyimage.com/100x100.png/5fa2dd/ffffff
625ac99ffc13ae0e18000158,21,1639464912,1639511712,http://dummyimage.com/114x100.png/dddddd/000000
625ac99ffc13ae0e1800015d,19,1629690423,1629758823,http://dummyimage.com/233x100.png/dddddd/000000
625ac99ffc13ae0e18000158,14,1643251281,1643308881,http://dummyimage.com/108x100.png/5fa2dd/ffffff
625ac99ffc13ae0e18000137,17,1643402413,1643463613,http://dummyimage.com/138x100.png/cc0000/ffffff
625ac99ffc13ae0e18000151,27,1620463121,1620517121,http://dummyimage.com/193x100.png/5fa2dd/ffffff
625ac99ffc13ae0e18000137,23,1619241151,1619284351,http://dummyimage.com/183x100.png/cc0000/ffffff
625ac99ffc13ae0e18000151,27,1641507823,1641587023,http://dummyimage.com/146x100.png/ff4444/ffffff
625ac99ffc13ae0e18000152,14,1624126115,1624183715,http://dummyimage.com/198x100.png/dddddd/000000
625ac99ffc13ae0e18000144,16,1633841846,1633913846,http://dummyimage.com/221x100.png/ff4444/ffffff
625ac99ffc13ae0e18000152,11,1627175018,1627250618,http://dummyimage.com/114x100.png/ff4444/ffffff
625ac99ffc13ae0e18000142,12,1640181071,1640242271,http://dummyimage.com/174x100.png/dddddd/000000
625ac99ffc13ae0e18000152,17,1641869329,1641926929,http://dummyimage.com/199x100.png/cc0000/ffffff
625ac99ffc13ae0e1800015c,21,1644131900,1644214700,http://dummyimage.com/102x100.png/ff4444/ffffff
625ac99ffc13ae0e1800015c,24,1623931781,1623989381,http://dummyimage.com/212x100.png/5fa2dd/ffffff
625ac99ffc13ae0e18000151,21,1619241151,1619320351,http://dummyimage.com/195x100.png/cc0000/ffffff
625ac99ffc13ae0e18000151,16,1630619537,1630669937,http://dummyimage.com/110x100.png/5fa2dd/ffffff
625ac99ffc13ae0e18000137,25,1638090004,1638172804,http://dummyimage.com/223x100.png/dddddd/000000
625ac99ffc13ae0e1800015d,20,1643542028,1643596028,http://dummyimage.com/220x100.png/cc0000/ffffff
625ac99ffc13ae0e1800013d,26,1626256457,1626299657,http://dummyimage.com/161x100.png/ff4444/ffffff
625ac99ffc13ae0e18000137,27,1639464912,1639522512,http://dummyimage.com/172x100.png/5fa2dd/ffffff
625ac99ffc13ae0e18000152,19,1643402413,1643481613,http://dummyimage.com/139x100.png/cc0000/ffffff
625ac99ffc13ae0e1800015c,24,1647397274,1647440474,http://dummyimage.com/219x100.png/cc0000/ffffff
625ac99ffc13ae0e1800013d,12,1648706376,1648789176,http://dummyimage.com/227x100.png/5fa2dd/ffffff
625ac99ffc13ae0e18000142,15,1643377397,1643456597,http://dummyimage.com/143x100.png/dddddd/000000
625ac99ffc13ae0e1800013d,13,1637052026,1637113226,http://dummyimage.com/197x100.png/ff4444/ffffff
625ac99ffc13ae0e1800015c,20,1631996293,1632071893,http://dummyimage.com/184x100.png/cc0000/ffffff
625ac99ffc13ae0e1800013d,15,1643491503,1643563503,http://dummyimage.com/186x100.png/cc0000/ffffff
625ac99ffc13ae0e18000158,19,1627290492,1627373292,http://dummyimage.com/180x100.png/cc0000/ffffff
625ac99ffc13ae0e1800015d,30,1649965076,1650022676,http://dummyimage.com/192x100.png/ff4444/ffffff
625ac99ffc13ae0e1800013d,29,1625361946,1625430346,http://dummyimage.com/168x100.png/5fa2dd/ffffff
625ac99ffc13ae0e18000152,22,1627397868,1627480668,http://dummyimage.com/215x100.png/cc0000/ffffff
625ac99ffc13ae0e1800013d,26,1640462388,1640537988,http://dummyimage.com/163x100.png/dddddd/000000
625ac99ffc13ae0e18000151,30,1624308541,1624362541,http://dummyimage.com/129x100.png/cc0000/ffffff
625ac99ffc13ae0e18000144,17,1618878941,1618961741,http://dummyimage.com/237x100.png/5fa2dd/ffffff
625ac99ffc13ae0e18000137,21,1648859498,1648931498,http://dummyimage.com/223x100.png/cc0000/ffffff
625ac99ffc13ae0e18000152,18,1646052441,1646113641,http://dummyimage.com/235x100.png/5fa2dd/ffffff
625ac99ffc13ae0e18000158,29,1650174713,1650225113,http://dummyimage.com/246x100.png/cc0000/ffffff
625ac99ffc13ae0e18000158,18,1641791648,1641874448,http://dummyimage.com/144x100.png/cc0000/ffffff
625ac99ffc13ae0e18000152,28,1622661918,1622733918,http://dummyimage.com/204x100.png/ff4444/ffffff
625ac99ffc13ae0e18000144,30,1642793276,1642868876,http://dummyimage.com/130x100.png/ff4444/ffffff
625ac99ffc13ae0e18000142,26,1639414789,1639472389,http://dummyimage.com/139x100.png/dddddd/000000
625ac99ffc13ae0e1800013d,12,1622064868,1622118868,http://dummyimage.com/228x100.png/5fa2dd/ffffff
625ac99ffc13ae0e18000142,19,1642486295,1642565495,http://dummyimage.com/195x100.png/dddddd/000000
625ac99ffc13ae0e18000137,15,1627397868,1627459068,http://dummyimage.com/117x100.png/ff4444/ffffff
625ac99ffc13ae0e1800013d,11,1635827077,1635899077,http://dummyimage.com/235x100.png/ff4444/ffffff
625ac99ffc13ae0e18000137,11,1645190868,1645252068,http://dummyimage.com/168x100.png/ff4444/ffffff
625ac99ffc13ae0e18000144,12,1649731892,1649807492,http://dummyimage.com/195x100.png/ff4444/ffffff
625ac99ffc13ae0e1800013d,28,1631788228,1631835028,http://dummyimage.com/228x100.png/5fa2dd/ffffff
625ac99ffc13ae0e18000137,17,1646038775,1646081975,http://dummyimage.com/119x100.png/ff4444/ffffff
625ac99ffc13ae0e18000158,29,1633777046,1633841846,http://dummyimage.com/122x100.png/5fa2dd/ffffff
625ac99ffc13ae0e18000133,19,1637924522,1638003722,http://dummyimage.com/130x100.png/cc0000/ffffff
625ac99ffc13ae0e18000142,25,1625772355,1625833555,http://dummyimage.com/193x100.png/5fa2dd/ffffff
625ac99ffc13ae0e1800013d,21,1626243914,1626290714,http://dummyimage.com/158x100.png/cc0000/ffffff
625ac99ffc13ae0e1800015d,14,1644483725,1644534125,http://dummyimage.com/237x100.png/dddddd/000000
625ac99ffc13ae0e18000144,14,1646312649,1646366649,http://dummyimage.com/193x100.png/dddddd/000000
625ac99ffc13ae0e18000133,29,1622608423,1622662423,http://dummyimage.com/209x100.png/ff4444/ffffff
625ac99ffc13ae0e18000133,15,1643207212,1643275612,http://dummyimage.com/247x100.png/dddddd/000000
625ac99ffc13ae0e18000158,10,1637013141,1637085141,http://dummyimage.com/223x100.png/cc0000/ffffff
625ac99ffc13ae0e18000158,11,1643386443,1643444043,http://dummyimage.com/155x100.png/ff4444/ffffff
625ac99ffc13ae0e1800015c,18,1640215727,1640294927,http://dummyimage.com/103x100.png/5fa2dd/ffffff
625ac99ffc13ae0e18000151,14,1619070774,1619117574,http://dummyimage.com/223x100.png/5fa2dd/ffffff
625ac99ffc13ae0e1800015d,23,1623681342,1623753342,http://dummyimage.com/118x100.png/cc0000/ffffff
625ac99ffc13ae0e18000151,26,1619241151,1619320351,http://dummyimage.com/225x100.png/cc0000/ffffff
625ac99ffc13ae0e18000152,17,1641708255,1641787455,http://dummyimage.com/108x100.png/dddddd/000000
625ac99ffc13ae0e1800013d,25,1638699566,1638778766,http://dummyimage.com/189x100.png/ff4444/ffffff
625ac99ffc13ae0e18000137,22,1646737724,1646791724,http://dummyimage.com/147x100.png/ff4444/ffffff
625ac99ffc13ae0e18000151,26,1631771489,1631850689,http://dummyimage.com/113x100.png/ff4444/ffffff
625ac99ffc13ae0e18000137,15,1641872446,1641915646,http://dummyimage.com/160x100.png/dddddd/000000
625ac99ffc13ae0e18000137,15,1624650488,1624722488,http://dummyimage.com/227x100.png/dddddd/000000
625ac99ffc13ae0e18000158,26,1641077323,1641145723,http://dummyimage.com/156x100.png/5fa2dd/ffffff
625ac99ffc13ae0e18000152,29,1623926794,1624009594,http://dummyimage.com/131x100.png/ff4444/ffffff
625ac99ffc13ae0e1800015c,17,1639502069,1639570469,http://dummyimage.com/129x100.png/dddddd/000000
625ac99ffc13ae0e18000144,18,1643591177,1643641577,http://dummyimage.com/111x100.png/dddddd/000000
625ac99ffc13ae0e1800015d,29,1643386443,1643429643,http://dummyimage.com/129x100.png/ff4444/ffffff
625ac99ffc13ae0e18000151,19,1646007789,1646090589,http://dummyimage.com/129x100.png/dddddd/000000
625ac99ffc13ae0e1800015d,10,1626585691,1626654091,http://dummyimage.com/191x100.png/dddddd/000000
625ac99ffc13ae0e18000137,24,1645639676,1645715276,http://dummyimage.com/186x100.png/ff4444/ffffff
625ac99ffc13ae0e18000133,12,1636971341,1637050541,http://dummyimage.com/227x100.png/5fa2dd/ffffff
625ac99ffc13ae0e18000137,26,1623640773,1623683973,http://dummyimage.com/221x100.png/ff4444/ffffff
625ac99ffc13ae0e1800013d,16,1649768120,1649832920,http://dummyimage.com/248x100.png/5fa2dd/ffffff
625ac99ffc13ae0e1800013d,29,1630800325,1630843525,http://dummyimage.com/165x100.png/ff4444/ffffff
625ac99ffc13ae0e18000158,15,1641834725,1641913925,http://dummyimage.com/122x100.png/dddddd/000000
625ac99ffc13ae0e18000151,11,1629371798,1629454598,http://dummyimage.com/123x100.png/ff4444/ffffff
625ac99ffc13ae0e1800015c,10,1642768076,1642843676,http://dummyimage.com/112x100.png/cc0000/ffffff
625ac99ffc13ae0e18000144,16,1642887302,1642970102,http://dummyimage.com/205x100.png/ff4444/ffffff
625ac99ffc13ae0e1800013d,12,1643377397,1643442197,http://dummyimage.com/105x100.png/dddddd/000000
625ac99ffc13ae0e1800015c,15,1640462388,1640505588,http://dummyimage.com/138x100.png/ff4444/ffffff
625ac99ffc13ae0e18000144,29,1650203151,1650264351,http://dummyimage.com/187x100.png/cc0000/ffffff
625ac99ffc13ae0e18000137,30,1624288394,1624335194,http://dummyimage.com/238x100.png/cc0000/ffffff
625ac99ffc13ae0e18000142,21,1644657444,1644722244,http://dummyimage.com/134x100.png/dddddd/000000
625ac99ffc13ae0e18000133,28,1647397274,1647462074,http://dummyimage.com/206x100.png/cc0000/ffffff
625ac99ffc13ae0e1800015c,30,1648740567,1648787367,http://dummyimage.com/184x100.png/5fa2dd/ffffff
625ac99ffc13ae0e18000133,21,1622604823,1622662423,http://dummyimage.com/171x100.png/ff4444/ffffff
625ac99ffc13ae0e18000133,15,1645190868,1645234068,http://dummyimage.com/169x100.png/ff4444/ffffff
625ac99ffc13ae0e18000137,24,1626256457,1626303257,http://dummyimage.com/183x100.png/ff4444/ffffff
625ac99ffc13ae0e18000133,10,1635345735,1635396135,http://dummyimage.com/242x100.png/5fa2dd/ffffff
625ac99ffc13ae0e18000151,17,1629622978,1629666178,http://dummyimage.com/117x100.png/5fa2dd/ffffff
625ac99ffc13ae0e1800015c,30,1641888725,1641939125,http://dummyimage.com/187x100.png/dddddd/000000
625ac99ffc13ae0e18000133,22,1648971861,1649018661,http://dummyimage.com/202x100.png/ff4444/ffffff
625ac99ffc13ae0e1800013d,22,1629699422,1629753422,http://dummyimage.com/222x100.png/ff4444/ffffff
625ac99ffc13ae0e18000142,17,1649746520,1649811320,http://dummyimage.com/173x100.png/5fa2dd/ffffff
625ac99ffc13ae0e18000151,23,1624386006,1624447206,http://dummyimage.com/120x100.png/5fa2dd/ffffff
625ac99ffc13ae0e1800015d,20,1636521355,1636564555,http://dummyimage.com/114x100.png/cc0000/ffffff
625ac99ffc13ae0e1800015d,18,1630166579,1630220579,http://dummyimage.com/108x100.png/dddddd/000000
625ac99ffc13ae0e1800013d,24,1644005000,1644087800,http://dummyimage.com/214x100.png/dddddd/000000
625ac99ffc13ae0e18000152,30,1641843646,1641890446,http://dummyimage.com/226x100.png/dddddd/000000
625ac99ffc13ae0e1800015c,30,1623612979,1623677779,http://dummyimage.com/225x100.png/dddddd/000000
625ac99ffc13ae0e1800013d,26,1641758655,1641809055,http://dummyimage.com/192x100.png/dddddd/000000
625ac99ffc13ae0e1800015c,12,1638467749,1638518149,http://dummyimage.com/180x100.png/cc0000/ffffff
625ac99ffc13ae0e18000137,12,1642678540,1642754140,http://dummyimage.com/165x100.png/dddddd/000000
625ac99ffc13ae0e18000158,15,1642536695,1642612295,http://dummyimage.com/137x100.png/ff4444/ffffff
625ac99ffc13ae0e18000152,23,1621206636,1621267836,http://dummyimage.com/197x100.png/ff4444/ffffff
625ac99ffc13ae0e18000144,24,1648740567,1648816167,http://dummyimage.com/105x100.png/cc0000/ffffff
625ac99ffc13ae0e18000152,28,1641181335,1641238935,http://dummyimage.com/212x100.png/ff4444/ffffff
625ac99ffc13ae0e1800015c,29,1644648071,1644712871,http://dummyimage.com/220x100.png/cc0000/ffffff
625ac99ffc13ae0e18000142,29,1642723341,1642780941,http://dummyimage.com/126x100.png/cc0000/ffffff
625ac99ffc13ae0e1800015c,23,1635027201,1635092001,http://dummyimage.com/163x100.png/cc0000/ffffff
625ac99ffc13ae0e18000142,13,1630826434,1630887634,http://dummyimage.com/184x100.png/dddddd/000000
625ac99ffc13ae0e18000151,25,1641758655,1641809055,http://dummyimage.com/178x100.png/5fa2dd/ffffff
625ac99ffc13ae0e18000152,18,1618878941,1618943741,http://dummyimage.com/153x100.png/5fa2dd/ffffff
625ac99ffc13ae0e18000151,30,1638945879,1638996279,http://dummyimage.com/250x100.png/ff4444/ffffff
625ac99ffc13ae0e18000158,13,1635008118,1635083718,http://dummyimage.com/190x100.png/cc0000/ffffff
625ac99ffc13ae0e18000151,29,1626263985,1626307185,http://dummyimage.com/107x100.png/ff4444/ffffff
625ac99ffc13ae0e1800015d,23,1640179727,1640244527,http://dummyimage.com/127x100.png/5fa2dd/ffffff
625ac99ffc13ae0e18000158,15,1638699566,1638760766,http://dummyimage.com/195x100.png/5fa2dd/ffffff
625ac99ffc13ae0e18000142,14,1628178516,1628228916,http://dummyimage.com/132x100.png/ff4444/ffffff
625ac99ffc13ae0e18000158,15,1640215727,1640291327,http://dummyimage.com/166x100.png/5fa2dd/ffffff
625ac99ffc13ae0e1800013d,14,1642554695,1642637495,http://dummyimage.com/249x100.png/dddddd/000000
625ac99ffc13ae0e1800015c,16,1647546961,1647604561,http://dummyimage.com/105x100.png/cc0000/ffffff
625ac99ffc13ae0e18000158,14,1628293121,1628336321,http://dummyimage.com/245x100.png/ff4444/ffffff
625ac99ffc13ae0e18000137,27,1632964322,1633025522,http://dummyimage.com/209x100.png/dddddd/000000
