manufacturerFormID,warehousesFormID,medicalStoreFormID,alert,completed
625acb86fc13ae0e1800015e,625acb86fc13ae0e1800015f,625acb86fc13ae0e18000160,true,true
625acb86fc13ae0e18000161,625acb86fc13ae0e18000162,625acb86fc13ae0e18000163,true,true
625acb86fc13ae0e18000164,625acb86fc13ae0e18000165,625acb86fc13ae0e18000166,true,false
625acb86fc13ae0e18000167,625acb86fc13ae0e18000168,625acb86fc13ae0e18000169,true,true
625acb86fc13ae0e1800016a,625acb86fc13ae0e1800016b,625acb86fc13ae0e1800016c,false,false
625acb86fc13ae0e1800016d,625acb86fc13ae0e1800016e,625acb86fc13ae0e1800016f,false,true
625acb86fc13ae0e18000170,625acb86fc13ae0e18000171,625acb86fc13ae0e18000172,false,false
625acb86fc13ae0e18000173,625acb86fc13ae0e18000174,625acb86fc13ae0e18000175,false,false
625acb86fc13ae0e18000176,625acb86fc13ae0e18000177,625acb86fc13ae0e18000178,false,true
625acb86fc13ae0e18000179,625acb86fc13ae0e1800017a,625acb86fc13ae0e1800017b,false,false
625acb86fc13ae0e1800017c,625acb86fc13ae0e1800017d,625acb86fc13ae0e1800017e,true,false
625acb86fc13ae0e1800017f,625acb86fc13ae0e18000180,625acb86fc13ae0e18000181,true,true
625acb86fc13ae0e18000182,625acb86fc13ae0e18000183,625acb86fc13ae0e18000184,true,true
625acb86fc13ae0e18000185,625acb86fc13ae0e18000186,625acb86fc13ae0e18000187,false,false
625acb86fc13ae0e18000188,625acb86fc13ae0e18000189,625acb86fc13ae0e1800018a,true,false
625acb86fc13ae0e1800018b,625acb86fc13ae0e1800018c,625acb86fc13ae0e1800018d,true,false
625acb86fc13ae0e1800018e,625acb86fc13ae0e1800018f,625acb86fc13ae0e18000190,false,true
625acb86fc13ae0e18000191,625acb86fc13ae0e18000192,625acb86fc13ae0e18000193,false,false
625acb86fc13ae0e18000194,625acb86fc13ae0e18000195,625acb86fc13ae0e18000196,true,false
625acb86fc13ae0e18000197,625acb86fc13ae0e18000198,625acb86fc13ae0e18000199,false,true
625acb86fc13ae0e1800019a,625acb86fc13ae0e1800019b,625acb86fc13ae0e1800019c,false,true
625acb86fc13ae0e1800019d,625acb86fc13ae0e1800019e,625acb86fc13ae0e1800019f,false,true
625acb86fc13ae0e180001a0,625acb86fc13ae0e180001a1,625acb86fc13ae0e180001a2,false,false
625acb86fc13ae0e180001a3,625acb86fc13ae0e180001a4,625acb86fc13ae0e180001a5,false,false
625acb86fc13ae0e180001a6,625acb86fc13ae0e180001a7,625acb86fc13ae0e180001a8,true,true
625acb86fc13ae0e180001a9,625acb86fc13ae0e180001aa,625acb86fc13ae0e180001ab,true,true
625acb86fc13ae0e180001ac,625acb86fc13ae0e180001ad,625acb86fc13ae0e180001ae,false,true
625acb86fc13ae0e180001af,625acb86fc13ae0e180001b0,625acb86fc13ae0e180001b1,true,true
625acb86fc13ae0e180001b2,625acb86fc13ae0e180001b3,625acb86fc13ae0e180001b4,true,false
625acb86fc13ae0e180001b5,625acb86fc13ae0e180001b6,625acb86fc13ae0e180001b7,false,false
625acb86fc13ae0e180001b8,625acb86fc13ae0e180001b9,625acb86fc13ae0e180001ba,true,false
625acb86fc13ae0e180001bb,625acb86fc13ae0e180001bc,625acb86fc13ae0e180001bd,false,false
625acb86fc13ae0e180001be,625acb86fc13ae0e180001bf,625acb86fc13ae0e180001c0,false,true
625acb86fc13ae0e180001c1,625acb86fc13ae0e180001c2,625acb86fc13ae0e180001c3,false,true
625acb86fc13ae0e180001c4,625acb86fc13ae0e180001c5,625acb86fc13ae0e180001c6,false,false
625acb86fc13ae0e180001c7,625acb86fc13ae0e180001c8,625acb86fc13ae0e180001c9,true,false
625acb86fc13ae0e180001ca,625acb86fc13ae0e180001cb,625acb86fc13ae0e180001cc,false,true
625acb86fc13ae0e180001cd,625acb86fc13ae0e180001ce,625acb86fc13ae0e180001cf,true,false
625acb86fc13ae0e180001d0,625acb86fc13ae0e180001d1,625acb86fc13ae0e180001d2,true,false
625acb86fc13ae0e180001d3,625acb86fc13ae0e180001d4,625acb86fc13ae0e180001d5,false,true
625acb86fc13ae0e180001d6,625acb86fc13ae0e180001d7,625acb86fc13ae0e180001d8,true,false
625acb86fc13ae0e180001d9,625acb86fc13ae0e180001da,625acb86fc13ae0e180001db,false,true
625acb86fc13ae0e180001dc,625acb86fc13ae0e180001dd,625acb86fc13ae0e180001de,true,true
625acb86fc13ae0e180001df,625acb86fc13ae0e180001e0,625acb86fc13ae0e180001e1,true,true
625acb86fc13ae0e180001e2,625acb86fc13ae0e180001e3,625acb86fc13ae0e180001e4,false,false
625acb86fc13ae0e180001e5,625acb86fc13ae0e180001e6,625acb86fc13ae0e180001e7,false,false
625acb86fc13ae0e180001e8,625acb86fc13ae0e180001e9,625acb86fc13ae0e180001ea,true,false
625acb86fc13ae0e180001eb,625acb86fc13ae0e180001ec,625acb86fc13ae0e180001ed,false,true
625acb86fc13ae0e180001ee,625acb86fc13ae0e180001ef,625acb86fc13ae0e180001f0,true,false
625acb86fc13ae0e180001f1,625acb86fc13ae0e180001f2,625acb86fc13ae0e180001f3,true,false
625acb86fc13ae0e180001f4,625acb86fc13ae0e180001f5,625acb86fc13ae0e180001f6,false,false
625acb86fc13ae0e180001f7,625acb86fc13ae0e180001f8,625acb86fc13ae0e180001f9,false,true
625acb86fc13ae0e180001fa,625acb86fc13ae0e180001fb,625acb86fc13ae0e180001fc,true,false
625acb86fc13ae0e180001fd,625acb86fc13ae0e180001fe,625acb86fc13ae0e180001ff,false,false
625acb86fc13ae0e18000200,625acb86fc13ae0e18000201,625acb86fc13ae0e18000202,true,true
625acb86fc13ae0e18000203,625acb86fc13ae0e18000204,625acb86fc13ae0e18000205,true,true
625acb86fc13ae0e18000206,625acb86fc13ae0e18000207,625acb86fc13ae0e18000208,false,false
625acb86fc13ae0e18000209,625acb86fc13ae0e1800020a,625acb86fc13ae0e1800020b,false,true
625acb86fc13ae0e1800020c,625acb86fc13ae0e1800020d,625acb86fc13ae0e1800020e,true,false
625acb86fc13ae0e1800020f,625acb86fc13ae0e18000210,625acb86fc13ae0e18000211,false,false
625acb86fc13ae0e18000212,625acb86fc13ae0e18000213,625acb86fc13ae0e18000214,true,false
625acb86fc13ae0e18000215,625acb86fc13ae0e18000216,625acb86fc13ae0e18000217,false,true
625acb86fc13ae0e18000218,625acb86fc13ae0e18000219,625acb86fc13ae0e1800021a,true,true
625acb86fc13ae0e1800021b,625acb86fc13ae0e1800021c,625acb86fc13ae0e1800021d,false,false
625acb86fc13ae0e1800021e,625acb86fc13ae0e1800021f,625acb86fc13ae0e18000220,false,true
625acb86fc13ae0e18000221,625acb86fc13ae0e18000222,625acb86fc13ae0e18000223,false,false
625acb86fc13ae0e18000224,625acb86fc13ae0e18000225,625acb86fc13ae0e18000226,false,true
625acb86fc13ae0e18000227,625acb86fc13ae0e18000228,625acb86fc13ae0e18000229,true,true
625acb86fc13ae0e1800022a,625acb86fc13ae0e1800022b,625acb86fc13ae0e1800022c,true,false
625acb86fc13ae0e1800022d,625acb86fc13ae0e1800022e,625acb86fc13ae0e1800022f,false,false
625acb86fc13ae0e18000230,625acb86fc13ae0e18000231,625acb86fc13ae0e18000232,true,true
625acb86fc13ae0e18000233,625acb86fc13ae0e18000234,625acb86fc13ae0e18000235,false,true
625acb86fc13ae0e18000236,625acb86fc13ae0e18000237,625acb86fc13ae0e18000238,false,false
625acb86fc13ae0e18000239,625acb86fc13ae0e1800023a,625acb86fc13ae0e1800023b,true,false
625acb86fc13ae0e1800023c,625acb86fc13ae0e1800023d,625acb86fc13ae0e1800023e,true,false
625acb86fc13ae0e1800023f,625acb86fc13ae0e18000240,625acb86fc13ae0e18000241,false,true
625acb86fc13ae0e18000242,625acb86fc13ae0e18000243,625acb86fc13ae0e18000244,false,false
625acb86fc13ae0e18000245,625acb86fc13ae0e18000246,625acb86fc13ae0e18000247,false,false
625acb86fc13ae0e18000248,625acb86fc13ae0e18000249,625acb86fc13ae0e1800024a,false,true
625acb86fc13ae0e1800024b,625acb86fc13ae0e1800024c,625acb86fc13ae0e1800024d,false,true
625acb86fc13ae0e1800024e,625acb86fc13ae0e1800024f,625acb86fc13ae0e18000250,false,true
625acb86fc13ae0e18000251,625acb86fc13ae0e18000252,625acb86fc13ae0e18000253,false,true
625acb86fc13ae0e18000254,625acb86fc13ae0e18000255,625acb86fc13ae0e18000256,true,false
625acb86fc13ae0e18000257,625acb86fc13ae0e18000258,625acb86fc13ae0e18000259,false,true
625acb86fc13ae0e1800025a,625acb86fc13ae0e1800025b,625acb86fc13ae0e1800025c,false,false
625acb86fc13ae0e1800025d,625acb86fc13ae0e1800025e,625acb86fc13ae0e1800025f,false,false
625acb86fc13ae0e18000260,625acb86fc13ae0e18000261,625acb86fc13ae0e18000262,false,true
625acb86fc13ae0e18000263,625acb86fc13ae0e18000264,625acb86fc13ae0e18000265,true,false
625acb86fc13ae0e18000266,625acb86fc13ae0e18000267,625acb86fc13ae0e18000268,false,false
625acb86fc13ae0e18000269,625acb86fc13ae0e1800026a,625acb86fc13ae0e1800026b,false,true
625acb86fc13ae0e1800026c,625acb86fc13ae0e1800026d,625acb86fc13ae0e1800026e,false,false
625acb86fc13ae0e1800026f,625acb86fc13ae0e18000270,625acb86fc13ae0e18000271,true,false
625acb86fc13ae0e18000272,625acb86fc13ae0e18000273,625acb86fc13ae0e18000274,true,false
625acb86fc13ae0e18000275,625acb86fc13ae0e18000276,625acb86fc13ae0e18000277,true,false
625acb86fc13ae0e18000278,625acb86fc13ae0e18000279,625acb86fc13ae0e1800027a,false,true
625acb86fc13ae0e1800027b,625acb86fc13ae0e1800027c,625acb86fc13ae0e1800027d,false,true
625acb86fc13ae0e1800027e,625acb86fc13ae0e1800027f,625acb86fc13ae0e18000280,false,false
625acb86fc13ae0e18000281,625acb86fc13ae0e18000282,625acb86fc13ae0e18000283,true,false
625acb86fc13ae0e18000284,625acb86fc13ae0e18000285,625acb86fc13ae0e18000286,true,false
625acb86fc13ae0e18000287,625acb86fc13ae0e18000288,625acb86fc13ae0e18000289,false,true
625acb86fc13ae0e1800028a,625acb86fc13ae0e1800028b,625acb86fc13ae0e1800028c,true,true
625acb86fc13ae0e1800028d,625acb86fc13ae0e1800028e,625acb86fc13ae0e1800028f,true,true
625acb86fc13ae0e18000290,625acb86fc13ae0e18000291,625acb86fc13ae0e18000292,true,true
625acb86fc13ae0e18000293,625acb86fc13ae0e18000294,625acb86fc13ae0e18000295,true,false
625acb86fc13ae0e18000296,625acb86fc13ae0e18000297,625acb86fc13ae0e18000298,true,true
625acb86fc13ae0e18000299,625acb86fc13ae0e1800029a,625acb86fc13ae0e1800029b,true,true
625acb86fc13ae0e1800029c,625acb86fc13ae0e1800029d,625acb86fc13ae0e1800029e,true,true
625acb86fc13ae0e1800029f,625acb86fc13ae0e180002a0,625acb86fc13ae0e180002a1,true,true
625acb86fc13ae0e180002a2,625acb86fc13ae0e180002a3,625acb86fc13ae0e180002a4,false,true
625acb86fc13ae0e180002a5,625acb86fc13ae0e180002a6,625acb86fc13ae0e180002a7,true,true
625acb86fc13ae0e180002a8,625acb86fc13ae0e180002a9,625acb86fc13ae0e180002aa,false,true
625acb86fc13ae0e180002ab,625acb86fc13ae0e180002ac,625acb86fc13ae0e180002ad,true,true
625acb86fc13ae0e180002ae,625acb86fc13ae0e180002af,625acb86fc13ae0e180002b0,true,true
625acb86fc13ae0e180002b1,625acb86fc13ae0e180002b2,625acb86fc13ae0e180002b3,true,true
625acb86fc13ae0e180002b4,625acb86fc13ae0e180002b5,625acb86fc13ae0e180002b6,true,false
625acb86fc13ae0e180002b7,625acb86fc13ae0e180002b8,625acb86fc13ae0e180002b9,false,false
625acb86fc13ae0e180002ba,625acb86fc13ae0e180002bb,625acb86fc13ae0e180002bc,true,true
625acb86fc13ae0e180002bd,625acb86fc13ae0e180002be,625acb86fc13ae0e180002bf,true,false
625acb86fc13ae0e180002c0,625acb86fc13ae0e180002c1,625acb86fc13ae0e180002c2,false,false
625acb86fc13ae0e180002c3,625acb86fc13ae0e180002c4,625acb86fc13ae0e180002c5,true,false
625acb86fc13ae0e180002c6,625acb86fc13ae0e180002c7,625acb86fc13ae0e180002c8,true,true
625acb86fc13ae0e180002c9,625acb86fc13ae0e180002ca,625acb86fc13ae0e180002cb,false,false
625acb86fc13ae0e180002cc,625acb86fc13ae0e180002cd,625acb86fc13ae0e180002ce,true,false
625acb86fc13ae0e180002cf,625acb86fc13ae0e180002d0,625acb86fc13ae0e180002d1,false,false
625acb86fc13ae0e180002d2,625acb86fc13ae0e180002d3,625acb86fc13ae0e180002d4,true,false
625acb86fc13ae0e180002d5,625acb86fc13ae0e180002d6,625acb86fc13ae0e180002d7,false,false
625acb86fc13ae0e180002d8,625acb86fc13ae0e180002d9,625acb86fc13ae0e180002da,false,false
625acb86fc13ae0e180002db,625acb86fc13ae0e180002dc,625acb86fc13ae0e180002dd,true,false
625acb86fc13ae0e180002de,625acb86fc13ae0e180002df,625acb86fc13ae0e180002e0,true,true
625acb86fc13ae0e180002e1,625acb86fc13ae0e180002e2,625acb86fc13ae0e180002e3,false,false
625acb86fc13ae0e180002e4,625acb86fc13ae0e180002e5,625acb86fc13ae0e180002e6,true,false
625acb86fc13ae0e180002e7,625acb86fc13ae0e180002e8,625acb86fc13ae0e180002e9,false,true
625acb86fc13ae0e180002ea,625acb86fc13ae0e180002eb,625acb86fc13ae0e180002ec,false,false
625acb86fc13ae0e180002ed,625acb86fc13ae0e180002ee,625acb86fc13ae0e180002ef,true,true
625acb86fc13ae0e180002f0,625acb86fc13ae0e180002f1,625acb86fc13ae0e180002f2,false,false
625acb86fc13ae0e180002f3,625acb86fc13ae0e180002f4,625acb86fc13ae0e180002f5,false,true
625acb86fc13ae0e180002f6,625acb86fc13ae0e180002f7,625acb86fc13ae0e180002f8,true,true
625acb86fc13ae0e180002f9,625acb86fc13ae0e180002fa,625acb86fc13ae0e180002fb,true,true
625acb86fc13ae0e180002fc,625acb86fc13ae0e180002fd,625acb86fc13ae0e180002fe,true,true
625acb86fc13ae0e180002ff,625acb86fc13ae0e18000300,625acb86fc13ae0e18000301,true,false
625acb86fc13ae0e18000302,625acb86fc13ae0e18000303,625acb86fc13ae0e18000304,true,false
625acb86fc13ae0e18000305,625acb86fc13ae0e18000306,625acb86fc13ae0e18000307,true,false
625acb86fc13ae0e18000308,625acb86fc13ae0e18000309,625acb86fc13ae0e1800030a,false,true
625acb86fc13ae0e1800030b,625acb86fc13ae0e1800030c,625acb86fc13ae0e1800030d,true,false
625acb86fc13ae0e1800030e,625acb86fc13ae0e1800030f,625acb86fc13ae0e18000310,false,true
625acb86fc13ae0e18000311,625acb86fc13ae0e18000312,625acb86fc13ae0e18000313,false,true
625acb86fc13ae0e18000314,625acb86fc13ae0e18000315,625acb86fc13ae0e18000316,true,false
625acb86fc13ae0e18000317,625acb86fc13ae0e18000318,625acb86fc13ae0e18000319,true,false
625acb86fc13ae0e1800031a,625acb86fc13ae0e1800031b,625acb86fc13ae0e1800031c,true,false
625acb86fc13ae0e1800031d,625acb86fc13ae0e1800031e,625acb86fc13ae0e1800031f,true,false
625acb86fc13ae0e18000320,625acb86fc13ae0e18000321,625acb86fc13ae0e18000322,false,true
625acb86fc13ae0e18000323,625acb86fc13ae0e18000324,625acb86fc13ae0e18000325,false,true
625acb86fc13ae0e18000326,625acb86fc13ae0e18000327,625acb86fc13ae0e18000328,true,true
625acb86fc13ae0e18000329,625acb86fc13ae0e1800032a,625acb86fc13ae0e1800032b,true,true
625acb86fc13ae0e1800032c,625acb86fc13ae0e1800032d,625acb86fc13ae0e1800032e,true,true
625acb86fc13ae0e1800032f,625acb86fc13ae0e18000330,625acb86fc13ae0e18000331,false,true
625acb86fc13ae0e18000332,625acb86fc13ae0e18000333,625acb86fc13ae0e18000334,false,true
625acb86fc13ae0e18000335,625acb86fc13ae0e18000336,625acb86fc13ae0e18000337,false,false
625acb86fc13ae0e18000338,625acb86fc13ae0e18000339,625acb86fc13ae0e1800033a,true,false
625acb86fc13ae0e1800033b,625acb86fc13ae0e1800033c,625acb86fc13ae0e1800033d,false,false
625acb86fc13ae0e1800033e,625acb86fc13ae0e1800033f,625acb86fc13ae0e18000340,false,false
625acb86fc13ae0e18000341,625acb86fc13ae0e18000342,625acb86fc13ae0e18000343,false,true
625acb86fc13ae0e18000344,625acb86fc13ae0e18000345,625acb86fc13ae0e18000346,true,false
625acb86fc13ae0e18000347,625acb86fc13ae0e18000348,625acb86fc13ae0e18000349,false,true
625acb86fc13ae0e1800034a,625acb86fc13ae0e1800034b,625acb86fc13ae0e1800034c,false,false
625acb86fc13ae0e1800034d,625acb86fc13ae0e1800034e,625acb86fc13ae0e1800034f,false,true
625acb86fc13ae0e18000350,625acb86fc13ae0e18000351,625acb86fc13ae0e18000352,false,false
625acb86fc13ae0e18000353,625acb86fc13ae0e18000354,625acb86fc13ae0e18000355,true,false
625acb86fc13ae0e18000356,625acb86fc13ae0e18000357,625acb86fc13ae0e18000358,false,true
625acb86fc13ae0e18000359,625acb86fc13ae0e1800035a,625acb86fc13ae0e1800035b,false,true
625acb86fc13ae0e1800035c,625acb86fc13ae0e1800035d,625acb86fc13ae0e1800035e,true,true
625acb86fc13ae0e1800035f,625acb86fc13ae0e18000360,625acb86fc13ae0e18000361,true,false
625acb86fc13ae0e18000362,625acb86fc13ae0e18000363,625acb86fc13ae0e18000364,true,true
625acb86fc13ae0e18000365,625acb86fc13ae0e18000366,625acb86fc13ae0e18000367,false,false
625acb86fc13ae0e18000368,625acb86fc13ae0e18000369,625acb86fc13ae0e1800036a,true,false
625acb86fc13ae0e1800036b,625acb86fc13ae0e1800036c,625acb86fc13ae0e1800036d,false,true
625acb86fc13ae0e1800036e,625acb86fc13ae0e1800036f,625acb86fc13ae0e18000370,false,true
625acb86fc13ae0e18000371,625acb86fc13ae0e18000372,625acb86fc13ae0e18000373,true,true
625acb86fc13ae0e18000374,625acb86fc13ae0e18000375,625acb86fc13ae0e18000376,false,true
625acb86fc13ae0e18000377,625acb86fc13ae0e18000378,625acb86fc13ae0e18000379,false,true
625acb86fc13ae0e1800037a,625acb86fc13ae0e1800037b,625acb86fc13ae0e1800037c,false,true
625acb86fc13ae0e1800037d,625acb86fc13ae0e1800037e,625acb86fc13ae0e1800037f,false,true
625acb86fc13ae0e18000380,625acb86fc13ae0e18000381,625acb86fc13ae0e18000382,true,true
625acb86fc13ae0e18000383,625acb86fc13ae0e18000384,625acb86fc13ae0e18000385,false,false
625acb86fc13ae0e18000386,625acb86fc13ae0e18000387,625acb86fc13ae0e18000388,false,true
625acb86fc13ae0e18000389,625acb86fc13ae0e1800038a,625acb86fc13ae0e1800038b,false,false
625acb86fc13ae0e1800038c,625acb86fc13ae0e1800038d,625acb86fc13ae0e1800038e,false,true
625acb86fc13ae0e1800038f,625acb86fc13ae0e18000390,625acb86fc13ae0e18000391,true,true
625acb86fc13ae0e18000392,625acb86fc13ae0e18000393,625acb86fc13ae0e18000394,false,true
625acb86fc13ae0e18000395,625acb86fc13ae0e18000396,625acb86fc13ae0e18000397,false,true
625acb86fc13ae0e18000398,625acb86fc13ae0e18000399,625acb86fc13ae0e1800039a,false,true
625acb86fc13ae0e1800039b,625acb86fc13ae0e1800039c,625acb86fc13ae0e1800039d,false,false
625acb86fc13ae0e1800039e,625acb86fc13ae0e1800039f,625acb86fc13ae0e180003a0,false,true
625acb86fc13ae0e180003a1,625acb86fc13ae0e180003a2,625acb86fc13ae0e180003a3,false,true
625acb86fc13ae0e180003a4,625acb86fc13ae0e180003a5,625acb86fc13ae0e180003a6,true,false
625acb86fc13ae0e180003a7,625acb86fc13ae0e180003a8,625acb86fc13ae0e180003a9,false,false
625acb86fc13ae0e180003aa,625acb86fc13ae0e180003ab,625acb86fc13ae0e180003ac,false,false
625acb86fc13ae0e180003ad,625acb86fc13ae0e180003ae,625acb86fc13ae0e180003af,false,false
625acb86fc13ae0e180003b0,625acb86fc13ae0e180003b1,625acb86fc13ae0e180003b2,false,true
625acb86fc13ae0e180003b3,625acb86fc13ae0e180003b4,625acb86fc13ae0e180003b5,true,true
625acb86fc13ae0e180003b6,625acb86fc13ae0e180003b7,625acb86fc13ae0e180003b8,true,true
625acb86fc13ae0e180003b9,625acb86fc13ae0e180003ba,625acb86fc13ae0e180003bb,false,true
625acb86fc13ae0e180003bc,625acb86fc13ae0e180003bd,625acb86fc13ae0e180003be,true,false
625acb86fc13ae0e180003bf,625acb86fc13ae0e180003c0,625acb86fc13ae0e180003c1,true,false
625acb86fc13ae0e180003c2,625acb86fc13ae0e180003c3,625acb86fc13ae0e180003c4,false,true
625acb86fc13ae0e180003c5,625acb86fc13ae0e180003c6,625acb86fc13ae0e180003c7,true,false
625acb86fc13ae0e180003c8,625acb86fc13ae0e180003c9,625acb86fc13ae0e180003ca,false,false
625acb86fc13ae0e180003cb,625acb86fc13ae0e180003cc,625acb86fc13ae0e180003cd,true,false
625acb86fc13ae0e180003ce,625acb86fc13ae0e180003cf,625acb86fc13ae0e180003d0,true,true
625acb86fc13ae0e180003d1,625acb86fc13ae0e180003d2,625acb86fc13ae0e180003d3,false,false
625acb86fc13ae0e180003d4,625acb86fc13ae0e180003d5,625acb86fc13ae0e180003d6,true,false
625acb86fc13ae0e180003d7,625acb86fc13ae0e180003d8,625acb86fc13ae0e180003d9,false,true
625acb86fc13ae0e180003da,625acb86fc13ae0e180003db,625acb86fc13ae0e180003dc,false,true
625acb86fc13ae0e180003dd,625acb86fc13ae0e180003de,625acb86fc13ae0e180003df,true,false
625acb86fc13ae0e180003e0,625acb86fc13ae0e180003e1,625acb86fc13ae0e180003e2,false,true
625acb86fc13ae0e180003e3,625acb86fc13ae0e180003e4,625acb86fc13ae0e180003e5,false,false
625acb86fc13ae0e180003e6,625acb86fc13ae0e180003e7,625acb86fc13ae0e180003e8,true,true
625acb86fc13ae0e180003e9,625acb86fc13ae0e180003ea,625acb86fc13ae0e180003eb,false,false
625acb86fc13ae0e180003ec,625acb86fc13ae0e180003ed,625acb86fc13ae0e180003ee,false,false
625acb86fc13ae0e180003ef,625acb86fc13ae0e180003f0,625acb86fc13ae0e180003f1,false,false
625acb86fc13ae0e180003f2,625acb86fc13ae0e180003f3,625acb86fc13ae0e180003f4,true,false
625acb86fc13ae0e180003f5,625acb86fc13ae0e180003f6,625acb86fc13ae0e180003f7,true,true
625acb86fc13ae0e180003f8,625acb86fc13ae0e180003f9,625acb86fc13ae0e180003fa,false,false
625acb86fc13ae0e180003fb,625acb86fc13ae0e180003fc,625acb86fc13ae0e180003fd,true,false
625acb86fc13ae0e180003fe,625acb86fc13ae0e180003ff,625acb86fc13ae0e18000400,false,false
625acb86fc13ae0e18000401,625acb86fc13ae0e18000402,625acb86fc13ae0e18000403,true,true
625acb86fc13ae0e18000404,625acb86fc13ae0e18000405,625acb86fc13ae0e18000406,false,true
625acb86fc13ae0e18000407,625acb86fc13ae0e18000408,625acb86fc13ae0e18000409,true,true
625acb86fc13ae0e1800040a,625acb86fc13ae0e1800040b,625acb86fc13ae0e1800040c,false,false
625acb86fc13ae0e1800040d,625acb86fc13ae0e1800040e,625acb86fc13ae0e1800040f,true,false
625acb86fc13ae0e18000410,625acb86fc13ae0e18000411,625acb86fc13ae0e18000412,false,true
625acb86fc13ae0e18000413,625acb86fc13ae0e18000414,625acb86fc13ae0e18000415,false,true
625acb86fc13ae0e18000416,625acb86fc13ae0e18000417,625acb86fc13ae0e18000418,false,true
625acb86fc13ae0e18000419,625acb86fc13ae0e1800041a,625acb86fc13ae0e1800041b,true,false
625acb86fc13ae0e1800041c,625acb86fc13ae0e1800041d,625acb86fc13ae0e1800041e,true,true
625acb86fc13ae0e1800041f,625acb86fc13ae0e18000420,625acb86fc13ae0e18000421,false,false
625acb86fc13ae0e18000422,625acb86fc13ae0e18000423,625acb86fc13ae0e18000424,false,true
625acb86fc13ae0e18000425,625acb86fc13ae0e18000426,625acb86fc13ae0e18000427,false,true
625acb86fc13ae0e18000428,625acb86fc13ae0e18000429,625acb86fc13ae0e1800042a,true,false
625acb86fc13ae0e1800042b,625acb86fc13ae0e1800042c,625acb86fc13ae0e1800042d,true,true
625acb86fc13ae0e1800042e,625acb86fc13ae0e1800042f,625acb86fc13ae0e18000430,false,false
625acb86fc13ae0e18000431,625acb86fc13ae0e18000432,625acb86fc13ae0e18000433,true,false
625acb86fc13ae0e18000434,625acb86fc13ae0e18000435,625acb86fc13ae0e18000436,true,false
625acb86fc13ae0e18000437,625acb86fc13ae0e18000438,625acb86fc13ae0e18000439,false,false
625acb86fc13ae0e1800043a,625acb86fc13ae0e1800043b,625acb86fc13ae0e1800043c,false,true
625acb86fc13ae0e1800043d,625acb86fc13ae0e1800043e,625acb86fc13ae0e1800043f,true,false
625acb86fc13ae0e18000440,625acb86fc13ae0e18000441,625acb86fc13ae0e18000442,false,false
625acb86fc13ae0e18000443,625acb86fc13ae0e18000444,625acb86fc13ae0e18000445,false,true
625acb86fc13ae0e18000446,625acb86fc13ae0e18000447,625acb86fc13ae0e18000448,true,true
625acb86fc13ae0e18000449,625acb86fc13ae0e1800044a,625acb86fc13ae0e1800044b,true,true
625acb86fc13ae0e1800044c,625acb86fc13ae0e1800044d,625acb86fc13ae0e1800044e,true,false
625acb86fc13ae0e1800044f,625acb86fc13ae0e18000450,625acb86fc13ae0e18000451,false,false
625acb86fc13ae0e18000452,625acb86fc13ae0e18000453,625acb86fc13ae0e18000454,true,true
625acb86fc13ae0e18000455,625acb86fc13ae0e18000456,625acb86fc13ae0e18000457,true,false
625acb86fc13ae0e18000458,625acb86fc13ae0e18000459,625acb86fc13ae0e1800045a,true,true
625acb86fc13ae0e1800045b,625acb86fc13ae0e1800045c,625acb86fc13ae0e1800045d,false,false
625acb86fc13ae0e1800045e,625acb86fc13ae0e1800045f,625acb86fc13ae0e18000460,false,false
625acb86fc13ae0e18000461,625acb86fc13ae0e18000462,625acb86fc13ae0e18000463,false,false
625acb86fc13ae0e18000464,625acb86fc13ae0e18000465,625acb86fc13ae0e18000466,true,false
625acb86fc13ae0e18000467,625acb86fc13ae0e18000468,625acb86fc13ae0e18000469,true,true
625acb86fc13ae0e1800046a,625acb86fc13ae0e1800046b,625acb86fc13ae0e1800046c,false,false
625acb86fc13ae0e1800046d,625acb86fc13ae0e1800046e,625acb86fc13ae0e1800046f,false,false
625acb86fc13ae0e18000470,625acb86fc13ae0e18000471,625acb86fc13ae0e18000472,true,true
625acb86fc13ae0e18000473,625acb86fc13ae0e18000474,625acb86fc13ae0e18000475,true,true
625acb86fc13ae0e18000476,625acb86fc13ae0e18000477,625acb86fc13ae0e18000478,false,false
625acb86fc13ae0e18000479,625acb86fc13ae0e1800047a,625acb86fc13ae0e1800047b,false,false
625acb86fc13ae0e1800047c,625acb86fc13ae0e1800047d,625acb86fc13ae0e1800047e,true,false
625acb86fc13ae0e1800047f,625acb86fc13ae0e18000480,625acb86fc13ae0e18000481,false,true
625acb86fc13ae0e18000482,625acb86fc13ae0e18000483,625acb86fc13ae0e18000484,true,true
625acb86fc13ae0e18000485,625acb86fc13ae0e18000486,625acb86fc13ae0e18000487,true,false
625acb86fc13ae0e18000488,625acb86fc13ae0e18000489,625acb86fc13ae0e1800048a,true,false
625acb86fc13ae0e1800048b,625acb86fc13ae0e1800048c,625acb86fc13ae0e1800048d,true,false
625acb86fc13ae0e1800048e,625acb86fc13ae0e1800048f,625acb86fc13ae0e18000490,false,true
625acb86fc13ae0e18000491,625acb86fc13ae0e18000492,625acb86fc13ae0e18000493,true,false
625acb86fc13ae0e18000494,625acb86fc13ae0e18000495,625acb86fc13ae0e18000496,false,false
625acb86fc13ae0e18000497,625acb86fc13ae0e18000498,625acb86fc13ae0e18000499,false,true
625acb86fc13ae0e1800049a,625acb86fc13ae0e1800049b,625acb86fc13ae0e1800049c,false,false
625acb86fc13ae0e1800049d,625acb86fc13ae0e1800049e,625acb86fc13ae0e1800049f,true,true
625acb86fc13ae0e180004a0,625acb86fc13ae0e180004a1,625acb86fc13ae0e180004a2,false,false
625acb86fc13ae0e180004a3,625acb86fc13ae0e180004a4,625acb86fc13ae0e180004a5,false,false
625acb86fc13ae0e180004a6,625acb86fc13ae0e180004a7,625acb86fc13ae0e180004a8,true,true
625acb86fc13ae0e180004a9,625acb86fc13ae0e180004aa,625acb86fc13ae0e180004ab,true,false
625acb86fc13ae0e180004ac,625acb86fc13ae0e180004ad,625acb86fc13ae0e180004ae,true,false
625acb86fc13ae0e180004af,625acb86fc13ae0e180004b0,625acb86fc13ae0e180004b1,true,true
625acb86fc13ae0e180004b2,625acb86fc13ae0e180004b3,625acb86fc13ae0e180004b4,true,true
625acb86fc13ae0e180004b5,625acb86fc13ae0e180004b6,625acb86fc13ae0e180004b7,false,false
625acb86fc13ae0e180004b8,625acb86fc13ae0e180004b9,625acb86fc13ae0e180004ba,true,true
625acb86fc13ae0e180004bb,625acb86fc13ae0e180004bc,625acb86fc13ae0e180004bd,true,true
625acb86fc13ae0e180004be,625acb86fc13ae0e180004bf,625acb86fc13ae0e180004c0,false,false
625acb86fc13ae0e180004c1,625acb86fc13ae0e180004c2,625acb86fc13ae0e180004c3,false,false
625acb86fc13ae0e180004c4,625acb86fc13ae0e180004c5,625acb86fc13ae0e180004c6,false,true
625acb86fc13ae0e180004c7,625acb86fc13ae0e180004c8,625acb86fc13ae0e180004c9,true,true
625acb86fc13ae0e180004ca,625acb86fc13ae0e180004cb,625acb86fc13ae0e180004cc,false,true
625acb86fc13ae0e180004cd,625acb86fc13ae0e180004ce,625acb86fc13ae0e180004cf,true,false
625acb86fc13ae0e180004d0,625acb86fc13ae0e180004d1,625acb86fc13ae0e180004d2,true,true
625acb86fc13ae0e180004d3,625acb86fc13ae0e180004d4,625acb86fc13ae0e180004d5,true,false
625acb86fc13ae0e180004d6,625acb86fc13ae0e180004d7,625acb86fc13ae0e180004d8,false,false
625acb86fc13ae0e180004d9,625acb86fc13ae0e180004da,625acb86fc13ae0e180004db,true,false
625acb86fc13ae0e180004dc,625acb86fc13ae0e180004dd,625acb86fc13ae0e180004de,true,false
625acb86fc13ae0e180004df,625acb86fc13ae0e180004e0,625acb86fc13ae0e180004e1,true,false
625acb86fc13ae0e180004e2,625acb86fc13ae0e180004e3,625acb86fc13ae0e180004e4,true,false
625acb86fc13ae0e180004e5,625acb86fc13ae0e180004e6,625acb86fc13ae0e180004e7,false,true
625acb86fc13ae0e180004e8,625acb86fc13ae0e180004e9,625acb86fc13ae0e180004ea,true,true
625acb86fc13ae0e180004eb,625acb86fc13ae0e180004ec,625acb86fc13ae0e180004ed,false,true
625acb86fc13ae0e180004ee,625acb86fc13ae0e180004ef,625acb86fc13ae0e180004f0,false,false
625acb86fc13ae0e180004f1,625acb86fc13ae0e180004f2,625acb86fc13ae0e180004f3,false,false
625acb86fc13ae0e180004f4,625acb86fc13ae0e180004f5,625acb86fc13ae0e180004f6,false,false
625acb86fc13ae0e180004f7,625acb86fc13ae0e180004f8,625acb86fc13ae0e180004f9,false,true
625acb86fc13ae0e180004fa,625acb86fc13ae0e180004fb,625acb86fc13ae0e180004fc,true,true
625acb86fc13ae0e180004fd,625acb86fc13ae0e180004fe,625acb86fc13ae0e180004ff,true,false
625acb86fc13ae0e18000500,625acb86fc13ae0e18000501,625acb86fc13ae0e18000502,false,true
625acb86fc13ae0e18000503,625acb86fc13ae0e18000504,625acb86fc13ae0e18000505,true,true
625acb86fc13ae0e18000506,625acb86fc13ae0e18000507,625acb86fc13ae0e18000508,false,false
625acb86fc13ae0e18000509,625acb86fc13ae0e1800050a,625acb86fc13ae0e1800050b,false,true
625acb86fc13ae0e1800050c,625acb86fc13ae0e1800050d,625acb86fc13ae0e1800050e,true,true
625acb86fc13ae0e1800050f,625acb86fc13ae0e18000510,625acb86fc13ae0e18000511,false,true
625acb86fc13ae0e18000512,625acb86fc13ae0e18000513,625acb86fc13ae0e18000514,true,false
625acb86fc13ae0e18000515,625acb86fc13ae0e18000516,625acb86fc13ae0e18000517,false,false
625acb86fc13ae0e18000518,625acb86fc13ae0e18000519,625acb86fc13ae0e1800051a,false,true
625acb86fc13ae0e1800051b,625acb86fc13ae0e1800051c,625acb86fc13ae0e1800051d,false,true
625acb86fc13ae0e1800051e,625acb86fc13ae0e1800051f,625acb86fc13ae0e18000520,false,true
625acb86fc13ae0e18000521,625acb86fc13ae0e18000522,625acb86fc13ae0e18000523,false,true
625acb86fc13ae0e18000524,625acb86fc13ae0e18000525,625acb86fc13ae0e18000526,false,false
625acb86fc13ae0e18000527,625acb86fc13ae0e18000528,625acb86fc13ae0e18000529,true,true
625acb86fc13ae0e1800052a,625acb86fc13ae0e1800052b,625acb86fc13ae0e1800052c,false,true
625acb86fc13ae0e1800052d,625acb86fc13ae0e1800052e,625acb86fc13ae0e1800052f,true,true
625acb86fc13ae0e18000530,625acb86fc13ae0e18000531,625acb86fc13ae0e18000532,false,false
625acb86fc13ae0e18000533,625acb86fc13ae0e18000534,625acb86fc13ae0e18000535,true,true
625acb86fc13ae0e18000536,625acb86fc13ae0e18000537,625acb86fc13ae0e18000538,false,true
625acb86fc13ae0e18000539,625acb86fc13ae0e1800053a,625acb86fc13ae0e1800053b,true,false
625acb86fc13ae0e1800053c,625acb86fc13ae0e1800053d,625acb86fc13ae0e1800053e,true,false
625acb86fc13ae0e1800053f,625acb86fc13ae0e18000540,625acb86fc13ae0e18000541,true,true
625acb86fc13ae0e18000542,625acb86fc13ae0e18000543,625acb86fc13ae0e18000544,false,true
625acb86fc13ae0e18000545,625acb86fc13ae0e18000546,625acb86fc13ae0e18000547,false,false
625acb86fc13ae0e18000548,625acb86fc13ae0e18000549,625acb86fc13ae0e1800054a,true,false
625acb86fc13ae0e1800054b,625acb86fc13ae0e1800054c,625acb86fc13ae0e1800054d,true,false
625acb86fc13ae0e1800054e,625acb86fc13ae0e1800054f,625acb86fc13ae0e18000550,true,true
625acb86fc13ae0e18000551,625acb86fc13ae0e18000552,625acb86fc13ae0e18000553,true,false
625acb86fc13ae0e18000554,625acb86fc13ae0e18000555,625acb86fc13ae0e18000556,true,true
625acb86fc13ae0e18000557,625acb86fc13ae0e18000558,625acb86fc13ae0e18000559,true,true
625acb86fc13ae0e1800055a,625acb86fc13ae0e1800055b,625acb86fc13ae0e1800055c,true,false
625acb86fc13ae0e1800055d,625acb86fc13ae0e1800055e,625acb86fc13ae0e1800055f,false,false
625acb86fc13ae0e18000560,625acb86fc13ae0e18000561,625acb86fc13ae0e18000562,false,false
625acb86fc13ae0e18000563,625acb86fc13ae0e18000564,625acb86fc13ae0e18000565,true,true
625acb86fc13ae0e18000566,625acb86fc13ae0e18000567,625acb86fc13ae0e18000568,true,false
625acb86fc13ae0e18000569,625acb86fc13ae0e1800056a,625acb86fc13ae0e1800056b,false,true
625acb86fc13ae0e1800056c,625acb86fc13ae0e1800056d,625acb86fc13ae0e1800056e,true,false
625acb86fc13ae0e1800056f,625acb86fc13ae0e18000570,625acb86fc13ae0e18000571,true,false
625acb86fc13ae0e18000572,625acb86fc13ae0e18000573,625acb86fc13ae0e18000574,true,false
625acb86fc13ae0e18000575,625acb86fc13ae0e18000576,625acb86fc13ae0e18000577,false,true
625acb86fc13ae0e18000578,625acb86fc13ae0e18000579,625acb86fc13ae0e1800057a,true,true
625acb86fc13ae0e1800057b,625acb86fc13ae0e1800057c,625acb86fc13ae0e1800057d,false,true
625acb86fc13ae0e1800057e,625acb86fc13ae0e1800057f,625acb86fc13ae0e18000580,false,true
625acb86fc13ae0e18000581,625acb86fc13ae0e18000582,625acb86fc13ae0e18000583,true,false
625acb86fc13ae0e18000584,625acb86fc13ae0e18000585,625acb86fc13ae0e18000586,false,true
625acb86fc13ae0e18000587,625acb86fc13ae0e18000588,625acb86fc13ae0e18000589,true,true
625acb86fc13ae0e1800058a,625acb86fc13ae0e1800058b,625acb86fc13ae0e1800058c,true,false
625acb86fc13ae0e1800058d,625acb86fc13ae0e1800058e,625acb86fc13ae0e1800058f,true,false
625acb86fc13ae0e18000590,625acb86fc13ae0e18000591,625acb86fc13ae0e18000592,false,true
625acb86fc13ae0e18000593,625acb86fc13ae0e18000594,625acb86fc13ae0e18000595,true,false
625acb86fc13ae0e18000596,625acb86fc13ae0e18000597,625acb86fc13ae0e18000598,true,true
625acb86fc13ae0e18000599,625acb86fc13ae0e1800059a,625acb86fc13ae0e1800059b,false,true
625acb86fc13ae0e1800059c,625acb86fc13ae0e1800059d,625acb86fc13ae0e1800059e,false,true
625acb86fc13ae0e1800059f,625acb86fc13ae0e180005a0,625acb86fc13ae0e180005a1,false,false
625acb86fc13ae0e180005a2,625acb86fc13ae0e180005a3,625acb86fc13ae0e180005a4,true,true
625acb86fc13ae0e180005a5,625acb86fc13ae0e180005a6,625acb86fc13ae0e180005a7,false,false
625acb86fc13ae0e180005a8,625acb86fc13ae0e180005a9,625acb86fc13ae0e180005aa,false,false
625acb86fc13ae0e180005ab,625acb86fc13ae0e180005ac,625acb86fc13ae0e180005ad,true,false
625acb86fc13ae0e180005ae,625acb86fc13ae0e180005af,625acb86fc13ae0e180005b0,false,false
625acb86fc13ae0e180005b1,625acb86fc13ae0e180005b2,625acb86fc13ae0e180005b3,false,false
625acb86fc13ae0e180005b4,625acb86fc13ae0e180005b5,625acb86fc13ae0e180005b6,false,false
625acb86fc13ae0e180005b7,625acb86fc13ae0e180005b8,625acb86fc13ae0e180005b9,true,true
625acb86fc13ae0e180005ba,625acb86fc13ae0e180005bb,625acb86fc13ae0e180005bc,true,true
625acb86fc13ae0e180005bd,625acb86fc13ae0e180005be,625acb86fc13ae0e180005bf,false,false
625acb86fc13ae0e180005c0,625acb86fc13ae0e180005c1,625acb86fc13ae0e180005c2,false,true
625acb86fc13ae0e180005c3,625acb86fc13ae0e180005c4,625acb86fc13ae0e180005c5,true,true
625acb86fc13ae0e180005c6,625acb86fc13ae0e180005c7,625acb86fc13ae0e180005c8,true,false
625acb86fc13ae0e180005c9,625acb86fc13ae0e180005ca,625acb86fc13ae0e180005cb,true,true
625acb86fc13ae0e180005cc,625acb86fc13ae0e180005cd,625acb86fc13ae0e180005ce,true,false
625acb86fc13ae0e180005cf,625acb86fc13ae0e180005d0,625acb86fc13ae0e180005d1,true,false
625acb86fc13ae0e180005d2,625acb86fc13ae0e180005d3,625acb86fc13ae0e180005d4,false,false
625acb86fc13ae0e180005d5,625acb86fc13ae0e180005d6,625acb86fc13ae0e180005d7,true,true
625acb86fc13ae0e180005d8,625acb86fc13ae0e180005d9,625acb86fc13ae0e180005da,true,false
625acb86fc13ae0e180005db,625acb86fc13ae0e180005dc,625acb86fc13ae0e180005dd,true,false
625acb86fc13ae0e180005de,625acb86fc13ae0e180005df,625acb86fc13ae0e180005e0,false,true
625acb86fc13ae0e180005e1,625acb86fc13ae0e180005e2,625acb86fc13ae0e180005e3,false,true
625acb86fc13ae0e180005e4,625acb86fc13ae0e180005e5,625acb86fc13ae0e180005e6,false,true
625acb86fc13ae0e180005e7,625acb86fc13ae0e180005e8,625acb86fc13ae0e180005e9,true,false
625acb86fc13ae0e180005ea,625acb86fc13ae0e180005eb,625acb86fc13ae0e180005ec,false,true
625acb86fc13ae0e180005ed,625acb86fc13ae0e180005ee,625acb86fc13ae0e180005ef,true,false
625acb86fc13ae0e180005f0,625acb86fc13ae0e180005f1,625acb86fc13ae0e180005f2,true,false
625acb86fc13ae0e180005f3,625acb86fc13ae0e180005f4,625acb86fc13ae0e180005f5,true,false
625acb86fc13ae0e180005f6,625acb86fc13ae0e180005f7,625acb86fc13ae0e180005f8,false,false
625acb86fc13ae0e180005f9,625acb86fc13ae0e180005fa,625acb86fc13ae0e180005fb,false,false
625acb86fc13ae0e180005fc,625acb86fc13ae0e180005fd,625acb86fc13ae0e180005fe,false,true
625acb86fc13ae0e180005ff,625acb86fc13ae0e18000600,625acb86fc13ae0e18000601,false,true
625acb86fc13ae0e18000602,625acb86fc13ae0e18000603,625acb86fc13ae0e18000604,true,false
625acb86fc13ae0e18000605,625acb86fc13ae0e18000606,625acb86fc13ae0e18000607,true,true
625acb86fc13ae0e18000608,625acb86fc13ae0e18000609,625acb86fc13ae0e1800060a,false,false
625acb86fc13ae0e1800060b,625acb86fc13ae0e1800060c,625acb86fc13ae0e1800060d,true,true
625acb86fc13ae0e1800060e,625acb86fc13ae0e1800060f,625acb86fc13ae0e18000610,true,true
625acb86fc13ae0e18000611,625acb86fc13ae0e18000612,625acb86fc13ae0e18000613,true,true
625acb86fc13ae0e18000614,625acb86fc13ae0e18000615,625acb86fc13ae0e18000616,true,false
625acb86fc13ae0e18000617,625acb86fc13ae0e18000618,625acb86fc13ae0e18000619,false,false
625acb86fc13ae0e1800061a,625acb86fc13ae0e1800061b,625acb86fc13ae0e1800061c,false,false
625acb86fc13ae0e1800061d,625acb86fc13ae0e1800061e,625acb86fc13ae0e1800061f,true,true
625acb86fc13ae0e18000620,625acb86fc13ae0e18000621,625acb86fc13ae0e18000622,false,false
625acb86fc13ae0e18000623,625acb86fc13ae0e18000624,625acb86fc13ae0e18000625,false,true
625acb86fc13ae0e18000626,625acb86fc13ae0e18000627,625acb86fc13ae0e18000628,true,false
625acb86fc13ae0e18000629,625acb86fc13ae0e1800062a,625acb86fc13ae0e1800062b,false,false
625acb86fc13ae0e1800062c,625acb86fc13ae0e1800062d,625acb86fc13ae0e1800062e,true,true
625acb86fc13ae0e1800062f,625acb86fc13ae0e18000630,625acb86fc13ae0e18000631,true,false
625acb86fc13ae0e18000632,625acb86fc13ae0e18000633,625acb86fc13ae0e18000634,true,true
625acb86fc13ae0e18000635,625acb86fc13ae0e18000636,625acb86fc13ae0e18000637,false,false
625acb86fc13ae0e18000638,625acb86fc13ae0e18000639,625acb86fc13ae0e1800063a,true,true
625acb86fc13ae0e1800063b,625acb86fc13ae0e1800063c,625acb86fc13ae0e1800063d,false,false
625acb86fc13ae0e1800063e,625acb86fc13ae0e1800063f,625acb86fc13ae0e18000640,true,true
625acb86fc13ae0e18000641,625acb86fc13ae0e18000642,625acb86fc13ae0e18000643,false,true
625acb86fc13ae0e18000644,625acb86fc13ae0e18000645,625acb86fc13ae0e18000646,false,false
625acb86fc13ae0e18000647,625acb86fc13ae0e18000648,625acb86fc13ae0e18000649,false,false
625acb86fc13ae0e1800064a,625acb86fc13ae0e1800064b,625acb86fc13ae0e1800064c,false,true
625acb86fc13ae0e1800064d,625acb86fc13ae0e1800064e,625acb86fc13ae0e1800064f,true,false
625acb86fc13ae0e18000650,625acb86fc13ae0e18000651,625acb86fc13ae0e18000652,false,true
625acb86fc13ae0e18000653,625acb86fc13ae0e18000654,625acb86fc13ae0e18000655,true,false
625acb86fc13ae0e18000656,625acb86fc13ae0e18000657,625acb86fc13ae0e18000658,true,true
625acb86fc13ae0e18000659,625acb86fc13ae0e1800065a,625acb86fc13ae0e1800065b,false,true
625acb86fc13ae0e1800065c,625acb86fc13ae0e1800065d,625acb86fc13ae0e1800065e,false,false
625acb86fc13ae0e1800065f,625acb86fc13ae0e18000660,625acb86fc13ae0e18000661,true,false
625acb86fc13ae0e18000662,625acb86fc13ae0e18000663,625acb86fc13ae0e18000664,true,true
625acb86fc13ae0e18000665,625acb86fc13ae0e18000666,625acb86fc13ae0e18000667,true,false
625acb86fc13ae0e18000668,625acb86fc13ae0e18000669,625acb86fc13ae0e1800066a,false,false
625acb86fc13ae0e1800066b,625acb86fc13ae0e1800066c,625acb86fc13ae0e1800066d,true,false
625acb86fc13ae0e1800066e,625acb86fc13ae0e1800066f,625acb86fc13ae0e18000670,false,false
625acb86fc13ae0e18000671,625acb86fc13ae0e18000672,625acb86fc13ae0e18000673,true,true
625acb86fc13ae0e18000674,625acb86fc13ae0e18000675,625acb86fc13ae0e18000676,false,true
625acb86fc13ae0e18000677,625acb86fc13ae0e18000678,625acb86fc13ae0e18000679,true,false
625acb86fc13ae0e1800067a,625acb86fc13ae0e1800067b,625acb86fc13ae0e1800067c,true,false
625acb86fc13ae0e1800067d,625acb86fc13ae0e1800067e,625acb86fc13ae0e1800067f,false,true
625acb86fc13ae0e18000680,625acb86fc13ae0e18000681,625acb86fc13ae0e18000682,false,true
625acb86fc13ae0e18000683,625acb86fc13ae0e18000684,625acb86fc13ae0e18000685,true,true
625acb86fc13ae0e18000686,625acb86fc13ae0e18000687,625acb86fc13ae0e18000688,false,true
625acb86fc13ae0e18000689,625acb86fc13ae0e1800068a,625acb86fc13ae0e1800068b,true,true
625acb86fc13ae0e1800068c,625acb86fc13ae0e1800068d,625acb86fc13ae0e1800068e,true,false
625acb86fc13ae0e1800068f,625acb86fc13ae0e18000690,625acb86fc13ae0e18000691,true,false
625acb86fc13ae0e18000692,625acb86fc13ae0e18000693,625acb86fc13ae0e18000694,true,true
625acb86fc13ae0e18000695,625acb86fc13ae0e18000696,625acb86fc13ae0e18000697,true,true
625acb86fc13ae0e18000698,625acb86fc13ae0e18000699,625acb86fc13ae0e1800069a,true,false
625acb86fc13ae0e1800069b,625acb86fc13ae0e1800069c,625acb86fc13ae0e1800069d,false,true
625acb86fc13ae0e1800069e,625acb86fc13ae0e1800069f,625acb86fc13ae0e180006a0,false,false
625acb86fc13ae0e180006a1,625acb86fc13ae0e180006a2,625acb86fc13ae0e180006a3,false,true
625acb86fc13ae0e180006a4,625acb86fc13ae0e180006a5,625acb86fc13ae0e180006a6,false,true
625acb86fc13ae0e180006a7,625acb86fc13ae0e180006a8,625acb86fc13ae0e180006a9,false,true
625acb86fc13ae0e180006aa,625acb86fc13ae0e180006ab,625acb86fc13ae0e180006ac,true,true
625acb86fc13ae0e180006ad,625acb86fc13ae0e180006ae,625acb86fc13ae0e180006af,false,false
625acb86fc13ae0e180006b0,625acb86fc13ae0e180006b1,625acb86fc13ae0e180006b2,true,false
625acb86fc13ae0e180006b3,625acb86fc13ae0e180006b4,625acb86fc13ae0e180006b5,false,false
625acb86fc13ae0e180006b6,625acb86fc13ae0e180006b7,625acb86fc13ae0e180006b8,false,true
625acb86fc13ae0e180006b9,625acb86fc13ae0e180006ba,625acb86fc13ae0e180006bb,true,false
625acb86fc13ae0e180006bc,625acb86fc13ae0e180006bd,625acb86fc13ae0e180006be,true,true
625acb86fc13ae0e180006bf,625acb86fc13ae0e180006c0,625acb86fc13ae0e180006c1,false,false
625acb86fc13ae0e180006c2,625acb86fc13ae0e180006c3,625acb86fc13ae0e180006c4,false,true
625acb86fc13ae0e180006c5,625acb86fc13ae0e180006c6,625acb86fc13ae0e180006c7,true,true
625acb86fc13ae0e180006c8,625acb86fc13ae0e180006c9,625acb86fc13ae0e180006ca,true,true
625acb86fc13ae0e180006cb,625acb86fc13ae0e180006cc,625acb86fc13ae0e180006cd,true,true
625acb86fc13ae0e180006ce,625acb86fc13ae0e180006cf,625acb86fc13ae0e180006d0,false,false
625acb86fc13ae0e180006d1,625acb86fc13ae0e180006d2,625acb86fc13ae0e180006d3,false,false
625acb86fc13ae0e180006d4,625acb86fc13ae0e180006d5,625acb86fc13ae0e180006d6,false,false
625acb86fc13ae0e180006d7,625acb86fc13ae0e180006d8,625acb86fc13ae0e180006d9,true,true
625acb86fc13ae0e180006da,625acb86fc13ae0e180006db,625acb86fc13ae0e180006dc,false,true
625acb86fc13ae0e180006dd,625acb86fc13ae0e180006de,625acb86fc13ae0e180006df,false,false
625acb86fc13ae0e180006e0,625acb86fc13ae0e180006e1,625acb86fc13ae0e180006e2,true,true
625acb86fc13ae0e180006e3,625acb86fc13ae0e180006e4,625acb86fc13ae0e180006e5,false,false
625acb86fc13ae0e180006e6,625acb86fc13ae0e180006e7,625acb86fc13ae0e180006e8,true,false
625acb86fc13ae0e180006e9,625acb86fc13ae0e180006ea,625acb86fc13ae0e180006eb,true,false
625acb86fc13ae0e180006ec,625acb86fc13ae0e180006ed,625acb86fc13ae0e180006ee,true,false
625acb86fc13ae0e180006ef,625acb86fc13ae0e180006f0,625acb86fc13ae0e180006f1,false,true
625acb86fc13ae0e180006f2,625acb86fc13ae0e180006f3,625acb86fc13ae0e180006f4,true,true
625acb86fc13ae0e180006f5,625acb86fc13ae0e180006f6,625acb86fc13ae0e180006f7,false,false
625acb86fc13ae0e180006f8,625acb86fc13ae0e180006f9,625acb86fc13ae0e180006fa,true,true
625acb86fc13ae0e180006fb,625acb86fc13ae0e180006fc,625acb86fc13ae0e180006fd,true,false
625acb86fc13ae0e180006fe,625acb86fc13ae0e180006ff,625acb86fc13ae0e18000700,true,true
625acb86fc13ae0e18000701,625acb86fc13ae0e18000702,625acb86fc13ae0e18000703,true,true
625acb86fc13ae0e18000704,625acb86fc13ae0e18000705,625acb86fc13ae0e18000706,true,false
625acb86fc13ae0e18000707,625acb86fc13ae0e18000708,625acb86fc13ae0e18000709,false,false
625acb86fc13ae0e1800070a,625acb86fc13ae0e1800070b,625acb86fc13ae0e1800070c,false,true
625acb86fc13ae0e1800070d,625acb86fc13ae0e1800070e,625acb86fc13ae0e1800070f,false,true
625acb86fc13ae0e18000710,625acb86fc13ae0e18000711,625acb86fc13ae0e18000712,false,true
625acb86fc13ae0e18000713,625acb86fc13ae0e18000714,625acb86fc13ae0e18000715,false,false
625acb86fc13ae0e18000716,625acb86fc13ae0e18000717,625acb86fc13ae0e18000718,false,true
625acb86fc13ae0e18000719,625acb86fc13ae0e1800071a,625acb86fc13ae0e1800071b,true,false
625acb86fc13ae0e1800071c,625acb86fc13ae0e1800071d,625acb86fc13ae0e1800071e,false,true
625acb86fc13ae0e1800071f,625acb86fc13ae0e18000720,625acb86fc13ae0e18000721,true,true
625acb86fc13ae0e18000722,625acb86fc13ae0e18000723,625acb86fc13ae0e18000724,true,false
625acb86fc13ae0e18000725,625acb86fc13ae0e18000726,625acb86fc13ae0e18000727,false,true
625acb86fc13ae0e18000728,625acb86fc13ae0e18000729,625acb86fc13ae0e1800072a,false,false
625acb86fc13ae0e1800072b,625acb86fc13ae0e1800072c,625acb86fc13ae0e1800072d,false,false
625acb86fc13ae0e1800072e,625acb86fc13ae0e1800072f,625acb86fc13ae0e18000730,true,false
625acb86fc13ae0e18000731,625acb86fc13ae0e18000732,625acb86fc13ae0e18000733,false,false
625acb86fc13ae0e18000734,625acb86fc13ae0e18000735,625acb86fc13ae0e18000736,false,false
625acb86fc13ae0e18000737,625acb86fc13ae0e18000738,625acb86fc13ae0e18000739,true,false
