role,warehouseID,manID,quantity,inTime,outTime,alert,AIalert
warehouse,625ac99ffc13ae0e18000145,625ac99ffc13ae0e18000156,21,1621645137,1621767537,true,P2
warehouse,625ac99ffc13ae0e1800013b,625ac99ffc13ae0e18000141,27,1643755379,1643913779,false,P3
warehouse,625ac99ffc13ae0e18000130,625ac99ffc13ae0e1800014a,26,1626211845,1626384645,false,P2
warehouse,625ac99ffc13ae0e18000139,625ac99ffc13ae0e1800014d,14,1624833000,1624919400,true,P3
warehouse,625ac99ffc13ae0e1800013b,625ac99ffc13ae0e1800012e,18,1622471379,1622622579,false,P2
warehouse,625ac99ffc13ae0e18000130,625ac99ffc13ae0e18000148,25,1644484644,1644603444,true,P3
warehouse,625ac99ffc13ae0e18000150,625ac99ffc13ae0e1800014d,29,1644036948,1644130548,false,P2
warehouse,625ac99ffc13ae0e18000145,625ac99ffc13ae0e18000141,30,1643755379,1643852579,false,P3
warehouse,625ac99ffc13ae0e18000140,625ac99ffc13ae0e18000131,14,1629457378,1629601378,true,P2
warehouse,625ac99ffc13ae0e18000130,625ac99ffc13ae0e18000147,26,1641869262,1641959262,false,P3
warehouse,625ac99ffc13ae0e18000140,625ac99ffc13ae0e18000136,21,1643468777,1643612777,true,P3
warehouse,625ac99ffc13ae0e18000130,625ac99ffc13ae0e1800014a,29,1632986361,1633144761,false,P3
warehouse,625ac99ffc13ae0e1800013b,625ac99ffc13ae0e1800012e,23,1626111344,1626269744,false,P3
warehouse,625ac99ffc13ae0e18000130,625ac99ffc13ae0e1800012c,28,1638972699,1639134699,false,P3
warehouse,625ac99ffc13ae0e18000150,625ac99ffc13ae0e1800012d,22,1626989398,1627136998,true,P3
warehouse,625ac99ffc13ae0e1800013b,625ac99ffc13ae0e18000156,28,1644786398,1644933998,false,P3
warehouse,625ac99ffc13ae0e18000150,625ac99ffc13ae0e1800014a,30,1624151594,1624270394,false,P3
warehouse,625ac99ffc13ae0e1800013b,625ac99ffc13ae0e18000141,17,1628138550,1628246550,true,P3
warehouse,625ac99ffc13ae0e18000145,625ac99ffc13ae0e18000147,15,1626085218,1626218418,true,P3
warehouse,625ac99ffc13ae0e18000130,625ac99ffc13ae0e1800012d,17,1648724619,1648847019,false,P2
warehouse,625ac99ffc13ae0e18000140,625ac99ffc13ae0e18000131,20,1621466254,1621613854,false,P3
warehouse,625ac99ffc13ae0e18000140,625ac99ffc13ae0e18000148,16,1641804863,1641945263,true,P2
warehouse,625ac99ffc13ae0e18000140,625ac99ffc13ae0e1800012e,25,1637272510,1637369710,true,P3
warehouse,625ac99ffc13ae0e1800013b,625ac99ffc13ae0e1800013e,16,1633007410,1633147810,false,P3
warehouse,625ac99ffc13ae0e1800013b,625ac99ffc13ae0e18000141,30,1633679846,1633780646,false,P3
warehouse,625ac99ffc13ae0e18000145,625ac99ffc13ae0e18000156,13,1618766686,1618896286,false,P3
warehouse,625ac99ffc13ae0e18000145,625ac99ffc13ae0e1800014a,17,1619086351,1619179951,true,P3
warehouse,625ac99ffc13ae0e1800013b,625ac99ffc13ae0e1800012e,12,1643269397,1643355797,false,P2
warehouse,625ac99ffc13ae0e18000139,625ac99ffc13ae0e18000141,11,1634138761,1634275561,true,P3
warehouse,625ac99ffc13ae0e1800013b,625ac99ffc13ae0e1800012c,29,1643271243,1643418843,false,P3
warehouse,625ac99ffc13ae0e18000140,625ac99ffc13ae0e1800014d,13,1624028832,1624126032,true,P3
warehouse,625ac99ffc13ae0e18000150,625ac99ffc13ae0e18000136,24,1620780227,1620913427,true,P2
warehouse,625ac99ffc13ae0e18000145,625ac99ffc13ae0e18000131,11,1644433403,1644523403,true,P2
warehouse,625ac99ffc13ae0e1800013b,625ac99ffc13ae0e1800012c,13,1620970710,1621075110,false,P2
warehouse,625ac99ffc13ae0e1800013b,625ac99ffc13ae0e18000141,21,1623508579,1623645379,true,P2
warehouse,625ac99ffc13ae0e18000140,625ac99ffc13ae0e18000141,13,1633679846,1633849046,false,P2
warehouse,625ac99ffc13ae0e18000130,625ac99ffc13ae0e18000136,14,1646715361,1646841361,false,P3
warehouse,625ac99ffc13ae0e18000145,625ac99ffc13ae0e18000131,19,1644771661,1644908461,false,P3
warehouse,625ac99ffc13ae0e18000139,625ac99ffc13ae0e18000131,30,1633231160,1633403960,false,P3
warehouse,625ac99ffc13ae0e18000150,625ac99ffc13ae0e1800012e,23,1623463932,1623600732,true,P3
warehouse,625ac99ffc13ae0e18000130,625ac99ffc13ae0e1800012d,19,1648574967,1648715367,true,P3
warehouse,625ac99ffc13ae0e1800013b,625ac99ffc13ae0e1800013e,18,1626319203,1626420003,true,P3
warehouse,625ac99ffc13ae0e18000145,625ac99ffc13ae0e18000136,12,1638794090,1638894890,false,P2
warehouse,625ac99ffc13ae0e1800013b,625ac99ffc13ae0e18000141,15,1622539518,1622697918,true,P3
warehouse,625ac99ffc13ae0e18000130,625ac99ffc13ae0e18000147,26,1638846107,1638964907,true,P3
warehouse,625ac99ffc13ae0e18000130,625ac99ffc13ae0e18000148,24,1631315188,1631487988,true,P3
warehouse,625ac99ffc13ae0e18000140,625ac99ffc13ae0e1800012c,11,1648531115,1648617515,true,P3
warehouse,625ac99ffc13ae0e18000150,625ac99ffc13ae0e18000156,20,1625841573,1625938773,true,P2
warehouse,625ac99ffc13ae0e18000130,625ac99ffc13ae0e1800013e,18,1631329304,1631437304,false,P2
warehouse,625ac99ffc13ae0e18000145,625ac99ffc13ae0e18000131,25,1623245054,1623414254,true,P3
warehouse,625ac99ffc13ae0e18000139,625ac99ffc13ae0e1800013e,19,1646793116,1646926316,true,P2
warehouse,625ac99ffc13ae0e18000150,625ac99ffc13ae0e1800013e,22,1633007410,1633140610,true,P3
warehouse,625ac99ffc13ae0e18000145,625ac99ffc13ae0e1800012e,25,1642590141,1642676541,false,P3
warehouse,625ac99ffc13ae0e18000150,625ac99ffc13ae0e1800012c,28,1627597609,1627730809,true,P3
warehouse,625ac99ffc13ae0e18000130,625ac99ffc13ae0e1800012e,17,1636695264,1636788864,false,P3
warehouse,625ac99ffc13ae0e18000130,625ac99ffc13ae0e1800013e,28,1626739351,1626894151,true,P3
warehouse,625ac99ffc13ae0e18000145,625ac99ffc13ae0e1800014a,19,1627081418,1627196618,true,P3
warehouse,625ac99ffc13ae0e18000145,625ac99ffc13ae0e1800012c,20,1646597324,1646744924,false,P3
warehouse,625ac99ffc13ae0e18000139,625ac99ffc13ae0e1800012c,24,1631846072,1631982872,false,P3
warehouse,625ac99ffc13ae0e18000140,625ac99ffc13ae0e1800012e,15,1629763241,1629867641,true,P3
warehouse,625ac99ffc13ae0e18000140,625ac99ffc13ae0e18000156,23,1640929028,1641026228,true,P2
warehouse,625ac99ffc13ae0e18000150,625ac99ffc13ae0e1800012c,21,1641759784,1641874984,false,P2
warehouse,625ac99ffc13ae0e18000145,625ac99ffc13ae0e1800014a,14,1632791522,1632913922,false,P3
warehouse,625ac99ffc13ae0e1800013b,625ac99ffc13ae0e18000147,27,1640982492,1641090492,true,P3
warehouse,625ac99ffc13ae0e1800013b,625ac99ffc13ae0e1800012c,16,1619721057,1619865057,true,P3
warehouse,625ac99ffc13ae0e18000150,625ac99ffc13ae0e1800013e,26,1619293324,1619394124,true,P3
warehouse,625ac99ffc13ae0e1800013b,625ac99ffc13ae0e1800012c,20,1625121865,1625287465,true,P3
warehouse,625ac99ffc13ae0e18000130,625ac99ffc13ae0e18000147,29,1627311468,1627480668,false,P3
warehouse,625ac99ffc13ae0e18000139,625ac99ffc13ae0e18000131,11,1624058234,1624195034,true,P3
warehouse,625ac99ffc13ae0e18000139,625ac99ffc13ae0e18000147,24,1641073335,1641159735,true,P3
warehouse,625ac99ffc13ae0e18000140,625ac99ffc13ae0e18000156,25,1637943611,1638055211,true,P3
warehouse,625ac99ffc13ae0e18000130,625ac99ffc13ae0e18000131,24,1628588296,1628721496,true,P2
warehouse,625ac99ffc13ae0e18000150,625ac99ffc13ae0e18000131,29,1636824339,1636921539,false,P3
warehouse,625ac99ffc13ae0e18000150,625ac99ffc13ae0e1800014a,11,1632868279,1632961879,true,P3
warehouse,625ac99ffc13ae0e1800013b,625ac99ffc13ae0e1800012e,29,1645842189,1645932189,true,P3
warehouse,625ac99ffc13ae0e18000145,625ac99ffc13ae0e1800014d,30,1642038296,1642171496,true,P3
warehouse,625ac99ffc13ae0e18000140,625ac99ffc13ae0e18000136,28,1635563699,1635671699,false,P3
warehouse,625ac99ffc13ae0e18000150,625ac99ffc13ae0e18000136,19,1633675541,1633779941,true,P3
warehouse,625ac99ffc13ae0e18000139,625ac99ffc13ae0e1800012e,11,1646508300,1646612700,false,P3
warehouse,625ac99ffc13ae0e18000145,625ac99ffc13ae0e18000148,28,1641063609,1641157209,false,P2
warehouse,625ac99ffc13ae0e18000140,625ac99ffc13ae0e18000156,26,1623841516,1624010716,true,P3
warehouse,625ac99ffc13ae0e18000130,625ac99ffc13ae0e18000131,22,1626055656,1626142056,true,P3
warehouse,625ac99ffc13ae0e18000150,625ac99ffc13ae0e1800012e,29,1642601206,1642763206,true,P2
warehouse,625ac99ffc13ae0e18000139,625ac99ffc13ae0e18000136,25,1621232453,1621340453,false,P2
warehouse,625ac99ffc13ae0e18000150,625ac99ffc13ae0e18000147,25,1644375725,1644462125,true,P3
warehouse,625ac99ffc13ae0e18000140,625ac99ffc13ae0e18000141,18,1629569314,1629684514,false,P3
warehouse,625ac99ffc13ae0e18000139,625ac99ffc13ae0e18000141,12,1624254044,1624416044,true,P3
warehouse,625ac99ffc13ae0e18000150,625ac99ffc13ae0e1800014d,14,1629955965,1630096365,false,P3
warehouse,625ac99ffc13ae0e18000145,625ac99ffc13ae0e18000136,20,1643034412,1643120812,true,P3
warehouse,625ac99ffc13ae0e18000150,625ac99ffc13ae0e1800014a,12,1629498366,1629609966,false,P2
warehouse,625ac99ffc13ae0e18000145,625ac99ffc13ae0e1800012e,27,1641787476,1641942276,false,P3
warehouse,625ac99ffc13ae0e18000130,625ac99ffc13ae0e18000148,23,1619954208,1620101808,true,P2
warehouse,625ac99ffc13ae0e18000139,625ac99ffc13ae0e18000156,24,1633600970,1633687370,true,P3
warehouse,625ac99ffc13ae0e18000145,625ac99ffc13ae0e18000148,22,1647615434,1647709034,true,P2
warehouse,625ac99ffc13ae0e18000145,625ac99ffc13ae0e1800014a,19,1642422648,1642516248,false,P3
warehouse,625ac99ffc13ae0e18000130,625ac99ffc13ae0e1800013e,26,1625045897,1625207897,false,P3
warehouse,625ac99ffc13ae0e18000130,625ac99ffc13ae0e18000141,17,1622539518,1622712318,false,P3
warehouse,625ac99ffc13ae0e18000140,625ac99ffc13ae0e18000131,11,1637814775,1637976775,true,P3
warehouse,625ac99ffc13ae0e18000150,625ac99ffc13ae0e1800014d,26,1646175395,1646304995,false,P2
warehouse,625ac99ffc13ae0e18000139,625ac99ffc13ae0e18000147,25,1627311468,1627466268,true,P3
warehouse,625ac99ffc13ae0e18000130,625ac99ffc13ae0e1800013e,18,1625582382,1625679582,true,P2
warehouse,625ac99ffc13ae0e18000145,625ac99ffc13ae0e18000156,12,1618788941,1618914941,true,P2
warehouse,625ac99ffc13ae0e1800013b,625ac99ffc13ae0e18000148,17,1628652399,1628789199,false,P2
warehouse,625ac99ffc13ae0e18000150,625ac99ffc13ae0e18000141,16,1646235042,1646371842,true,P2
warehouse,625ac99ffc13ae0e18000130,625ac99ffc13ae0e18000141,12,1631304469,1631437669,false,P2
warehouse,625ac99ffc13ae0e18000150,625ac99ffc13ae0e18000147,13,1647352508,1647453308,true,P2
warehouse,625ac99ffc13ae0e18000140,625ac99ffc13ae0e1800012d,26,1641647648,1641744848,true,P3
warehouse,625ac99ffc13ae0e18000150,625ac99ffc13ae0e18000156,14,1637170474,1637271274,true,P3
warehouse,625ac99ffc13ae0e18000139,625ac99ffc13ae0e1800012d,23,1629926961,1630052961,false,P3
warehouse,625ac99ffc13ae0e18000139,625ac99ffc13ae0e1800014a,20,1646193849,1646334249,false,P3
warehouse,625ac99ffc13ae0e18000139,625ac99ffc13ae0e18000156,12,1633600970,1633748570,false,P3
warehouse,625ac99ffc13ae0e18000150,625ac99ffc13ae0e18000136,10,1631667089,1631793089,false,P2
warehouse,625ac99ffc13ae0e18000145,625ac99ffc13ae0e1800013e,20,1643911400,1644023000,false,P3
warehouse,625ac99ffc13ae0e18000145,625ac99ffc13ae0e1800014d,19,1648752973,1648925773,true,P3
warehouse,625ac99ffc13ae0e18000139,625ac99ffc13ae0e18000131,11,1641587636,1641731636,false,P2
warehouse,625ac99ffc13ae0e18000145,625ac99ffc13ae0e1800013e,16,1628382137,1628508137,false,P3
warehouse,625ac99ffc13ae0e18000140,625ac99ffc13ae0e18000136,23,1643564986,1643712586,false,P2
warehouse,625ac99ffc13ae0e18000139,625ac99ffc13ae0e1800012d,21,1624234806,1624364406,true,P3
warehouse,625ac99ffc13ae0e18000139,625ac99ffc13ae0e18000131,23,1621051836,1621138236,false,P2
warehouse,625ac99ffc13ae0e1800013b,625ac99ffc13ae0e18000131,28,1624006461,1624118061,false,P3
warehouse,625ac99ffc13ae0e18000145,625ac99ffc13ae0e18000156,28,1628081316,1628236116,false,P3
warehouse,625ac99ffc13ae0e18000130,625ac99ffc13ae0e1800012d,18,1641164636,1641279836,false,P2
warehouse,625ac99ffc13ae0e1800013b,625ac99ffc13ae0e1800012e,16,1638760956,1638886956,true,P3
warehouse,625ac99ffc13ae0e1800013b,625ac99ffc13ae0e18000148,10,1621860722,1622026322,false,P2
warehouse,625ac99ffc13ae0e18000150,625ac99ffc13ae0e18000141,12,1620969049,1621095049,false,P3
warehouse,625ac99ffc13ae0e18000139,625ac99ffc13ae0e18000136,19,1643564986,1643694586,true,P3
warehouse,625ac99ffc13ae0e18000145,625ac99ffc13ae0e1800014a,23,1648224985,1648340185,false,P2
warehouse,625ac99ffc13ae0e18000150,625ac99ffc13ae0e1800014a,25,1629517623,1629607623,false,P3
warehouse,625ac99ffc13ae0e18000139,625ac99ffc13ae0e18000131,12,1627461623,1627576823,true,P2
warehouse,625ac99ffc13ae0e18000139,625ac99ffc13ae0e18000148,29,1628652399,1628771199,false,P2
warehouse,625ac99ffc13ae0e18000150,625ac99ffc13ae0e1800014d,25,1639342512,1639511712,false,P3
warehouse,625ac99ffc13ae0e18000139,625ac99ffc13ae0e1800012e,24,1638760956,1638865356,true,P2
warehouse,625ac99ffc13ae0e1800013b,625ac99ffc13ae0e1800014a,10,1623511502,1623605102,true,P2
warehouse,625ac99ffc13ae0e18000139,625ac99ffc13ae0e1800012d,20,1648574967,1648675767,false,P3
warehouse,625ac99ffc13ae0e18000150,625ac99ffc13ae0e18000136,30,1635563699,1635671699,true,P3
warehouse,625ac99ffc13ae0e18000130,625ac99ffc13ae0e18000147,10,1622861503,1623001903,true,P3
warehouse,625ac99ffc13ae0e18000150,625ac99ffc13ae0e1800012c,11,1638563424,1638664224,false,P3
warehouse,625ac99ffc13ae0e18000139,625ac99ffc13ae0e18000147,13,1640982492,1641112092,true,P3
warehouse,625ac99ffc13ae0e18000139,625ac99ffc13ae0e18000148,19,1642998889,1643121289,false,P3
warehouse,625ac99ffc13ae0e18000145,625ac99ffc13ae0e1800012e,19,1645842189,1645953789,false,P3
warehouse,625ac99ffc13ae0e18000130,625ac99ffc13ae0e1800014a,24,1646193849,1646301849,false,P2
warehouse,625ac99ffc13ae0e18000145,625ac99ffc13ae0e1800012c,14,1640724113,1640868113,false,P2
warehouse,625ac99ffc13ae0e18000145,625ac99ffc13ae0e18000148,15,1641804863,1641948863,true,P3
warehouse,625ac99ffc13ae0e18000139,625ac99ffc13ae0e1800012d,27,1622870219,1623028619,true,P2
warehouse,625ac99ffc13ae0e18000150,625ac99ffc13ae0e18000148,12,1630025824,1630166224,true,P2
warehouse,625ac99ffc13ae0e1800013b,625ac99ffc13ae0e1800012c,10,1634737665,1634870865,true,P3
warehouse,625ac99ffc13ae0e18000145,625ac99ffc13ae0e18000141,18,1643164881,1643308881,false,P3
warehouse,625ac99ffc13ae0e18000145,625ac99ffc13ae0e1800012c,27,1637513035,1637635435,false,P2
warehouse,625ac99ffc13ae0e18000130,625ac99ffc13ae0e18000131,16,1644433403,1644555803,true,P3
warehouse,625ac99ffc13ae0e18000130,625ac99ffc13ae0e1800012d,21,1648371574,1648457974,true,P3
warehouse,625ac99ffc13ae0e18000140,625ac99ffc13ae0e18000131,20,1628052996,1628157396,false,P2
warehouse,625ac99ffc13ae0e1800013b,625ac99ffc13ae0e1800014a,26,1618941174,1619063574,true,P3
warehouse,625ac99ffc13ae0e18000150,625ac99ffc13ae0e18000131,20,1628588296,1628681896,false,P2
warehouse,625ac99ffc13ae0e18000130,625ac99ffc13ae0e1800012c,18,1620970710,1621089510,false,P3
warehouse,625ac99ffc13ae0e18000140,625ac99ffc13ae0e1800013e,22,1634354016,1634508816,true,P2
warehouse,625ac99ffc13ae0e18000150,625ac99ffc13ae0e18000131,21,1649938555,1650046555,false,P2
warehouse,625ac99ffc13ae0e1800013b,625ac99ffc13ae0e1800012e,21,1636695264,1636781664,true,P2
warehouse,625ac99ffc13ae0e18000145,625ac99ffc13ae0e1800012d,21,1636958426,1637088026,true,P3
warehouse,625ac99ffc13ae0e18000150,625ac99ffc13ae0e1800012e,24,1640933323,1641044923,false,P3
warehouse,625ac99ffc13ae0e18000139,625ac99ffc13ae0e18000141,27,1622539518,1622705118,true,P2
warehouse,625ac99ffc13ae0e18000139,625ac99ffc13ae0e1800013e,17,1625928282,1626057882,true,P3
warehouse,625ac99ffc13ae0e1800013b,625ac99ffc13ae0e18000136,14,1649493448,1649666248,true,P3
warehouse,625ac99ffc13ae0e18000140,625ac99ffc13ae0e18000131,18,1622880747,1623046347,true,P2
warehouse,625ac99ffc13ae0e18000150,625ac99ffc13ae0e1800012d,16,1649971234,1650126034,false,P2
warehouse,625ac99ffc13ae0e18000150,625ac99ffc13ae0e18000156,28,1637943611,1638037211,true,P3
warehouse,625ac99ffc13ae0e18000140,625ac99ffc13ae0e18000147,28,1638846107,1638975707,false,P3
warehouse,625ac99ffc13ae0e18000130,625ac99ffc13ae0e18000156,17,1629220598,1629324998,false,P3
warehouse,625ac99ffc13ae0e18000140,625ac99ffc13ae0e18000148,13,1648835061,1648971861,true,P2
warehouse,625ac99ffc13ae0e18000139,625ac99ffc13ae0e1800012c,29,1638972699,1639120299,false,P3
warehouse,625ac99ffc13ae0e18000130,625ac99ffc13ae0e18000148,20,1641804863,1641934463,true,P2
warehouse,625ac99ffc13ae0e18000150,625ac99ffc13ae0e1800014d,17,1627157292,1627294092,false,P3
warehouse,625ac99ffc13ae0e18000145,625ac99ffc13ae0e1800014d,13,1621755047,1621895447,true,P3
warehouse,625ac99ffc13ae0e18000140,625ac99ffc13ae0e18000156,18,1618949251,1619118451,false,P3
warehouse,625ac99ffc13ae0e18000145,625ac99ffc13ae0e1800014d,19,1640800374,1640962374,false,P3
warehouse,625ac99ffc13ae0e18000150,625ac99ffc13ae0e18000156,29,1641378223,1641471823,true,P2
warehouse,625ac99ffc13ae0e18000130,625ac99ffc13ae0e1800012c,14,1637614361,1637743961,false,P3
warehouse,625ac99ffc13ae0e18000145,625ac99ffc13ae0e18000156,16,1637943611,1638116411,true,P3
warehouse,625ac99ffc13ae0e1800013b,625ac99ffc13ae0e1800014a,12,1630645525,1630778725,false,P3
warehouse,625ac99ffc13ae0e18000140,625ac99ffc13ae0e1800012d,22,1649971234,1650126034,true,P2
warehouse,625ac99ffc13ae0e18000130,625ac99ffc13ae0e18000136,16,1643468777,1643562377,true,P3
warehouse,625ac99ffc13ae0e18000145,625ac99ffc13ae0e18000131,20,1628052996,1628171796,true,P3
warehouse,625ac99ffc13ae0e1800013b,625ac99ffc13ae0e18000147,12,1629976536,1630116936,false,P2
warehouse,625ac99ffc13ae0e18000130,625ac99ffc13ae0e18000136,25,1649036423,1649122823,true,P2
warehouse,625ac99ffc13ae0e18000140,625ac99ffc13ae0e18000148,13,1640083871,1640213471,true,P3
warehouse,625ac99ffc13ae0e18000139,625ac99ffc13ae0e18000147,22,1621353253,1621472053,false,P3
warehouse,625ac99ffc13ae0e1800013b,625ac99ffc13ae0e1800014a,24,1627063731,1627186131,false,P2
warehouse,625ac99ffc13ae0e18000140,625ac99ffc13ae0e18000147,24,1623496773,1623611973,false,P3
warehouse,625ac99ffc13ae0e18000140,625ac99ffc13ae0e18000156,26,1637769722,1637874122,true,P2
warehouse,625ac99ffc13ae0e18000150,625ac99ffc13ae0e1800014a,14,1626211845,1626309045,false,P2
warehouse,625ac99ffc13ae0e18000145,625ac99ffc13ae0e1800012c,30,1636406155,1636560955,true,P3
warehouse,625ac99ffc13ae0e18000140,625ac99ffc13ae0e18000147,25,1622861503,1622958703,true,P3
warehouse,625ac99ffc13ae0e18000150,625ac99ffc13ae0e1800013e,25,1631329304,1631451704,true,P3
warehouse,625ac99ffc13ae0e18000130,625ac99ffc13ae0e1800014d,29,1645351793,1645463393,true,P3
warehouse,625ac99ffc13ae0e18000130,625ac99ffc13ae0e18000131,16,1650066351,1650177951,true,P3
warehouse,625ac99ffc13ae0e18000139,625ac99ffc13ae0e1800014d,28,1645351793,1645502993,true,P3
warehouse,625ac99ffc13ae0e18000130,625ac99ffc13ae0e1800013e,20,1638483569,1638613169,true,P3
warehouse,625ac99ffc13ae0e1800013b,625ac99ffc13ae0e18000148,15,1629949751,1630057751,false,P2
warehouse,625ac99ffc13ae0e18000150,625ac99ffc13ae0e1800012d,12,1635715877,1635802277,false,P3
warehouse,625ac99ffc13ae0e18000150,625ac99ffc13ae0e1800012c,16,1626289418,1626458618,false,P3
warehouse,625ac99ffc13ae0e18000145,625ac99ffc13ae0e1800012c,24,1641292977,1641415377,true,P2
warehouse,625ac99ffc13ae0e18000139,625ac99ffc13ae0e18000136,18,1625013262,1625146462,false,P2
warehouse,625ac99ffc13ae0e18000145,625ac99ffc13ae0e18000148,30,1649201357,1649294957,true,P3
warehouse,625ac99ffc13ae0e18000145,625ac99ffc13ae0e1800014a,12,1642957579,1643043979,true,P3
warehouse,625ac99ffc13ae0e18000140,625ac99ffc13ae0e1800012e,18,1637746656,1637833056,true,P3
warehouse,625ac99ffc13ae0e1800013b,625ac99ffc13ae0e18000148,17,1648079152,1648223152,false,P2
warehouse,625ac99ffc13ae0e1800013b,625ac99ffc13ae0e1800012c,30,1641759784,1641885784,false,P3
warehouse,625ac99ffc13ae0e18000145,625ac99ffc13ae0e18000141,27,1622909250,1622999250,false,P2
warehouse,625ac99ffc13ae0e18000130,625ac99ffc13ae0e1800013e,17,1625267968,1625393968,true,P3
warehouse,625ac99ffc13ae0e18000150,625ac99ffc13ae0e18000156,16,1640452996,1640582596,false,P2
warehouse,625ac99ffc13ae0e1800013b,625ac99ffc13ae0e1800014d,13,1621755047,1621870247,false,P3
warehouse,625ac99ffc13ae0e18000139,625ac99ffc13ae0e18000131,13,1634873144,1635020744,true,P2
warehouse,625ac99ffc13ae0e18000150,625ac99ffc13ae0e18000136,23,1638749418,1638839418,true,P3
warehouse,625ac99ffc13ae0e1800013b,625ac99ffc13ae0e18000156,17,1625841573,1625974773,true,P3
warehouse,625ac99ffc13ae0e18000140,625ac99ffc13ae0e18000141,12,1635180135,1635331335,true,P3
warehouse,625ac99ffc13ae0e1800013b,625ac99ffc13ae0e18000141,21,1632923258,1633013258,true,P2
warehouse,625ac99ffc13ae0e18000130,625ac99ffc13ae0e18000147,20,1624014515,1624183715,true,P2
warehouse,625ac99ffc13ae0e18000140,625ac99ffc13ae0e1800014a,19,1633106660,1633247060,false,P2
warehouse,625ac99ffc13ae0e1800013b,625ac99ffc13ae0e1800012c,19,1629340010,1629433610,false,P3
warehouse,625ac99ffc13ae0e18000139,625ac99ffc13ae0e1800014d,14,1623477063,1623570663,true,P2
warehouse,625ac99ffc13ae0e18000140,625ac99ffc13ae0e1800012c,10,1619905301,1620074501,false,P3
warehouse,625ac99ffc13ae0e18000145,625ac99ffc13ae0e18000148,20,1621860722,1621975922,true,P3
warehouse,625ac99ffc13ae0e18000145,625ac99ffc13ae0e18000131,24,1644486071,1644586871,true,P3
warehouse,625ac99ffc13ae0e18000145,625ac99ffc13ae0e18000147,23,1645061268,1645190868,true,P3
warehouse,625ac99ffc13ae0e18000139,625ac99ffc13ae0e1800012d,12,1643966300,1644099500,false,P3
warehouse,625ac99ffc13ae0e18000150,625ac99ffc13ae0e1800014a,26,1634901201,1635070401,true,P3
warehouse,625ac99ffc13ae0e18000145,625ac99ffc13ae0e1800014a,26,1643444828,1643545628,true,P2
warehouse,625ac99ffc13ae0e18000139,625ac99ffc13ae0e18000141,17,1620546124,1620711724,false,P2
warehouse,625ac99ffc13ae0e1800013b,625ac99ffc13ae0e1800012c,16,1625899664,1625993264,true,P2
warehouse,625ac99ffc13ae0e18000145,625ac99ffc13ae0e1800014d,30,1621247677,1621366477,true,P3
warehouse,625ac99ffc13ae0e18000139,625ac99ffc13ae0e18000136,30,1631856707,1632000707,true,P3
warehouse,625ac99ffc13ae0e18000150,625ac99ffc13ae0e1800012d,29,1629157116,1629326316,false,P3
warehouse,625ac99ffc13ae0e18000150,625ac99ffc13ae0e1800012c,28,1625260896,1625379696,true,P3
warehouse,625ac99ffc13ae0e18000139,625ac99ffc13ae0e1800014a,23,1646193849,1646287449,true,P3
warehouse,625ac99ffc13ae0e18000150,625ac99ffc13ae0e18000156,27,1618949251,1619042851,true,P2
warehouse,625ac99ffc13ae0e18000145,625ac99ffc13ae0e1800013e,21,1629869486,1629955886,true,P3
warehouse,625ac99ffc13ae0e18000150,625ac99ffc13ae0e18000131,11,1637814775,1637973175,true,P3
warehouse,625ac99ffc13ae0e18000145,625ac99ffc13ae0e18000141,20,1634459659,1634549659,true,P3
warehouse,625ac99ffc13ae0e18000140,625ac99ffc13ae0e18000141,25,1619261293,1619423293,false,P2
warehouse,625ac99ffc13ae0e18000140,625ac99ffc13ae0e18000156,23,1637419805,1637538605,false,P3
warehouse,625ac99ffc13ae0e18000150,625ac99ffc13ae0e1800012d,18,1630144675,1630274275,false,P3
warehouse,625ac99ffc13ae0e18000145,625ac99ffc13ae0e18000136,14,1621583533,1621731133,true,P2
warehouse,625ac99ffc13ae0e18000140,625ac99ffc13ae0e18000156,21,1644786398,1644872798,true,P2
warehouse,625ac99ffc13ae0e18000145,625ac99ffc13ae0e18000147,28,1625052289,1625207089,false,P3
warehouse,625ac99ffc13ae0e18000139,625ac99ffc13ae0e18000147,15,1631994574,1632106174,true,P2
warehouse,625ac99ffc13ae0e18000140,625ac99ffc13ae0e1800012d,21,1626126857,1626252857,false,P3
warehouse,625ac99ffc13ae0e18000140,625ac99ffc13ae0e1800012c,17,1635520251,1635685851,true,P3
warehouse,625ac99ffc13ae0e18000139,625ac99ffc13ae0e1800012c,16,1622668081,1622822881,true,P3
warehouse,625ac99ffc13ae0e18000130,625ac99ffc13ae0e1800014d,24,1639162977,1639263777,false,P2
warehouse,625ac99ffc13ae0e18000140,625ac99ffc13ae0e1800014d,10,1640800374,1640969574,true,P3
warehouse,625ac99ffc13ae0e1800013b,625ac99ffc13ae0e18000141,16,1627703549,1627804349,true,P3
warehouse,625ac99ffc13ae0e1800013b,625ac99ffc13ae0e1800013e,30,1638483569,1638613169,false,P3
warehouse,625ac99ffc13ae0e18000145,625ac99ffc13ae0e1800012c,29,1643271243,1643375643,true,P3
warehouse,625ac99ffc13ae0e18000139,625ac99ffc13ae0e18000136,16,1620780227,1620902627,false,P3
warehouse,625ac99ffc13ae0e18000145,625ac99ffc13ae0e18000141,21,1646235042,1646397042,false,P2
warehouse,625ac99ffc13ae0e18000140,625ac99ffc13ae0e1800012e,23,1649810276,1649939876,true,P3
warehouse,625ac99ffc13ae0e1800013b,625ac99ffc13ae0e1800012e,20,1622471379,1622618979,false,P3
warehouse,625ac99ffc13ae0e18000130,625ac99ffc13ae0e1800013e,11,1625267968,1625419168,true,P3
warehouse,625ac99ffc13ae0e1800013b,625ac99ffc13ae0e1800012d,27,1626126857,1626249257,true,P3
warehouse,625ac99ffc13ae0e18000145,625ac99ffc13ae0e1800013e,15,1633007410,1633176610,true,P3
warehouse,625ac99ffc13ae0e1800013b,625ac99ffc13ae0e18000156,14,1623841516,1623971116,false,P3
warehouse,625ac99ffc13ae0e18000150,625ac99ffc13ae0e18000156,25,1647341810,1647464210,false,P3
warehouse,625ac99ffc13ae0e18000140,625ac99ffc13ae0e18000147,12,1627311468,1627480668,false,P3
warehouse,625ac99ffc13ae0e18000139,625ac99ffc13ae0e18000136,26,1631667089,1631829089,false,P2
warehouse,625ac99ffc13ae0e1800013b,625ac99ffc13ae0e1800012c,19,1631426384,1631581184,true,P3
warehouse,625ac99ffc13ae0e18000140,625ac99ffc13ae0e18000136,13,1647705282,1647842082,false,P3
warehouse,625ac99ffc13ae0e18000139,625ac99ffc13ae0e1800012d,21,1629157116,1629297516,true,P3
warehouse,625ac99ffc13ae0e18000150,625ac99ffc13ae0e1800013e,24,1627860092,1627946492,false,P2
warehouse,625ac99ffc13ae0e18000130,625ac99ffc13ae0e18000148,14,1640686439,1640819639,false,P3
warehouse,625ac99ffc13ae0e18000140,625ac99ffc13ae0e18000156,30,1623344818,1623496018,false,P3
warehouse,625ac99ffc13ae0e1800013b,625ac99ffc13ae0e18000136,23,1630132192,1630272592,true,P3
warehouse,625ac99ffc13ae0e1800013b,625ac99ffc13ae0e18000147,16,1625052289,1625207089,true,P3
warehouse,625ac99ffc13ae0e1800013b,625ac99ffc13ae0e18000136,28,1638749418,1638904218,true,P3
warehouse,625ac99ffc13ae0e18000150,625ac99ffc13ae0e18000148,26,1626970653,1627096653,true,P2
warehouse,625ac99ffc13ae0e18000139,625ac99ffc13ae0e18000136,12,1642657765,1642805365,true,P3
warehouse,625ac99ffc13ae0e18000139,625ac99ffc13ae0e1800014d,15,1622607768,1622755368,false,P2
warehouse,625ac99ffc13ae0e18000140,625ac99ffc13ae0e18000141,15,1625090109,1625244909,false,P2
warehouse,625ac99ffc13ae0e18000140,625ac99ffc13ae0e1800014d,23,1635810769,1635904369,true,P3
warehouse,625ac99ffc13ae0e18000139,625ac99ffc13ae0e1800012c,14,1638972699,1639095099,true,P3
warehouse,625ac99ffc13ae0e18000130,625ac99ffc13ae0e1800012e,19,1622471379,1622582979,true,P3
warehouse,625ac99ffc13ae0e18000145,625ac99ffc13ae0e18000148,15,1629949751,1630122551,true,P3
warehouse,625ac99ffc13ae0e18000140,625ac99ffc13ae0e1800013e,22,1642759572,1642892772,true,P3
warehouse,625ac99ffc13ae0e18000150,625ac99ffc13ae0e18000141,13,1625943753,1626030153,true,P3
warehouse,625ac99ffc13ae0e18000140,625ac99ffc13ae0e18000156,27,1628268281,1628394281,false,P3
warehouse,625ac99ffc13ae0e18000150,625ac99ffc13ae0e18000156,24,1637170474,1637336074,false,P3
warehouse,625ac99ffc13ae0e18000145,625ac99ffc13ae0e1800012d,10,1649667717,1649790117,false,P3
warehouse,625ac99ffc13ae0e18000145,625ac99ffc13ae0e18000136,26,1649493448,1649630248,false,P3
warehouse,625ac99ffc13ae0e18000140,625ac99ffc13ae0e18000136,17,1621232453,1621347653,true,P2
warehouse,625ac99ffc13ae0e18000150,625ac99ffc13ae0e18000156,24,1639880768,1639981568,false,P2
warehouse,625ac99ffc13ae0e18000140,625ac99ffc13ae0e1800013e,30,1635047861,1635166661,true,P2
warehouse,625ac99ffc13ae0e18000130,625ac99ffc13ae0e18000156,30,1627571425,1627693825,false,P3
warehouse,625ac99ffc13ae0e18000140,625ac99ffc13ae0e18000141,12,1625090109,1625255709,false,P3
warehouse,625ac99ffc13ae0e18000150,625ac99ffc13ae0e18000147,28,1647352508,1647482108,false,P2
warehouse,625ac99ffc13ae0e18000139,625ac99ffc13ae0e18000141,20,1624204141,1624373341,false,P3
warehouse,625ac99ffc13ae0e18000139,625ac99ffc13ae0e1800013e,10,1637105511,1637231511,false,P3
warehouse,625ac99ffc13ae0e1800013b,625ac99ffc13ae0e18000136,14,1639447550,1639584350,false,P3
warehouse,625ac99ffc13ae0e18000145,625ac99ffc13ae0e18000156,21,1619433102,1619566302,false,P3
warehouse,625ac99ffc13ae0e18000150,625ac99ffc13ae0e18000156,13,1640929028,1641029828,false,P3
warehouse,625ac99ffc13ae0e18000150,625ac99ffc13ae0e18000156,28,1619433102,1619605902,true,P2
warehouse,625ac99ffc13ae0e18000139,625ac99ffc13ae0e1800014a,27,1632791522,1632892322,false,P3
warehouse,625ac99ffc13ae0e18000145,625ac99ffc13ae0e18000141,14,1635400774,1635519574,true,P3
warehouse,625ac99ffc13ae0e18000130,625ac99ffc13ae0e1800012c,30,1631846072,1631954072,true,P2
warehouse,625ac99ffc13ae0e1800013b,625ac99ffc13ae0e1800012c,28,1627597609,1627738009,true,P2
warehouse,625ac99ffc13ae0e1800013b,625ac99ffc13ae0e18000131,26,1636824339,1636961139,true,P3
warehouse,625ac99ffc13ae0e18000140,625ac99ffc13ae0e1800014d,30,1626738959,1626882959,true,P3
warehouse,625ac99ffc13ae0e18000150,625ac99ffc13ae0e1800014d,27,1624531688,1624704488,true,P3
warehouse,625ac99ffc13ae0e1800013b,625ac99ffc13ae0e18000141,11,1623508579,1623623779,false,P3
warehouse,625ac99ffc13ae0e18000150,625ac99ffc13ae0e18000156,15,1642948585,1643067385,true,P3
warehouse,625ac99ffc13ae0e18000139,625ac99ffc13ae0e18000141,30,1643755379,1643856179,false,P3
warehouse,625ac99ffc13ae0e18000139,625ac99ffc13ae0e1800014a,12,1633207342,1633354942,true,P2
warehouse,625ac99ffc13ae0e18000139,625ac99ffc13ae0e18000148,30,1642998889,1643128489,true,P2
warehouse,625ac99ffc13ae0e18000130,625ac99ffc13ae0e1800014d,10,1635810769,1635983569,false,P3
warehouse,625ac99ffc13ae0e18000130,625ac99ffc13ae0e18000147,19,1640456379,1640625579,false,P3
warehouse,625ac99ffc13ae0e1800013b,625ac99ffc13ae0e18000136,22,1643468777,1643619977,true,P3
warehouse,625ac99ffc13ae0e1800013b,625ac99ffc13ae0e18000148,13,1648835061,1648975461,true,P3
warehouse,625ac99ffc13ae0e18000150,625ac99ffc13ae0e1800013e,30,1631329304,1631480504,false,P2
warehouse,625ac99ffc13ae0e18000139,625ac99ffc13ae0e1800013e,20,1648550689,1648640689,true,P3
warehouse,625ac99ffc13ae0e18000139,625ac99ffc13ae0e1800012c,27,1627650349,1627743949,false,P3
warehouse,625ac99ffc13ae0e18000130,625ac99ffc13ae0e18000136,17,1631667089,1631785889,false,P3
warehouse,625ac99ffc13ae0e18000140,625ac99ffc13ae0e1800012d,25,1649667717,1649793717,false,P3
warehouse,625ac99ffc13ae0e18000145,625ac99ffc13ae0e1800013e,27,1635047861,1635152261,false,P3
warehouse,625ac99ffc13ae0e1800013b,625ac99ffc13ae0e1800013e,24,1620038533,1620196933,true,P2
warehouse,625ac99ffc13ae0e18000130,625ac99ffc13ae0e18000141,24,1620969049,1621087849,true,P2
warehouse,625ac99ffc13ae0e18000145,625ac99ffc13ae0e18000156,11,1618788941,1618907741,true,P3
warehouse,625ac99ffc13ae0e18000150,625ac99ffc13ae0e1800013e,19,1648780501,1648917301,true,P2
warehouse,625ac99ffc13ae0e1800013b,625ac99ffc13ae0e1800013e,30,1633007410,1633097410,true,P3
warehouse,625ac99ffc13ae0e18000140,625ac99ffc13ae0e1800012d,13,1648724619,1648893819,false,P3
warehouse,625ac99ffc13ae0e18000150,625ac99ffc13ae0e1800014d,20,1624833000,1625005800,false,P2
warehouse,625ac99ffc13ae0e18000150,625ac99ffc13ae0e18000147,30,1624288402,1624374802,false,P3
warehouse,625ac99ffc13ae0e18000145,625ac99ffc13ae0e1800012c,15,1637513035,1637657035,false,P2
warehouse,625ac99ffc13ae0e18000139,625ac99ffc13ae0e18000136,25,1621232453,1621387253,false,P2
warehouse,625ac99ffc13ae0e18000139,625ac99ffc13ae0e18000156,19,1627571425,1627683025,false,P3
warehouse,625ac99ffc13ae0e18000140,625ac99ffc13ae0e18000131,11,1645173638,1645263638,false,P3
warehouse,625ac99ffc13ae0e1800013b,625ac99ffc13ae0e1800012e,27,1633180901,1633350101,false,P2
warehouse,625ac99ffc13ae0e18000130,625ac99ffc13ae0e18000147,15,1640982492,1641133692,true,P3
warehouse,625ac99ffc13ae0e18000145,625ac99ffc13ae0e18000141,25,1633613798,1633782998,true,P3
warehouse,625ac99ffc13ae0e18000130,625ac99ffc13ae0e18000147,19,1640151475,1640273875,false,P3
warehouse,625ac99ffc13ae0e18000130,625ac99ffc13ae0e1800014a,30,1633106660,1633275860,true,P3
warehouse,625ac99ffc13ae0e18000145,625ac99ffc13ae0e1800012d,25,1638611248,1638740848,false,P2
warehouse,625ac99ffc13ae0e18000150,625ac99ffc13ae0e18000156,22,1637769722,1637870522,false,P3
warehouse,625ac99ffc13ae0e18000139,625ac99ffc13ae0e18000147,12,1647274874,1647375674,false,P3
warehouse,625ac99ffc13ae0e18000139,625ac99ffc13ae0e1800012c,10,1641759784,1641928984,false,P2
warehouse,625ac99ffc13ae0e18000130,625ac99ffc13ae0e1800014a,24,1646193849,1646337849,true,P3
warehouse,625ac99ffc13ae0e1800013b,625ac99ffc13ae0e18000131,20,1625380040,1625470040,false,P3
warehouse,625ac99ffc13ae0e18000130,625ac99ffc13ae0e18000136,19,1639974872,1640079272,false,P3
warehouse,625ac99ffc13ae0e1800013b,625ac99ffc13ae0e18000136,22,1638133760,1638248960,true,P3
warehouse,625ac99ffc13ae0e18000139,625ac99ffc13ae0e18000148,16,1640686439,1640808839,false,P2
warehouse,625ac99ffc13ae0e18000145,625ac99ffc13ae0e1800012d,26,1629926961,1630031361,false,P2
warehouse,625ac99ffc13ae0e18000130,625ac99ffc13ae0e1800012c,25,1625260896,1625386896,true,P2
warehouse,625ac99ffc13ae0e18000139,625ac99ffc13ae0e1800014d,10,1646175395,1646261795,true,P3
warehouse,625ac99ffc13ae0e18000130,625ac99ffc13ae0e18000148,16,1625372757,1625466357,false,P3
warehouse,625ac99ffc13ae0e18000145,625ac99ffc13ae0e18000141,16,1622988396,1623135996,true,P3
warehouse,625ac99ffc13ae0e1800013b,625ac99ffc13ae0e1800014d,13,1639279835,1639427435,true,P3
warehouse,625ac99ffc13ae0e18000130,625ac99ffc13ae0e1800012e,13,1622907152,1623025952,false,P3
warehouse,625ac99ffc13ae0e18000145,625ac99ffc13ae0e18000136,19,1621583533,1621705933,true,P3
warehouse,625ac99ffc13ae0e18000140,625ac99ffc13ae0e18000141,14,1645628336,1645768736,true,P3
warehouse,625ac99ffc13ae0e1800013b,625ac99ffc13ae0e18000156,18,1637943611,1638037211,true,P3
warehouse,625ac99ffc13ae0e18000140,625ac99ffc13ae0e18000136,24,1645485119,1645639919,false,P2
warehouse,625ac99ffc13ae0e18000145,625ac99ffc13ae0e18000156,15,1641019045,1641141445,true,P3
warehouse,625ac99ffc13ae0e18000140,625ac99ffc13ae0e1800012e,29,1626111344,1626266144,false,P3
warehouse,625ac99ffc13ae0e1800013b,625ac99ffc13ae0e1800014d,12,1635810769,1635979969,true,P3
warehouse,625ac99ffc13ae0e18000145,625ac99ffc13ae0e18000141,23,1640075274,1640168874,false,P3
warehouse,625ac99ffc13ae0e18000140,625ac99ffc13ae0e18000147,21,1626991240,1627113640,true,P2
warehouse,625ac99ffc13ae0e18000150,625ac99ffc13ae0e1800014a,10,1640469002,1640584202,false,P2
warehouse,625ac99ffc13ae0e18000145,625ac99ffc13ae0e1800012e,22,1642590141,1642741341,false,P3
warehouse,625ac99ffc13ae0e18000145,625ac99ffc13ae0e1800012e,27,1641486182,1641640982,false,P3
warehouse,625ac99ffc13ae0e18000130,625ac99ffc13ae0e1800013e,28,1627860092,1627993292,false,P3
warehouse,625ac99ffc13ae0e18000140,625ac99ffc13ae0e18000147,28,1641869262,1641988062,true,P3
warehouse,625ac99ffc13ae0e18000139,625ac99ffc13ae0e1800012d,15,1640269341,1640413341,false,P3
warehouse,625ac99ffc13ae0e18000139,625ac99ffc13ae0e1800014a,15,1632791522,1632953522,false,P2
warehouse,625ac99ffc13ae0e18000140,625ac99ffc13ae0e18000148,28,1619954208,1620044208,true,P2
warehouse,625ac99ffc13ae0e18000150,625ac99ffc13ae0e18000148,11,1647074018,1647167618,true,P2
warehouse,625ac99ffc13ae0e18000150,625ac99ffc13ae0e1800012d,22,1626689037,1626786237,false,P3
warehouse,625ac99ffc13ae0e18000150,625ac99ffc13ae0e1800014d,12,1642038296,1642182296,false,P2
warehouse,625ac99ffc13ae0e18000150,625ac99ffc13ae0e1800013e,15,1631879449,1632019849,true,P3
warehouse,625ac99ffc13ae0e18000140,625ac99ffc13ae0e18000136,26,1629623710,1629728110,true,P3
warehouse,625ac99ffc13ae0e18000145,625ac99ffc13ae0e1800012d,28,1643461164,1643594364,true,P2
warehouse,625ac99ffc13ae0e18000140,625ac99ffc13ae0e1800013e,23,1646699485,1646825485,true,P2
warehouse,625ac99ffc13ae0e18000139,625ac99ffc13ae0e18000136,26,1621232453,1621340453,true,P3
warehouse,625ac99ffc13ae0e18000139,625ac99ffc13ae0e1800014d,11,1629064760,1629205160,true,P2
warehouse,625ac99ffc13ae0e18000150,625ac99ffc13ae0e1800013e,24,1627860092,1627978892,true,P3
warehouse,625ac99ffc13ae0e18000150,625ac99ffc13ae0e18000136,17,1619643096,1619787096,true,P2
warehouse,625ac99ffc13ae0e18000130,625ac99ffc13ae0e18000131,13,1644433403,1644555803,false,P3
warehouse,625ac99ffc13ae0e18000139,625ac99ffc13ae0e18000147,10,1623496773,1623611973,false,P2
warehouse,625ac99ffc13ae0e1800013b,625ac99ffc13ae0e1800012d,10,1643966300,1644088700,true,P2
warehouse,625ac99ffc13ae0e18000130,625ac99ffc13ae0e18000141,27,1635180135,1635306135,false,P3
warehouse,625ac99ffc13ae0e18000140,625ac99ffc13ae0e18000141,29,1630648479,1630806879,true,P3
warehouse,625ac99ffc13ae0e18000130,625ac99ffc13ae0e1800012d,28,1631128274,1631297474,false,P2
warehouse,625ac99ffc13ae0e18000140,625ac99ffc13ae0e18000141,24,1634871318,1634964918,true,P2
warehouse,625ac99ffc13ae0e18000140,625ac99ffc13ae0e1800013e,11,1624297599,1624445199,false,P2
warehouse,625ac99ffc13ae0e18000130,625ac99ffc13ae0e18000131,25,1630422776,1630545176,false,P3
warehouse,625ac99ffc13ae0e18000130,625ac99ffc13ae0e1800014d,26,1634732969,1634902169,true,P2
warehouse,625ac99ffc13ae0e18000130,625ac99ffc13ae0e1800014a,11,1628431696,1628518096,false,P2
warehouse,625ac99ffc13ae0e18000130,625ac99ffc13ae0e1800012c,25,1645270849,1645360849,false,P3
warehouse,625ac99ffc13ae0e18000140,625ac99ffc13ae0e18000141,26,1639379669,1639509269,false,P2
warehouse,625ac99ffc13ae0e18000145,625ac99ffc13ae0e18000141,25,1635180135,1635342135,false,P2
warehouse,625ac99ffc13ae0e18000130,625ac99ffc13ae0e18000141,18,1643755379,1643841779,false,P3
warehouse,625ac99ffc13ae0e18000130,625ac99ffc13ae0e1800013e,20,1642759572,1642899972,false,P3
warehouse,625ac99ffc13ae0e18000140,625ac99ffc13ae0e1800014d,23,1625157931,1625273131,false,P3
warehouse,625ac99ffc13ae0e18000150,625ac99ffc13ae0e1800012e,29,1631881090,1631978290,false,P2
warehouse,625ac99ffc13ae0e18000150,625ac99ffc13ae0e18000136,25,1627925792,1628044592,false,P3
warehouse,625ac99ffc13ae0e18000150,625ac99ffc13ae0e18000136,20,1639447550,1639598750,true,P3
warehouse,625ac99ffc13ae0e18000140,625ac99ffc13ae0e1800014d,29,1622607768,1622780568,false,P3
warehouse,625ac99ffc13ae0e18000140,625ac99ffc13ae0e18000141,27,1623508579,1623677779,false,P3
warehouse,625ac99ffc13ae0e18000140,625ac99ffc13ae0e1800012d,20,1629157116,1629268716,true,P3
warehouse,625ac99ffc13ae0e1800013b,625ac99ffc13ae0e1800014d,18,1635657877,1635744277,false,P2
warehouse,625ac99ffc13ae0e18000150,625ac99ffc13ae0e1800014d,21,1640086429,1640230429,true,P2
warehouse,625ac99ffc13ae0e18000139,625ac99ffc13ae0e1800014d,18,1641562936,1641660136,true,P2
warehouse,625ac99ffc13ae0e18000130,625ac99ffc13ae0e1800012c,28,1623791381,1623902981,true,P3
warehouse,625ac99ffc13ae0e18000130,625ac99ffc13ae0e1800014d,16,1630310003,1630461203,true,P3
warehouse,625ac99ffc13ae0e1800013b,625ac99ffc13ae0e1800012c,18,1631260834,1631430034,false,P3
warehouse,625ac99ffc13ae0e18000140,625ac99ffc13ae0e1800012d,11,1636823741,1636985741,false,P3
warehouse,625ac99ffc13ae0e1800013b,625ac99ffc13ae0e18000148,17,1648229722,1648366522,false,P3
warehouse,625ac99ffc13ae0e18000150,625ac99ffc13ae0e1800012e,23,1628206721,1628293121,true,P3
warehouse,625ac99ffc13ae0e18000145,625ac99ffc13ae0e18000136,26,1636372849,1636509649,true,P2
warehouse,625ac99ffc13ae0e18000140,625ac99ffc13ae0e1800012e,25,1631099705,1631258105,false,P3
warehouse,625ac99ffc13ae0e18000145,625ac99ffc13ae0e18000141,13,1634138761,1634261161,false,P3
warehouse,625ac99ffc13ae0e18000139,625ac99ffc13ae0e18000131,16,1627461623,1627562423,true,P3
warehouse,625ac99ffc13ae0e1800013b,625ac99ffc13ae0e1800012c,30,1646597324,1646716124,false,P2
warehouse,625ac99ffc13ae0e18000140,625ac99ffc13ae0e1800012d,19,1635715877,1635888677,true,P2
warehouse,625ac99ffc13ae0e18000130,625ac99ffc13ae0e18000131,10,1628052996,1628146596,false,P3
warehouse,625ac99ffc13ae0e18000150,625ac99ffc13ae0e18000141,12,1630120117,1630282117,true,P2
warehouse,625ac99ffc13ae0e18000139,625ac99ffc13ae0e1800012e,30,1636695264,1636814064,true,P3
warehouse,625ac99ffc13ae0e1800013b,625ac99ffc13ae0e18000141,21,1620969049,1621055449,false,P3
warehouse,625ac99ffc13ae0e18000150,625ac99ffc13ae0e18000156,12,1637170474,1637274874,false,P2
warehouse,625ac99ffc13ae0e18000130,625ac99ffc13ae0e18000131,24,1622880747,1622995947,true,P3
warehouse,625ac99ffc13ae0e18000139,625ac99ffc13ae0e18000141,14,1630120117,1630231717,true,P2
warehouse,625ac99ffc13ae0e1800013b,625ac99ffc13ae0e1800012e,21,1631918525,1632058925,true,P3
warehouse,625ac99ffc13ae0e18000139,625ac99ffc13ae0e18000141,24,1623439000,1623586600,false,P3
warehouse,625ac99ffc13ae0e18000140,625ac99ffc13ae0e1800013e,23,1637942404,1638043204,true,P2
warehouse,625ac99ffc13ae0e18000145,625ac99ffc13ae0e1800014d,18,1648225234,1648365634,true,P2
warehouse,625ac99ffc13ae0e18000150,625ac99ffc13ae0e1800012d,17,1633394538,1633527738,false,P3
warehouse,625ac99ffc13ae0e18000150,625ac99ffc13ae0e18000141,14,1641301787,1641420587,false,P2
warehouse,625ac99ffc13ae0e18000140,625ac99ffc13ae0e18000156,13,1641378223,1641475423,false,P3
warehouse,625ac99ffc13ae0e18000150,625ac99ffc13ae0e18000147,19,1629577022,1629703022,false,P2
warehouse,625ac99ffc13ae0e18000145,625ac99ffc13ae0e1800014d,19,1636261123,1636376323,true,P2
warehouse,625ac99ffc13ae0e18000140,625ac99ffc13ae0e1800012e,29,1648557308,1648672508,true,P2
warehouse,625ac99ffc13ae0e18000130,625ac99ffc13ae0e18000136,14,1632932086,1633043686,true,P2
warehouse,625ac99ffc13ae0e18000139,625ac99ffc13ae0e18000141,17,1634459659,1634560459,true,P2
warehouse,625ac99ffc13ae0e18000150,625ac99ffc13ae0e18000131,10,1621051836,1621149036,false,P3
warehouse,625ac99ffc13ae0e18000139,625ac99ffc13ae0e18000147,12,1624014515,1624151315,true,P3
warehouse,625ac99ffc13ae0e18000130,625ac99ffc13ae0e1800014d,15,1625603155,1625711155,true,P2
warehouse,625ac99ffc13ae0e18000139,625ac99ffc13ae0e18000147,27,1640982492,1641090492,true,P3
warehouse,625ac99ffc13ae0e18000150,625ac99ffc13ae0e1800014a,23,1623836794,1623951994,false,P3
warehouse,625ac99ffc13ae0e18000140,625ac99ffc13ae0e1800012e,14,1633180901,1633339301,false,P3
warehouse,625ac99ffc13ae0e18000140,625ac99ffc13ae0e1800014a,18,1647077527,1647167527,false,P2
warehouse,625ac99ffc13ae0e18000140,625ac99ffc13ae0e18000136,11,1622328090,1622432490,true,P3
warehouse,625ac99ffc13ae0e18000145,625ac99ffc13ae0e1800014a,21,1634901201,1635009201,false,P2
warehouse,625ac99ffc13ae0e18000139,625ac99ffc13ae0e1800012d,19,1650066713,1650196313,true,P3
warehouse,625ac99ffc13ae0e18000145,625ac99ffc13ae0e18000131,23,1649938555,1650042955,true,P2
warehouse,625ac99ffc13ae0e18000140,625ac99ffc13ae0e18000156,23,1648607952,1648712352,true,P3
warehouse,625ac99ffc13ae0e18000145,625ac99ffc13ae0e1800012e,24,1645842189,1645968189,false,P3
warehouse,625ac99ffc13ae0e1800013b,625ac99ffc13ae0e1800014a,17,1642392695,1642507895,false,P2
warehouse,625ac99ffc13ae0e18000130,625ac99ffc13ae0e18000131,22,1619349459,1619504259,false,P2
warehouse,625ac99ffc13ae0e18000130,625ac99ffc13ae0e18000131,29,1625380040,1625552840,true,P3
warehouse,625ac99ffc13ae0e18000145,625ac99ffc13ae0e18000141,19,1647065086,1647230686,true,P2
warehouse,625ac99ffc13ae0e18000150,625ac99ffc13ae0e18000136,15,1622992338,1623107538,false,P3
warehouse,625ac99ffc13ae0e18000150,625ac99ffc13ae0e18000147,24,1640982492,1641148092,true,P2
warehouse,625ac99ffc13ae0e18000130,625ac99ffc13ae0e18000131,15,1639971439,1640101039,true,P3
warehouse,625ac99ffc13ae0e18000150,625ac99ffc13ae0e18000141,11,1643164881,1643330481,true,P3
warehouse,625ac99ffc13ae0e18000150,625ac99ffc13ae0e18000148,29,1621860722,1621979522,false,P3
warehouse,625ac99ffc13ae0e18000145,625ac99ffc13ae0e1800013e,12,1646793116,1646883116,false,P3
warehouse,625ac99ffc13ae0e18000150,625ac99ffc13ae0e1800013e,20,1649141152,1649249152,false,P2
warehouse,625ac99ffc13ae0e18000130,625ac99ffc13ae0e18000141,24,1623327303,1623428103,false,P2
warehouse,625ac99ffc13ae0e1800013b,625ac99ffc13ae0e18000131,16,1629457378,1629554578,false,P2
warehouse,625ac99ffc13ae0e1800013b,625ac99ffc13ae0e18000156,19,1627571425,1627693825,true,P2
warehouse,625ac99ffc13ae0e18000150,625ac99ffc13ae0e18000156,25,1618766686,1618928686,true,P3
warehouse,625ac99ffc13ae0e18000140,625ac99ffc13ae0e1800013e,25,1620038533,1620182533,false,P2
warehouse,625ac99ffc13ae0e18000140,625ac99ffc13ae0e1800012d,22,1644415970,1644570770,true,P3
warehouse,625ac99ffc13ae0e18000130,625ac99ffc13ae0e18000147,29,1645061268,1645180068,false,P3
warehouse,625ac99ffc13ae0e18000130,625ac99ffc13ae0e1800012e,17,1633180901,1633353701,true,P3
warehouse,625ac99ffc13ae0e18000130,625ac99ffc13ae0e1800012e,16,1642527056,1642635056,true,P3
warehouse,625ac99ffc13ae0e18000139,625ac99ffc13ae0e18000136,12,1623201118,1623337918,true,P3
warehouse,625ac99ffc13ae0e18000130,625ac99ffc13ae0e1800012c,12,1648531115,1648693115,true,P3
warehouse,625ac99ffc13ae0e18000130,625ac99ffc13ae0e18000141,22,1633679846,1633809446,true,P2
warehouse,625ac99ffc13ae0e18000145,625ac99ffc13ae0e18000148,26,1625372757,1625462757,false,P3
warehouse,625ac99ffc13ae0e18000140,625ac99ffc13ae0e18000136,25,1622992338,1623107538,false,P3
warehouse,625ac99ffc13ae0e18000140,625ac99ffc13ae0e18000131,30,1639285189,1639400389,false,P3
warehouse,625ac99ffc13ae0e18000130,625ac99ffc13ae0e18000141,13,1639402173,1639510173,false,P3
warehouse,625ac99ffc13ae0e1800013b,625ac99ffc13ae0e1800012e,15,1631918525,1632076925,true,P3
warehouse,625ac99ffc13ae0e18000130,625ac99ffc13ae0e18000141,21,1641714529,1641844129,true,P2
warehouse,625ac99ffc13ae0e18000139,625ac99ffc13ae0e1800012c,21,1626289418,1626386618,true,P3
warehouse,625ac99ffc13ae0e18000139,625ac99ffc13ae0e18000148,25,1648079152,1648183552,false,P3
warehouse,625ac99ffc13ae0e18000139,625ac99ffc13ae0e18000156,16,1648044000,1648198800,false,P3
warehouse,625ac99ffc13ae0e18000150,625ac99ffc13ae0e18000147,30,1632961416,1633069416,false,P3
warehouse,625ac99ffc13ae0e18000130,625ac99ffc13ae0e18000156,24,1621645137,1621735137,true,P2
warehouse,625ac99ffc13ae0e18000140,625ac99ffc13ae0e1800012e,30,1643269397,1643406197,true,P2
warehouse,625ac99ffc13ae0e18000145,625ac99ffc13ae0e1800013e,10,1626103514,1626247514,false,P2
warehouse,625ac99ffc13ae0e18000139,625ac99ffc13ae0e1800012d,17,1648574967,1648686567,false,P3
warehouse,625ac99ffc13ae0e18000150,625ac99ffc13ae0e1800014a,19,1624151594,1624320794,false,P3
warehouse,625ac99ffc13ae0e18000139,625ac99ffc13ae0e18000131,18,1636824339,1636968339,false,P2
warehouse,625ac99ffc13ae0e18000145,625ac99ffc13ae0e18000147,10,1624014515,1624100915,true,P2
warehouse,625ac99ffc13ae0e18000145,625ac99ffc13ae0e18000147,10,1641869262,1642009662,false,P3
warehouse,625ac99ffc13ae0e18000140,625ac99ffc13ae0e18000147,12,1640574572,1640693372,true,P2
warehouse,625ac99ffc13ae0e18000150,625ac99ffc13ae0e18000147,19,1621353253,1621461253,false,P2
warehouse,625ac99ffc13ae0e18000140,625ac99ffc13ae0e1800014a,19,1632986361,1633137561,true,P3
warehouse,625ac99ffc13ae0e18000150,625ac99ffc13ae0e18000148,26,1621860722,1621986722,false,P3
warehouse,625ac99ffc13ae0e18000130,625ac99ffc13ae0e1800012c,11,1634737665,1634845665,true,P3
warehouse,625ac99ffc13ae0e18000145,625ac99ffc13ae0e1800014a,12,1642392695,1642479095,false,P2
warehouse,625ac99ffc13ae0e18000130,625ac99ffc13ae0e1800012c,23,1635520251,1635639051,false,P3
warehouse,625ac99ffc13ae0e18000139,625ac99ffc13ae0e18000136,28,1642657765,1642812565,true,P3
