warehouse_id,manufacturer_id,inTime,out_time
622f88c5fc13ae1b9400006f,622f88c5fc13ae1b9400006e,1629784777,1632203977
622f88c5fc13ae1b94000072,622f88c5fc13ae1b94000071,1640966072,1641916472
622f88c5fc13ae1b94000075,622f88c5fc13ae1b94000074,1642767582,1644063582
622f88c5fc13ae1b94000078,622f88c5fc13ae1b94000077,1633097905,1634998705
622f88c5fc13ae1b9400007b,622f88c5fc13ae1b9400007a,1637455551,1639615551
622f88c5fc13ae1b9400007e,622f88c5fc13ae1b9400007d,1642310261,1644729461
622f88c5fc13ae1b94000081,622f88c5fc13ae1b94000080,1640120002,1642107202
622f88c5fc13ae1b94000084,622f88c5fc13ae1b94000083,1628353317,1629390117
622f88c5fc13ae1b94000087,622f88c5fc13ae1b94000086,1618761001,1619279401
622f88c5fc13ae1b9400008a,622f88c5fc13ae1b94000089,1626286587,1627668987
622f88c5fc13ae1b9400008d,622f88c5fc13ae1b9400008c,1619105020,1619450620
622f88c5fc13ae1b94000090,622f88c5fc13ae1b9400008f,1640854927,1641200527
622f88c5fc13ae1b94000093,622f88c5fc13ae1b94000092,1635462704,1637709104
622f88c5fc13ae1b94000096,622f88c5fc13ae1b94000095,1615685558,1617240758
622f88c5fc13ae1b94000099,622f88c5fc13ae1b94000098,1644736142,1646636942
622f88c5fc13ae1b9400009c,622f88c5fc13ae1b9400009b,1618359950,1619051150
622f88c5fc13ae1b9400009f,622f88c5fc13ae1b9400009e,1631998132,1634417332
622f88c5fc13ae1b940000a2,622f88c5fc13ae1b940000a1,1624699870,1625477470
622f88c5fc13ae1b940000a5,622f88c5fc13ae1b940000a4,1632216554,1632389354
622f88c5fc13ae1b940000a8,622f88c5fc13ae1b940000a7,1619491665,1620269265
622f88c5fc13ae1b940000ab,622f88c5fc13ae1b940000aa,1642857973,1643981173
622f88c5fc13ae1b940000ae,622f88c5fc13ae1b940000ad,1631396861,1632347261
622f88c5fc13ae1b940000b1,622f88c5fc13ae1b940000b0,1635656235,1637643435
622f88c5fc13ae1b940000b4,622f88c5fc13ae1b940000b3,1624542026,1626529226
622f88c5fc13ae1b940000b7,622f88c5fc13ae1b940000b6,1638006773,1639907573
622f88c5fc13ae1b940000ba,622f88c5fc13ae1b940000b9,1624643770,1626112570
622f88c5fc13ae1b940000bd,622f88c5fc13ae1b940000bc,1629191856,1631351856
622f88c5fc13ae1b940000c0,622f88c5fc13ae1b940000bf,1617443808,1619431008
622f88c5fc13ae1b940000c3,622f88c5fc13ae1b940000c2,1630375706,1631671706
622f88c5fc13ae1b940000c6,622f88c5fc13ae1b940000c5,1622686033,1624414033
622f88c5fc13ae1b940000c9,622f88c5fc13ae1b940000c8,1643202532,1645708132
622f88c5fc13ae1b940000cc,622f88c5fc13ae1b940000cb,1637700866,1638392066
622f88c5fc13ae1b940000cf,622f88c5fc13ae1b940000ce,1623878259,1626038259
622f88c5fc13ae1b940000d2,622f88c5fc13ae1b940000d1,1639700436,1640391636
622f88c5fc13ae1b940000d5,622f88c5fc13ae1b940000d4,1632690338,1635109538
622f88c5fc13ae1b940000d8,622f88c5fc13ae1b940000d7,1637053940,1638781940
622f88c5fc13ae1b940000db,622f88c5fc13ae1b940000da,1645862051,1647676451
622f88c5fc13ae1b940000de,622f88c5fc13ae1b940000dd,1640918888,1641264488
622f88c5fc13ae1b940000e1,622f88c5fc13ae1b940000e0,1617212554,1617817354
622f88c5fc13ae1b940000e4,622f88c5fc13ae1b940000e3,1621581899,1622445899
622f88c5fc13ae1b940000e7,622f88c5fc13ae1b940000e6,1629279903,1630143903
622f88c5fc13ae1b940000ea,622f88c5fc13ae1b940000e9,1642688247,1643897847
622f88c5fc13ae1b940000ed,622f88c5fc13ae1b940000ec,1631463835,1632673435
622f88c5fc13ae1b940000f0,622f88c5fc13ae1b940000ef,1639347542,1640643542
622f88c5fc13ae1b940000f3,622f88c5fc13ae1b940000f2,1632641222,1634196422
622f88c5fc13ae1b940000f6,622f88c5fc13ae1b940000f5,1624551359,1624637759
622f88c5fc13ae1b940000f9,622f88c5fc13ae1b940000f8,1632396790,1632483190
622f88c5fc13ae1b940000fc,622f88c5fc13ae1b940000fb,1633130405,1635117605
622f88c5fc13ae1b940000ff,622f88c5fc13ae1b940000fe,1644698263,1646512663
622f88c5fc13ae1b94000102,622f88c5fc13ae1b94000101,1618958098,1620340498
622f88c5fc13ae1b94000105,622f88c5fc13ae1b94000104,1617025725,1617457725
622f88c5fc13ae1b94000108,622f88c5fc13ae1b94000107,1631182379,1633601579
622f88c5fc13ae1b9400010b,622f88c5fc13ae1b9400010a,1634747061,1636388661
622f88c5fc13ae1b9400010e,622f88c5fc13ae1b9400010d,1625159307,1625591307
622f88c5fc13ae1b94000111,622f88c5fc13ae1b94000110,1619892057,1621879257
622f88c5fc13ae1b94000114,622f88c5fc13ae1b94000113,1616328385,1618574785
622f88c5fc13ae1b94000117,622f88c5fc13ae1b94000116,1645371469,1647272269
622f88c5fc13ae1b9400011a,622f88c5fc13ae1b94000119,1641311537,1641570737
622f88c5fc13ae1b9400011d,622f88c5fc13ae1b9400011c,1618581021,1619531421
622f88c5fc13ae1b94000120,622f88c5fc13ae1b9400011f,1637728370,1638073970
622f88c5fc13ae1b94000123,622f88c5fc13ae1b94000122,1628027559,1630101159
622f88c5fc13ae1b94000126,622f88c5fc13ae1b94000125,1617314481,1617487281
622f88c5fc13ae1b94000129,622f88c5fc13ae1b94000128,1632167807,1633982207
622f88c5fc13ae1b9400012c,622f88c5fc13ae1b9400012b,1631621149,1634126749
622f88c5fc13ae1b9400012f,622f88c5fc13ae1b9400012e,1631499031,1631758231
622f88c5fc13ae1b94000132,622f88c5fc13ae1b94000131,1633956415,1635252415
622f88c5fc13ae1b94000135,622f88c5fc13ae1b94000134,1632590509,1634923309
622f88c5fc13ae1b94000138,622f88c5fc13ae1b94000137,1639984632,1641799032
622f88c5fc13ae1b9400013b,622f88c5fc13ae1b9400013a,1640247704,1641630104
622f88c5fc13ae1b9400013e,622f88c5fc13ae1b9400013d,1638297054,1638988254
622f88c5fc13ae1b94000141,622f88c5fc13ae1b94000140,1634940087,1637532087
622f88c5fc13ae1b94000144,622f88c5fc13ae1b94000143,1624086086,1624777286
622f88c5fc13ae1b94000147,622f88c5fc13ae1b94000146,1622668169,1625087369
622f88c5fc13ae1b9400014a,622f88c5fc13ae1b94000149,1632792424,1634261224
622f88c5fc13ae1b9400014d,622f88c5fc13ae1b9400014c,1615808774,1616672774
622f88c5fc13ae1b94000150,622f88c5fc13ae1b9400014f,1635524366,1635610766
622f88c5fc13ae1b94000153,622f88c5fc13ae1b94000152,1621706922,1622570922
622f88c5fc13ae1b94000156,622f88c5fc13ae1b94000155,1640790891,1642605291
622f88c5fc13ae1b94000159,622f88c5fc13ae1b94000158,1641737808,1643293008
622f88c5fc13ae1b9400015c,622f88c5fc13ae1b9400015b,1639559012,1639731812
622f88c5fc13ae1b9400015f,622f88c5fc13ae1b9400015e,1643539395,1645872195
622f88c5fc13ae1b94000162,622f88c5fc13ae1b94000161,1626927352,1627532152
622f88c5fc13ae1b94000165,622f88c5fc13ae1b94000164,1622148674,1623444674
622f88c5fc13ae1b94000168,622f88c5fc13ae1b94000167,1615714943,1617615743
622f88c5fc13ae1b9400016b,622f88c5fc13ae1b9400016a,1644113355,1645841355
622f88c5fc13ae1b9400016e,622f88c5fc13ae1b9400016d,1635472369,1635904369
622f88c5fc13ae1b94000171,622f88c5fc13ae1b94000170,1622527963,1623305563
622f88c5fc13ae1b94000174,622f88c5fc13ae1b94000173,1631178231,1632733431
622f88c5fc13ae1b94000177,622f88c5fc13ae1b94000176,1627095325,1629514525
622f88c5fc13ae1b9400017a,622f88c5fc13ae1b94000179,1644755819,1646224619
622f88c5fc13ae1b9400017d,622f88c5fc13ae1b9400017c,1620531056,1621222256
622f88c5fc13ae1b94000180,622f88c5fc13ae1b9400017f,1634624127,1637129727
622f88c5fc13ae1b94000183,622f88c5fc13ae1b94000182,1616596821,1617720021
622f88c5fc13ae1b94000186,622f88c5fc13ae1b94000185,1633420286,1634370686
622f88c5fc13ae1b94000189,622f88c5fc13ae1b94000188,1621725332,1621811732
622f88c5fc13ae1b9400018c,622f88c5fc13ae1b9400018b,1642194066,1642366866
622f88c5fc13ae1b9400018f,622f88c5fc13ae1b9400018e,1634485898,1634572298
622f88c5fc13ae1b94000192,622f88c5fc13ae1b94000191,1635982839,1637797239
622f88c5fc13ae1b94000195,622f88c5fc13ae1b94000194,1628644105,1629680905
622f88c5fc13ae1b94000198,622f88c5fc13ae1b94000197,1639686005,1641500405
622f88c5fc13ae1b9400019b,622f88c5fc13ae1b9400019a,1642868110,1645460110
622f88c5fc13ae1b9400019e,622f88c5fc13ae1b9400019d,1618511424,1619461824
622f88c5fc13ae1b940001a1,622f88c5fc13ae1b940001a0,1627175312,1629248912
622f88c5fc13ae1b940001a4,622f88c5fc13ae1b940001a3,1642002917,1644422117
622f88c5fc13ae1b940001a7,622f88c5fc13ae1b940001a6,1634029948,1636362748
622f88c5fc13ae1b940001aa,622f88c5fc13ae1b940001a9,1624793909,1625485109
622f88c5fc13ae1b940001ad,622f88c5fc13ae1b940001ac,1631246563,1632801763
622f88c5fc13ae1b940001b0,622f88c5fc13ae1b940001af,1644700594,1645650994
622f88c5fc13ae1b940001b3,622f88c5fc13ae1b940001b2,1620764631,1623011031
622f88c5fc13ae1b940001b6,622f88c5fc13ae1b940001b5,1638726414,1640713614
622f88c5fc13ae1b940001b9,622f88c5fc13ae1b940001b8,1622308793,1622913593
622f88c5fc13ae1b940001bc,622f88c5fc13ae1b940001bb,1638123079,1640542279
622f88c5fc13ae1b940001bf,622f88c5fc13ae1b940001be,1634056793,1636389593
622f88c5fc13ae1b940001c2,622f88c5fc13ae1b940001c1,1628341402,1630847002
622f88c5fc13ae1b940001c5,622f88c5fc13ae1b940001c4,1637356432,1638134032
622f88c5fc13ae1b940001c8,622f88c5fc13ae1b940001c7,1644949286,1645381286
622f88c5fc13ae1b940001cb,622f88c5fc13ae1b940001ca,1615700825,1617342425
622f88c5fc13ae1b940001ce,622f88c5fc13ae1b940001cd,1615911192,1618330392
622f88c5fc13ae1b940001d1,622f88c5fc13ae1b940001d0,1618992429,1620029229
622f88c5fc13ae1b940001d4,622f88c5fc13ae1b940001d3,1646667045,1648481445
622f88c5fc13ae1b940001d7,622f88c5fc13ae1b940001d6,1618397001,1620902601
622f88c5fc13ae1b940001da,622f88c5fc13ae1b940001d9,1636657608,1638990408
622f88c5fc13ae1b940001dd,622f88c5fc13ae1b940001dc,1621502188,1623748588
622f88c5fc13ae1b940001e0,622f88c5fc13ae1b940001df,1631095667,1631354867
622f88c5fc13ae1b940001e3,622f88c5fc13ae1b940001e2,1643451121,1645351921
622f88c5fc13ae1b940001e6,622f88c5fc13ae1b940001e5,1615937166,1616023566
622f88c5fc13ae1b940001e9,622f88c5fc13ae1b940001e8,1617673514,1619315114
622f88c5fc13ae1b940001ec,622f88c5fc13ae1b940001eb,1626259303,1627814503
622f88c5fc13ae1b940001ef,622f88c5fc13ae1b940001ee,1638078629,1639029029
622f88c5fc13ae1b940001f2,622f88c5fc13ae1b940001f1,1633550994,1633982994
622f88c5fc13ae1b940001f5,622f88c5fc13ae1b940001f4,1634759533,1636746733
622f88c5fc13ae1b940001f8,622f88c5fc13ae1b940001f7,1622228957,1622833757
622f88c5fc13ae1b940001fb,622f88c5fc13ae1b940001fa,1630084441,1632244441
622f88c5fc13ae1b940001fe,622f88c5fc13ae1b940001fd,1621698146,1622734946
622f88c5fc13ae1b94000201,622f88c5fc13ae1b94000200,1622774026,1624070026
622f88c5fc13ae1b94000204,622f88c5fc13ae1b94000203,1629861922,1630380322
622f88c5fc13ae1b94000207,622f88c5fc13ae1b94000206,1615729362,1616766162
622f88c5fc13ae1b9400020a,622f88c5fc13ae1b94000209,1639244134,1641317734
622f88c5fc13ae1b9400020d,622f88c5fc13ae1b9400020c,1616308166,1616826566
622f88c5fc13ae1b94000210,622f88c5fc13ae1b9400020f,1641380889,1641899289
622f88c5fc13ae1b94000213,622f88c5fc13ae1b94000212,1639054123,1639572523
622f88c5fc13ae1b94000216,622f88c5fc13ae1b94000215,1626150867,1627965267
622f88c5fc13ae1b94000219,622f88c5fc13ae1b94000218,1630612396,1630871596
622f88c5fc13ae1b9400021c,622f88c5fc13ae1b9400021b,1628773453,1631019853
622f88c5fc13ae1b9400021f,622f88c5fc13ae1b9400021e,1645932497,1648265297
622f88c5fc13ae1b94000222,622f88c5fc13ae1b94000221,1618073002,1620665002
622f88c5fc13ae1b94000225,622f88c5fc13ae1b94000224,1619841632,1620619232
622f88c5fc13ae1b94000228,622f88c5fc13ae1b94000227,1621149508,1623136708
622f88c5fc13ae1b9400022b,622f88c5fc13ae1b9400022a,1620615514,1621047514
622f88c5fc13ae1b9400022e,622f88c5fc13ae1b9400022d,1629099274,1629617674
622f88c5fc13ae1b94000231,622f88c5fc13ae1b94000230,1645728724,1646419924
622f88c5fc13ae1b94000234,622f88c5fc13ae1b94000233,1627171761,1628986161
622f88c5fc13ae1b94000237,622f88c5fc13ae1b94000236,1632808138,1633585738
622f88c5fc13ae1b9400023a,622f88c5fc13ae1b94000239,1643058051,1644267651
622f88c5fc13ae1b9400023d,622f88c5fc13ae1b9400023c,1638854439,1640582439
622f88c5fc13ae1b94000240,622f88c5fc13ae1b9400023f,1619298428,1621285628
622f88c5fc13ae1b94000243,622f88c5fc13ae1b94000242,1624880257,1624966657
622f88c5fc13ae1b94000246,622f88c5fc13ae1b94000245,1628090145,1628608545
622f88c5fc13ae1b94000249,622f88c5fc13ae1b94000248,1626588376,1627538776
622f88c6fc13ae1b9400024c,622f88c6fc13ae1b9400024b,1638345864,1640073864
622f88c6fc13ae1b9400024f,622f88c6fc13ae1b9400024e,1633033952,1633897952
622f88c6fc13ae1b94000252,622f88c6fc13ae1b94000251,1631764375,1632801175
622f88c6fc13ae1b94000255,622f88c6fc13ae1b94000254,1620675221,1622576021
622f88c6fc13ae1b94000258,622f88c6fc13ae1b94000257,1635976947,1638136947
622f88c6fc13ae1b9400025b,622f88c6fc13ae1b9400025a,1641297105,1641642705
622f88c6fc13ae1b9400025e,622f88c6fc13ae1b9400025d,1627839882,1629913482
622f88c6fc13ae1b94000261,622f88c6fc13ae1b94000260,1637357088,1637961888
622f88c6fc13ae1b94000264,622f88c6fc13ae1b94000263,1629407238,1630098438
622f88c6fc13ae1b94000267,622f88c6fc13ae1b94000266,1646971739,1649563739
622f88c6fc13ae1b9400026a,622f88c6fc13ae1b94000269,1629228377,1629314777
622f88c6fc13ae1b9400026d,622f88c6fc13ae1b9400026c,1637077740,1637768940
622f88c6fc13ae1b94000270,622f88c6fc13ae1b9400026f,1618568448,1620123648
622f88c6fc13ae1b94000273,622f88c6fc13ae1b94000272,1626499074,1628140674
622f88c6fc13ae1b94000276,622f88c6fc13ae1b94000275,1627222210,1628086210
622f88c6fc13ae1b94000279,622f88c6fc13ae1b94000278,1631935360,1633749760
622f88c6fc13ae1b9400027c,622f88c6fc13ae1b9400027b,1628607899,1629126299
622f88c6fc13ae1b9400027f,622f88c6fc13ae1b9400027e,1644986064,1647232464
622f88c6fc13ae1b94000282,622f88c6fc13ae1b94000281,1627970953,1628575753
622f88c6fc13ae1b94000285,622f88c6fc13ae1b94000284,1616156046,1616847246
622f88c6fc13ae1b94000288,622f88c6fc13ae1b94000287,1619640419,1620590819
622f88c6fc13ae1b9400028b,622f88c6fc13ae1b9400028a,1626346325,1627469525
622f88c6fc13ae1b9400028e,622f88c6fc13ae1b9400028d,1638194075,1640440475
622f88c6fc13ae1b94000291,622f88c6fc13ae1b94000290,1641390993,1643896593
622f88c6fc13ae1b94000294,622f88c6fc13ae1b94000293,1641331597,1641763597
622f88c6fc13ae1b94000297,622f88c6fc13ae1b94000296,1639740300,1642073100
622f88c6fc13ae1b9400029a,622f88c6fc13ae1b94000299,1621999488,1622345088
622f88c6fc13ae1b9400029d,622f88c6fc13ae1b9400029c,1617009198,1619428398
622f88c6fc13ae1b940002a0,622f88c6fc13ae1b9400029f,1642269758,1642442558
622f88c6fc13ae1b940002a3,622f88c6fc13ae1b940002a2,1630913266,1632641266
622f88c6fc13ae1b940002a6,622f88c6fc13ae1b940002a5,1624210215,1624469415
622f88c6fc13ae1b940002a9,622f88c6fc13ae1b940002a8,1643356149,1643701749
622f88c6fc13ae1b940002ac,622f88c6fc13ae1b940002ab,1641750348,1643910348
622f88c6fc13ae1b940002af,622f88c6fc13ae1b940002ae,1637531872,1639951072
622f88c6fc13ae1b940002b2,622f88c6fc13ae1b940002b1,1617833091,1619647491
622f88c6fc13ae1b940002b5,622f88c6fc13ae1b940002b4,1646667968,1649173568
622f88c6fc13ae1b940002b8,622f88c6fc13ae1b940002b7,1621428087,1624020087
622f88c6fc13ae1b940002bb,622f88c6fc13ae1b940002ba,1633892089,1636397689
622f88c6fc13ae1b940002be,622f88c6fc13ae1b940002bd,1616595458,1618323458
622f88c6fc13ae1b940002c1,622f88c6fc13ae1b940002c0,1631039643,1633631643
622f88c6fc13ae1b940002c4,622f88c6fc13ae1b940002c3,1636064743,1636151143
622f88c6fc13ae1b940002c7,622f88c6fc13ae1b940002c6,1632592261,1635097861
622f88c6fc13ae1b940002ca,622f88c6fc13ae1b940002c9,1622793050,1623311450
622f88c6fc13ae1b940002cd,622f88c6fc13ae1b940002cc,1619764716,1621751916
622f88c6fc13ae1b940002d0,622f88c6fc13ae1b940002cf,1635156973,1635761773
622f88c6fc13ae1b940002d3,622f88c6fc13ae1b940002d2,1617940270,1620100270
622f88c6fc13ae1b940002d6,622f88c6fc13ae1b940002d5,1630618905,1632174105
622f88c6fc13ae1b940002d9,622f88c6fc13ae1b940002d8,1643035306,1644504106
622f88c6fc13ae1b940002dc,622f88c6fc13ae1b940002db,1627643994,1628248794
622f88c6fc13ae1b940002df,622f88c6fc13ae1b940002de,1639292392,1639810792
622f88c6fc13ae1b940002e2,622f88c6fc13ae1b940002e1,1622642467,1624629667
622f88c6fc13ae1b940002e5,622f88c6fc13ae1b940002e4,1632588366,1632847566
622f88c6fc13ae1b940002e8,622f88c6fc13ae1b940002e7,1635819731,1636424531
622f88c6fc13ae1b940002eb,622f88c6fc13ae1b940002ea,1626571404,1628385804
622f88c6fc13ae1b940002ee,622f88c6fc13ae1b940002ed,1616045150,1618550750
622f88c6fc13ae1b940002f1,622f88c6fc13ae1b940002f0,1644267934,1644613534
622f88c6fc13ae1b940002f4,622f88c6fc13ae1b940002f3,1625027541,1626928341
622f88c6fc13ae1b940002f7,622f88c6fc13ae1b940002f6,1623366969,1625267769
622f88c6fc13ae1b940002fa,622f88c6fc13ae1b940002f9,1631724906,1634316906
622f88c6fc13ae1b940002fd,622f88c6fc13ae1b940002fc,1623833247,1624438047
622f88c6fc13ae1b94000300,622f88c6fc13ae1b940002ff,1631499058,1632708658
622f88c6fc13ae1b94000303,622f88c6fc13ae1b94000302,1640091984,1641042384
622f88c6fc13ae1b94000306,622f88c6fc13ae1b94000305,1640933179,1641192379
622f88c6fc13ae1b94000309,622f88c6fc13ae1b94000308,1618202966,1618375766
622f88c6fc13ae1b9400030c,622f88c6fc13ae1b9400030b,1615888834,1617012034
622f88c6fc13ae1b9400030f,622f88c6fc13ae1b9400030e,1625179547,1626475547
622f88c6fc13ae1b94000312,622f88c6fc13ae1b94000311,1628536386,1630869186
622f88c6fc13ae1b94000315,622f88c6fc13ae1b94000314,1631427210,1633414410
622f88c6fc13ae1b94000318,622f88c6fc13ae1b94000317,1644448914,1645831314
622f88c6fc13ae1b9400031b,622f88c6fc13ae1b9400031a,1626628512,1627060512
622f88c6fc13ae1b9400031e,622f88c6fc13ae1b9400031d,1646594053,1648754053
622f88c6fc13ae1b94000321,622f88c6fc13ae1b94000320,1638067574,1640054774
622f88c6fc13ae1b94000324,622f88c6fc13ae1b94000323,1626335932,1628927932
622f88c6fc13ae1b94000327,622f88c6fc13ae1b94000326,1618012787,1620431987
622f88c6fc13ae1b9400032a,622f88c6fc13ae1b94000329,1622134172,1624034972
622f88c6fc13ae1b9400032d,622f88c6fc13ae1b9400032c,1646109738,1648442538
622f88c6fc13ae1b94000330,622f88c6fc13ae1b9400032f,1622767071,1625013471
622f88c6fc13ae1b94000333,622f88c6fc13ae1b94000332,1641243517,1641329917
622f88c6fc13ae1b94000336,622f88c6fc13ae1b94000335,1639252430,1640202830
622f88c6fc13ae1b94000339,622f88c6fc13ae1b94000338,1618374345,1620879945
622f88c6fc13ae1b9400033c,622f88c6fc13ae1b9400033b,1632086199,1634159799
622f88c6fc13ae1b9400033f,622f88c6fc13ae1b9400033e,1615836966,1618256166
622f88c6fc13ae1b94000342,622f88c6fc13ae1b94000341,1621022727,1621886727
622f88c6fc13ae1b94000345,622f88c6fc13ae1b94000344,1639893147,1640670747
622f88c6fc13ae1b94000348,622f88c6fc13ae1b94000347,1629061622,1630184822
622f88c6fc13ae1b9400034b,622f88c6fc13ae1b9400034a,1622464627,1623155827
622f88c6fc13ae1b9400034e,622f88c6fc13ae1b9400034d,1645875103,1648380703
622f88c6fc13ae1b94000351,622f88c6fc13ae1b94000350,1627488584,1629302984
622f88c6fc13ae1b94000354,622f88c6fc13ae1b94000353,1618986659,1620541859
622f88c6fc13ae1b94000357,622f88c6fc13ae1b94000356,1638109465,1640269465
622f88c6fc13ae1b9400035a,622f88c6fc13ae1b94000359,1641164818,1641337618
622f88c6fc13ae1b9400035d,622f88c6fc13ae1b9400035c,1638366747,1640785947
622f88c6fc13ae1b94000360,622f88c6fc13ae1b9400035f,1645521625,1645780825
622f88c6fc13ae1b94000363,622f88c6fc13ae1b94000362,1632450753,1634437953
622f88c6fc13ae1b94000366,622f88c6fc13ae1b94000365,1638415974,1639539174
622f88c6fc13ae1b94000369,622f88c6fc13ae1b94000368,1645967584,1648300384
622f88c6fc13ae1b9400036c,622f88c6fc13ae1b9400036b,1646624893,1647143293
622f88c6fc13ae1b9400036f,622f88c6fc13ae1b9400036e,1625869916,1627597916
622f88c6fc13ae1b94000372,622f88c6fc13ae1b94000371,1617616430,1620035630
622f88c6fc13ae1b94000375,622f88c6fc13ae1b94000374,1639742379,1641124779
622f88c6fc13ae1b94000378,622f88c6fc13ae1b94000377,1631467851,1633973451
622f88c6fc13ae1b9400037b,622f88c6fc13ae1b9400037a,1635846755,1637920355
622f88c6fc13ae1b9400037e,622f88c6fc13ae1b9400037d,1629419516,1630283516
622f88c6fc13ae1b94000381,622f88c6fc13ae1b94000380,1638202504,1638634504
622f88c6fc13ae1b94000384,622f88c6fc13ae1b94000383,1646126829,1646558829
622f88c6fc13ae1b94000387,622f88c6fc13ae1b94000386,1640169957,1641465957
622f88c6fc13ae1b9400038a,622f88c6fc13ae1b94000389,1646166519,1647980919
622f88c6fc13ae1b9400038d,622f88c6fc13ae1b9400038c,1631638904,1632848504
622f88c6fc13ae1b94000390,622f88c6fc13ae1b9400038f,1617162515,1617940115
622f88c6fc13ae1b94000393,622f88c6fc13ae1b94000392,1632523628,1634424428
622f88c6fc13ae1b94000396,622f88c6fc13ae1b94000395,1620983918,1621847918
622f88c6fc13ae1b94000399,622f88c6fc13ae1b94000398,1628122938,1629505338
622f88c6fc13ae1b9400039c,622f88c6fc13ae1b9400039b,1623515626,1625330026
622f88c6fc13ae1b9400039f,622f88c6fc13ae1b9400039e,1618735902,1620291102
622f88c6fc13ae1b940003a2,622f88c6fc13ae1b940003a1,1630278563,1632265763
622f88c6fc13ae1b940003a5,622f88c6fc13ae1b940003a4,1631021089,1631539489
622f88c6fc13ae1b940003a8,622f88c6fc13ae1b940003a7,1624840502,1625358902
622f88c6fc13ae1b940003ab,622f88c6fc13ae1b940003aa,1630686003,1632500403
622f88c6fc13ae1b940003ae,622f88c6fc13ae1b940003ad,1632744993,1634300193
622f88c6fc13ae1b940003b1,622f88c6fc13ae1b940003b0,1615953815,1616817815
622f88c6fc13ae1b940003b4,622f88c6fc13ae1b940003b3,1631422427,1633409627
622f88c6fc13ae1b940003b7,622f88c6fc13ae1b940003b6,1625032980,1627365780
622f88c6fc13ae1b940003ba,622f88c6fc13ae1b940003b9,1634798089,1635143689
622f88c6fc13ae1b940003bd,622f88c6fc13ae1b940003bc,1623655037,1624173437
622f88c6fc13ae1b940003c0,622f88c6fc13ae1b940003bf,1632016357,1634003557
622f88c6fc13ae1b940003c3,622f88c6fc13ae1b940003c2,1640182416,1642256016
622f88c6fc13ae1b940003c6,622f88c6fc13ae1b940003c5,1642366066,1644180466
622f88c6fc13ae1b940003c9,622f88c6fc13ae1b940003c8,1617524806,1618388806
622f88c6fc13ae1b940003cc,622f88c6fc13ae1b940003cb,1628588488,1630489288
622f88c6fc13ae1b940003cf,622f88c6fc13ae1b940003ce,1625564646,1627379046
622f88c6fc13ae1b940003d2,622f88c6fc13ae1b940003d1,1627243854,1629144654
622f88c6fc13ae1b940003d5,622f88c6fc13ae1b940003d4,1638001530,1639038330
622f88c6fc13ae1b940003d8,622f88c6fc13ae1b940003d7,1617516056,1618898456
622f88c6fc13ae1b940003db,622f88c6fc13ae1b940003da,1637187666,1638051666
622f88c6fc13ae1b940003de,622f88c6fc13ae1b940003dd,1637479620,1639121220
622f88c6fc13ae1b940003e1,622f88c6fc13ae1b940003e0,1634534002,1634620402
622f88c6fc13ae1b940003e4,622f88c6fc13ae1b940003e3,1617019088,1619438288
622f88c6fc13ae1b940003e7,622f88c6fc13ae1b940003e6,1646707402,1648694602
622f88c6fc13ae1b940003ea,622f88c6fc13ae1b940003e9,1629611045,1630820645
622f88c6fc13ae1b940003ed,622f88c6fc13ae1b940003ec,1637874602,1638911402
622f88c6fc13ae1b940003f0,622f88c6fc13ae1b940003ef,1625775958,1627763158
622f88c6fc13ae1b940003f3,622f88c6fc13ae1b940003f2,1627633476,1629447876
622f88c6fc13ae1b940003f6,622f88c6fc13ae1b940003f5,1624693597,1626853597
622f88c6fc13ae1b940003f9,622f88c6fc13ae1b940003f8,1621395131,1623814331
622f88c6fc13ae1b940003fc,622f88c6fc13ae1b940003fb,1633997399,1636589399
622f88c6fc13ae1b940003ff,622f88c6fc13ae1b940003fe,1616219978,1617083978
622f88c6fc13ae1b94000402,622f88c6fc13ae1b94000401,1617044272,1618081072
622f88c6fc13ae1b94000405,622f88c6fc13ae1b94000404,1637469592,1638765592
622f88c6fc13ae1b94000408,622f88c6fc13ae1b94000407,1627275779,1628139779
622f88c6fc13ae1b9400040b,622f88c6fc13ae1b9400040a,1619577888,1621737888
622f88c6fc13ae1b9400040e,622f88c6fc13ae1b9400040d,1639231882,1640873482
622f88c6fc13ae1b94000411,622f88c6fc13ae1b94000410,1624750198,1626305398
622f88c6fc13ae1b94000414,622f88c6fc13ae1b94000413,1626862428,1627985628
622f88c6fc13ae1b94000417,622f88c6fc13ae1b94000416,1637641122,1638073122
622f88c6fc13ae1b9400041a,622f88c6fc13ae1b94000419,1626579996,1628480796
622f88c6fc13ae1b9400041d,622f88c6fc13ae1b9400041c,1621310557,1623297757
622f88c6fc13ae1b94000420,622f88c6fc13ae1b9400041f,1629095733,1630305333
622f88c6fc13ae1b94000423,622f88c6fc13ae1b94000422,1645377761,1646587361
622f88c6fc13ae1b94000426,622f88c6fc13ae1b94000425,1635421936,1636631536
622f88c6fc13ae1b94000429,622f88c6fc13ae1b94000428,1625195472,1626491472
622f88c6fc13ae1b9400042c,622f88c6fc13ae1b9400042b,1643702591,1645257791
622f88c6fc13ae1b9400042f,622f88c6fc13ae1b9400042e,1617355391,1617873791
622f88c6fc13ae1b94000432,622f88c6fc13ae1b94000431,1630338851,1632671651
622f88c6fc13ae1b94000435,622f88c6fc13ae1b94000434,1643107384,1643971384
622f88c6fc13ae1b94000438,622f88c6fc13ae1b94000437,1624685039,1625808239
622f88c6fc13ae1b9400043b,622f88c6fc13ae1b9400043a,1635390540,1637636940
622f88c6fc13ae1b9400043e,622f88c6fc13ae1b9400043d,1645989687,1646940087
622f88c6fc13ae1b94000441,622f88c6fc13ae1b94000440,1622271437,1623567437
622f88c6fc13ae1b94000444,622f88c6fc13ae1b94000443,1635792040,1638038440
622f88c6fc13ae1b94000447,622f88c6fc13ae1b94000446,1633220973,1634084973
622f88c6fc13ae1b9400044a,622f88c6fc13ae1b94000449,1634652794,1636467194
622f88c6fc13ae1b9400044d,622f88c6fc13ae1b9400044c,1619352927,1621599327
622f88c6fc13ae1b94000450,622f88c6fc13ae1b9400044f,1618732166,1620200966
622f88c6fc13ae1b94000453,622f88c6fc13ae1b94000452,1634511415,1634857015
622f88c6fc13ae1b94000456,622f88c6fc13ae1b94000455,1644005381,1644178181
622f88c6fc13ae1b94000459,622f88c6fc13ae1b94000458,1632034134,1633589334
622f88c6fc13ae1b9400045c,622f88c6fc13ae1b9400045b,1630832004,1631782404
622f88c6fc13ae1b9400045f,622f88c6fc13ae1b9400045e,1630312681,1632731881
622f88c6fc13ae1b94000462,622f88c6fc13ae1b94000461,1631586488,1632104888
622f88c6fc13ae1b94000465,622f88c6fc13ae1b94000464,1622744844,1624386444
622f88c6fc13ae1b94000468,622f88c6fc13ae1b94000467,1631184622,1631530222
622f88c6fc13ae1b9400046b,622f88c6fc13ae1b9400046a,1638886524,1639059324
622f88c6fc13ae1b9400046e,622f88c6fc13ae1b9400046d,1625058175,1626613375
622f88c6fc13ae1b94000471,622f88c6fc13ae1b94000470,1638991796,1639942196
622f88c6fc13ae1b94000474,622f88c6fc13ae1b94000473,1628611926,1629907926
622f88c6fc13ae1b94000477,622f88c6fc13ae1b94000476,1631161010,1632543410
622f88c6fc13ae1b9400047a,622f88c6fc13ae1b94000479,1620935753,1621022153
622f88c6fc13ae1b9400047d,622f88c6fc13ae1b9400047c,1624005091,1625733091
622f88c6fc13ae1b94000480,622f88c6fc13ae1b9400047f,1625417348,1626713348
622f88c6fc13ae1b94000483,622f88c6fc13ae1b94000482,1642309919,1642828319
622f88c6fc13ae1b94000486,622f88c6fc13ae1b94000485,1638989962,1639421962
622f88c6fc13ae1b94000489,622f88c6fc13ae1b94000488,1633210874,1633815674
622f88c6fc13ae1b9400048c,622f88c6fc13ae1b9400048b,1646435059,1646780659
622f88c6fc13ae1b9400048f,622f88c6fc13ae1b9400048e,1618223473,1619001073
622f88c6fc13ae1b94000492,622f88c6fc13ae1b94000491,1631466414,1632762414
622f88c6fc13ae1b94000495,622f88c6fc13ae1b94000494,1632393471,1634812671
622f88c6fc13ae1b94000498,622f88c6fc13ae1b94000497,1620228522,1621697322
622f88c6fc13ae1b9400049b,622f88c6fc13ae1b9400049a,1643026683,1644841083
622f88c6fc13ae1b9400049e,622f88c6fc13ae1b9400049d,1642450589,1644351389
622f88c6fc13ae1b940004a1,622f88c6fc13ae1b940004a0,1623367421,1624922621
622f88c6fc13ae1b940004a4,622f88c6fc13ae1b940004a3,1638620787,1639743987
622f88c6fc13ae1b940004a7,622f88c6fc13ae1b940004a6,1631456797,1633098397
622f88c6fc13ae1b940004aa,622f88c6fc13ae1b940004a9,1635589024,1637662624
622f88c6fc13ae1b940004ad,622f88c6fc13ae1b940004ac,1617871554,1620031554
622f88c6fc13ae1b940004b0,622f88c6fc13ae1b940004af,1640453836,1642613836
622f88c6fc13ae1b940004b3,622f88c6fc13ae1b940004b2,1629855893,1631065493
622f88c6fc13ae1b940004b6,622f88c6fc13ae1b940004b5,1635112392,1637531592
622f88c6fc13ae1b940004b9,622f88c6fc13ae1b940004b8,1624661107,1626043507
622f88c6fc13ae1b940004bc,622f88c6fc13ae1b940004bb,1631877772,1632136972
622f88c6fc13ae1b940004bf,622f88c6fc13ae1b940004be,1621077256,1621509256
622f88c6fc13ae1b940004c2,622f88c6fc13ae1b940004c1,1627233527,1627319927
622f88c6fc13ae1b940004c5,622f88c6fc13ae1b940004c4,1629146034,1631478834
622f88c6fc13ae1b940004c8,622f88c6fc13ae1b940004c7,1633399326,1634090526
622f88c6fc13ae1b940004cb,622f88c6fc13ae1b940004ca,1621117161,1622499561
622f88c6fc13ae1b940004ce,622f88c6fc13ae1b940004cd,1635959330,1638032930
622f88c6fc13ae1b940004d1,622f88c6fc13ae1b940004d0,1640986670,1643492270
622f88c6fc13ae1b940004d4,622f88c6fc13ae1b940004d3,1645326525,1646363325
622f88c6fc13ae1b940004d7,622f88c6fc13ae1b940004d6,1633397005,1635038605
622f88c6fc13ae1b940004da,622f88c6fc13ae1b940004d9,1615735885,1617204685
622f88c6fc13ae1b940004dd,622f88c6fc13ae1b940004dc,1634047808,1634825408
622f88c6fc13ae1b940004e0,622f88c6fc13ae1b940004df,1645811143,1648403143
622f88c6fc13ae1b940004e3,622f88c6fc13ae1b940004e2,1621023553,1622924353
622f88c6fc13ae1b940004e6,622f88c6fc13ae1b940004e5,1630440002,1632168002
622f88c6fc13ae1b940004e9,622f88c6fc13ae1b940004e8,1634310151,1636815751
622f88c6fc13ae1b940004ec,622f88c6fc13ae1b940004eb,1642764324,1644060324
622f88c6fc13ae1b940004ef,622f88c6fc13ae1b940004ee,1638302777,1638821177
622f88c6fc13ae1b940004f2,622f88c6fc13ae1b940004f1,1619675552,1620798752
622f88c6fc13ae1b940004f5,622f88c6fc13ae1b940004f4,1626036768,1628542368
622f88c6fc13ae1b940004f8,622f88c6fc13ae1b940004f7,1632159457,1633455457
622f88c6fc13ae1b940004fb,622f88c6fc13ae1b940004fa,1642728838,1644456838
622f88c6fc13ae1b940004fe,622f88c6fc13ae1b940004fd,1644896323,1647229123
622f88c6fc13ae1b94000501,622f88c6fc13ae1b94000500,1625836999,1627046599
622f88c6fc13ae1b94000504,622f88c6fc13ae1b94000503,1621585199,1622967599
622f88c6fc13ae1b94000507,622f88c6fc13ae1b94000506,1619797963,1619970763
622f88c6fc13ae1b9400050a,622f88c6fc13ae1b94000509,1640232299,1640491499
622f88c6fc13ae1b9400050d,622f88c6fc13ae1b9400050c,1645277433,1645968633
622f88c6fc13ae1b94000510,622f88c6fc13ae1b9400050f,1639740664,1639827064
622f88c6fc13ae1b94000513,622f88c6fc13ae1b94000512,1625666447,1626962447
622f88c6fc13ae1b94000516,622f88c6fc13ae1b94000515,1642167974,1643550374
622f88c6fc13ae1b94000519,622f88c6fc13ae1b94000518,1645945054,1647500254
622f88c6fc13ae1b9400051c,622f88c6fc13ae1b9400051b,1638123750,1639678950
622f88c6fc13ae1b9400051f,622f88c6fc13ae1b9400051e,1622229114,1623265914
622f88c6fc13ae1b94000522,622f88c6fc13ae1b94000521,1620130017,1620907617
622f88c6fc13ae1b94000525,622f88c6fc13ae1b94000524,1639057218,1640871618
622f88c6fc13ae1b94000528,622f88c6fc13ae1b94000527,1623843615,1625139615
622f88c6fc13ae1b9400052b,622f88c6fc13ae1b9400052a,1638688799,1641194399
622f88c6fc13ae1b9400052e,622f88c6fc13ae1b9400052d,1622867087,1624335887
622f88c6fc13ae1b94000531,622f88c6fc13ae1b94000530,1630019045,1631315045
622f88c6fc13ae1b94000534,622f88c6fc13ae1b94000533,1645815825,1646161425
622f88c6fc13ae1b94000537,622f88c6fc13ae1b94000536,1622217829,1624464229
622f88c6fc13ae1b9400053a,622f88c6fc13ae1b94000539,1622092614,1623647814
622f88c6fc13ae1b9400053d,622f88c6fc13ae1b9400053c,1624672728,1625795928
622f88c6fc13ae1b94000540,622f88c6fc13ae1b9400053f,1634800924,1636442524
622f88c6fc13ae1b94000543,622f88c6fc13ae1b94000542,1633962017,1635690017
622f88c6fc13ae1b94000546,622f88c6fc13ae1b94000545,1615822348,1615908748
622f88c6fc13ae1b94000549,622f88c6fc13ae1b94000548,1621013378,1623259778
622f88c6fc13ae1b9400054c,622f88c6fc13ae1b9400054b,1644254928,1644859728
622f88c6fc13ae1b9400054f,622f88c6fc13ae1b9400054e,1622333983,1623629983
622f88c6fc13ae1b94000552,622f88c6fc13ae1b94000551,1643481893,1643568293
622f88c6fc13ae1b94000555,622f88c6fc13ae1b94000554,1636811700,1638453300
622f88c6fc13ae1b94000558,622f88c6fc13ae1b94000557,1638206783,1640798783
622f88c6fc13ae1b9400055b,622f88c6fc13ae1b9400055a,1631546151,1633446951
622f88c6fc13ae1b9400055e,622f88c6fc13ae1b9400055d,1618667008,1619271808
622f88c6fc13ae1b94000561,622f88c6fc13ae1b94000560,1618248578,1619285378
622f88c6fc13ae1b94000564,622f88c6fc13ae1b94000563,1623316883,1623576083
622f88c6fc13ae1b94000567,622f88c6fc13ae1b94000566,1622730482,1625149682
622f88c6fc13ae1b9400056a,622f88c6fc13ae1b94000569,1627955315,1630201715
622f88c6fc13ae1b9400056d,622f88c6fc13ae1b9400056c,1627843062,1628361462
622f88c6fc13ae1b94000570,622f88c6fc13ae1b9400056f,1630760654,1632834254
622f88c6fc13ae1b94000573,622f88c6fc13ae1b94000572,1630573641,1631092041
622f88c6fc13ae1b94000576,622f88c6fc13ae1b94000575,1616500410,1617537210
622f88c6fc13ae1b94000579,622f88c6fc13ae1b94000578,1634419647,1635456447
622f88c6fc13ae1b9400057c,622f88c6fc13ae1b9400057b,1642204143,1644450543
622f88c6fc13ae1b9400057f,622f88c6fc13ae1b9400057e,1620589106,1622489906
622f88c6fc13ae1b94000582,622f88c6fc13ae1b94000581,1637624194,1639870594
622f88c6fc13ae1b94000585,622f88c6fc13ae1b94000584,1636518733,1636777933
622f88c6fc13ae1b94000588,622f88c6fc13ae1b94000587,1616465044,1617588244
622f88c6fc13ae1b9400058b,622f88c6fc13ae1b9400058a,1616494188,1616926188
622f88c6fc13ae1b9400058e,622f88c6fc13ae1b9400058d,1643258502,1644036102
622f88c6fc13ae1b94000591,622f88c6fc13ae1b94000590,1646109747,1646714547
622f88c6fc13ae1b94000594,622f88c6fc13ae1b94000593,1643139300,1643571300
622f88c6fc13ae1b94000597,622f88c6fc13ae1b94000596,1631326750,1633400350
622f88c6fc13ae1b9400059a,622f88c6fc13ae1b94000599,1615916396,1618162796
622f88c6fc13ae1b9400059d,622f88c6fc13ae1b9400059c,1624803988,1625927188
622f88c6fc13ae1b940005a0,622f88c6fc13ae1b9400059f,1637167369,1637858569
622f88c6fc13ae1b940005a3,622f88c6fc13ae1b940005a2,1643440966,1643700166
622f88c6fc13ae1b940005a6,622f88c6fc13ae1b940005a5,1645701117,1647688317
622f88c6fc13ae1b940005a9,622f88c6fc13ae1b940005a8,1636220227,1638466627
622f88c6fc13ae1b940005ac,622f88c6fc13ae1b940005ab,1639540299,1641959499
622f88c6fc13ae1b940005af,622f88c6fc13ae1b940005ae,1644814164,1646282964
622f88c6fc13ae1b940005b2,622f88c6fc13ae1b940005b1,1628826168,1629258168
622f88c6fc13ae1b940005b5,622f88c6fc13ae1b940005b4,1634193202,1634970802
622f88c6fc13ae1b940005b8,622f88c6fc13ae1b940005b7,1644245056,1644331456
622f88c6fc13ae1b940005bb,622f88c6fc13ae1b940005ba,1638086572,1638518572
622f88c6fc13ae1b940005be,622f88c6fc13ae1b940005bd,1635180738,1635958338
622f88c6fc13ae1b940005c1,622f88c6fc13ae1b940005c0,1631752117,1632875317
622f88c6fc13ae1b940005c4,622f88c6fc13ae1b940005c3,1623143991,1623662391
622f88c6fc13ae1b940005c7,622f88c6fc13ae1b940005c6,1618452476,1620094076
622f88c6fc13ae1b940005ca,622f88c6fc13ae1b940005c9,1630990869,1633064469
622f88c6fc13ae1b940005cd,622f88c6fc13ae1b940005cc,1631340810,1631600010
622f88c6fc13ae1b940005d0,622f88c6fc13ae1b940005cf,1621583023,1622533423
622f88c6fc13ae1b940005d3,622f88c6fc13ae1b940005d2,1619940758,1620199958
622f88c6fc13ae1b940005d6,622f88c6fc13ae1b940005d5,1637841013,1640087413
622f88c6fc13ae1b940005d9,622f88c6fc13ae1b940005d8,1616315439,1617006639
622f88c6fc13ae1b940005dc,622f88c6fc13ae1b940005db,1625190869,1627782869
622f88c6fc13ae1b940005df,622f88c6fc13ae1b940005de,1632853242,1633112442
622f88c6fc13ae1b940005e2,622f88c6fc13ae1b940005e1,1629914252,1632160652
622f88c6fc13ae1b940005e5,622f88c6fc13ae1b940005e4,1621587791,1624179791
622f88c6fc13ae1b940005e8,622f88c6fc13ae1b940005e7,1625743545,1626693945
622f88c6fc13ae1b940005eb,622f88c6fc13ae1b940005ea,1617245086,1617504286
622f88c6fc13ae1b940005ee,622f88c6fc13ae1b940005ed,1641617575,1643777575
622f88c6fc13ae1b940005f1,622f88c6fc13ae1b940005f0,1616015727,1618089327
622f88c6fc13ae1b940005f4,622f88c6fc13ae1b940005f3,1645190037,1647090837
622f88c6fc13ae1b940005f7,622f88c6fc13ae1b940005f6,1620513342,1622154942
622f88c6fc13ae1b940005fa,622f88c6fc13ae1b940005f9,1630436425,1630868425
622f88c6fc13ae1b940005fd,622f88c6fc13ae1b940005fc,1620098650,1621394650
622f88c6fc13ae1b94000600,622f88c6fc13ae1b940005ff,1641878873,1642224473
622f88c6fc13ae1b94000603,622f88c6fc13ae1b94000602,1639267648,1640822848
622f88c6fc13ae1b94000606,622f88c6fc13ae1b94000605,1635463579,1637364379
622f88c6fc13ae1b94000609,622f88c6fc13ae1b94000608,1631801063,1632060263
622f88c6fc13ae1b9400060c,622f88c6fc13ae1b9400060b,1639443617,1640912417
622f88c6fc13ae1b9400060f,622f88c6fc13ae1b9400060e,1628208298,1628381098
622f88c6fc13ae1b94000612,622f88c6fc13ae1b94000611,1643786725,1644823525
622f88c6fc13ae1b94000615,622f88c6fc13ae1b94000614,1628990540,1630804940
622f88c6fc13ae1b94000618,622f88c6fc13ae1b94000617,1645442468,1645701668
622f88c6fc13ae1b9400061b,622f88c6fc13ae1b9400061a,1633767257,1634544857
622f88c6fc13ae1b9400061e,622f88c6fc13ae1b9400061d,1633139896,1634522296
622f88c6fc13ae1b94000621,622f88c6fc13ae1b94000620,1618169477,1618428677
622f88c6fc13ae1b94000624,622f88c6fc13ae1b94000623,1617465147,1617551547
622f88c6fc13ae1b94000627,622f88c6fc13ae1b94000626,1625618240,1627519040
622f88c6fc13ae1b9400062a,622f88c6fc13ae1b94000629,1626354992,1626700592
622f88c6fc13ae1b9400062d,622f88c6fc13ae1b9400062c,1622960931,1625034531
622f88c6fc13ae1b94000630,622f88c6fc13ae1b9400062f,1619274503,1621261703
622f88c6fc13ae1b94000633,622f88c6fc13ae1b94000632,1617940196,1618804196
622f88c6fc13ae1b94000636,622f88c6fc13ae1b94000635,1634766812,1635026012
622f88c6fc13ae1b94000639,622f88c6fc13ae1b94000638,1640490334,1642909534
622f88c6fc13ae1b9400063c,622f88c6fc13ae1b9400063b,1637075901,1639149501
622f88c6fc13ae1b9400063f,622f88c6fc13ae1b9400063e,1625505349,1626023749
622f88c6fc13ae1b94000642,622f88c6fc13ae1b94000641,1617875866,1618394266
622f88c6fc13ae1b94000645,622f88c6fc13ae1b94000644,1616276847,1618350447
622f88c6fc13ae1b94000648,622f88c6fc13ae1b94000647,1631893682,1633276082
622f88c6fc13ae1b9400064b,622f88c6fc13ae1b9400064a,1617355546,1619256346
622f88c6fc13ae1b9400064e,622f88c6fc13ae1b9400064d,1626751541,1628652341
622f88c6fc13ae1b94000651,622f88c6fc13ae1b94000650,1628441484,1629046284
622f88c6fc13ae1b94000654,622f88c6fc13ae1b94000653,1620604920,1622851320
622f88c6fc13ae1b94000657,622f88c6fc13ae1b94000656,1638410204,1639792604
622f88c6fc13ae1b9400065a,622f88c6fc13ae1b94000659,1622256917,1622343317
622f88c6fc13ae1b9400065d,622f88c6fc13ae1b9400065c,1645370904,1645975704
622f88c6fc13ae1b94000660,622f88c6fc13ae1b9400065f,1636317016,1637008216
622f88c6fc13ae1b94000663,622f88c6fc13ae1b94000662,1619964620,1621692620
622f88c6fc13ae1b94000666,622f88c6fc13ae1b94000665,1624566562,1626035362
622f88c6fc13ae1b94000669,622f88c6fc13ae1b94000668,1624543372,1624716172
622f88c6fc13ae1b9400066c,622f88c6fc13ae1b9400066b,1624210245,1624296645
622f88c6fc13ae1b9400066f,622f88c6fc13ae1b9400066e,1624798457,1626267257
622f88c6fc13ae1b94000672,622f88c6fc13ae1b94000671,1629680027,1631321627
622f88c6fc13ae1b94000675,622f88c6fc13ae1b94000674,1638505892,1638765092
622f88c6fc13ae1b94000678,622f88c6fc13ae1b94000677,1631488911,1632439311
622f88c6fc13ae1b9400067b,622f88c6fc13ae1b9400067a,1636259747,1636518947
622f88c6fc13ae1b9400067e,622f88c6fc13ae1b9400067d,1617188301,1618138701
622f88c6fc13ae1b94000681,622f88c6fc13ae1b94000680,1643207958,1645022358
622f88c6fc13ae1b94000684,622f88c6fc13ae1b94000683,1627351995,1628215995
622f88c6fc13ae1b94000687,622f88c6fc13ae1b94000686,1640445210,1641482010
622f88c6fc13ae1b9400068a,622f88c6fc13ae1b94000689,1625955262,1627424062
622f88c6fc13ae1b9400068d,622f88c6fc13ae1b9400068c,1642568877,1644815277
622f88c6fc13ae1b94000690,622f88c6fc13ae1b9400068f,1625522111,1626472511
622f88c6fc13ae1b94000693,622f88c6fc13ae1b94000692,1631347375,1633248175
622f88c6fc13ae1b94000696,622f88c6fc13ae1b94000695,1643008307,1645081907
622f88c6fc13ae1b94000699,622f88c6fc13ae1b94000698,1630358537,1632777737
622f88c6fc13ae1b9400069c,622f88c6fc13ae1b9400069b,1618596646,1619287846
622f88c6fc13ae1b9400069f,622f88c6fc13ae1b9400069e,1623107227,1623712027
622f88c6fc13ae1b940006a2,622f88c6fc13ae1b940006a1,1642993631,1645326431
622f88c6fc13ae1b940006a5,622f88c6fc13ae1b940006a4,1628038601,1630544201
622f88c6fc13ae1b940006a8,622f88c6fc13ae1b940006a7,1624538826,1624970826
622f88c6fc13ae1b940006ab,622f88c6fc13ae1b940006aa,1626258322,1626776722
622f88c6fc13ae1b940006ae,622f88c6fc13ae1b940006ad,1647099249,1647963249
622f88c6fc13ae1b940006b1,622f88c6fc13ae1b940006b0,1638558008,1640458808
622f88c6fc13ae1b940006b4,622f88c6fc13ae1b940006b3,1629969373,1630574173
622f88c6fc13ae1b940006b7,622f88c6fc13ae1b940006b6,1629917601,1630522401
622f88c6fc13ae1b940006ba,622f88c6fc13ae1b940006b9,1621391524,1623378724
622f88c6fc13ae1b940006bd,622f88c6fc13ae1b940006bc,1625887741,1628393341
622f88c6fc13ae1b940006c0,622f88c6fc13ae1b940006bf,1636608246,1638681846
622f88c6fc13ae1b940006c3,622f88c6fc13ae1b940006c2,1637949794,1639591394
622f88c6fc13ae1b940006c6,622f88c6fc13ae1b940006c5,1640110442,1641838442
622f88c6fc13ae1b940006c9,622f88c6fc13ae1b940006c8,1640911540,1641516340
622f88c6fc13ae1b940006cc,622f88c6fc13ae1b940006cb,1621939081,1622025481
622f88c6fc13ae1b940006cf,622f88c6fc13ae1b940006ce,1628074365,1628592765
622f88c6fc13ae1b940006d2,622f88c6fc13ae1b940006d1,1629599161,1632104761
622f88c6fc13ae1b940006d5,622f88c6fc13ae1b940006d4,1646513081,1648500281
622f88c6fc13ae1b940006d8,622f88c6fc13ae1b940006d7,1635024556,1635197356
622f88c6fc13ae1b940006db,622f88c6fc13ae1b940006da,1644224872,1646471272
622f88c6fc13ae1b940006de,622f88c6fc13ae1b940006dd,1636651115,1637687915
622f88c6fc13ae1b940006e1,622f88c6fc13ae1b940006e0,1629278752,1629537952
622f88c6fc13ae1b940006e4,622f88c6fc13ae1b940006e3,1618988700,1620284700
622f88c6fc13ae1b940006e7,622f88c6fc13ae1b940006e6,1623836517,1624873317
622f88c6fc13ae1b940006ea,622f88c6fc13ae1b940006e9,1625304131,1627464131
622f88c6fc13ae1b940006ed,622f88c6fc13ae1b940006ec,1631128959,1633116159
622f88c6fc13ae1b940006f0,622f88c6fc13ae1b940006ef,1641210040,1641987640
622f88c6fc13ae1b940006f3,622f88c6fc13ae1b940006f2,1635794565,1638040965
622f88c6fc13ae1b940006f6,622f88c6fc13ae1b940006f5,1625622118,1626658918
622f88c6fc13ae1b940006f9,622f88c6fc13ae1b940006f8,1637907629,1638685229
622f88c6fc13ae1b940006fc,622f88c6fc13ae1b940006fb,1615850083,1618096483
622f88c6fc13ae1b940006ff,622f88c6fc13ae1b940006fe,1618016011,1619398411
622f88c6fc13ae1b94000702,622f88c6fc13ae1b94000701,1625613961,1628205961
622f88c6fc13ae1b94000705,622f88c6fc13ae1b94000704,1641139159,1643299159
622f88c6fc13ae1b94000708,622f88c6fc13ae1b94000707,1635169240,1637761240
622f88c6fc13ae1b9400070b,622f88c6fc13ae1b9400070a,1644670422,1644756822
622f88c6fc13ae1b9400070e,622f88c6fc13ae1b9400070d,1619798469,1621440069
622f88c6fc13ae1b94000711,622f88c6fc13ae1b94000710,1619806026,1620238026
622f88c6fc13ae1b94000714,622f88c6fc13ae1b94000713,1627688232,1629848232
622f88c6fc13ae1b94000717,622f88c6fc13ae1b94000716,1627869404,1630202204
622f88c6fc13ae1b9400071a,622f88c6fc13ae1b94000719,1618272862,1620000862
622f88c6fc13ae1b9400071d,622f88c6fc13ae1b9400071c,1646497174,1647620374
622f88c6fc13ae1b94000720,622f88c6fc13ae1b9400071f,1626554609,1626641009
622f88c6fc13ae1b94000723,622f88c6fc13ae1b94000722,1639884102,1641525702
622f88c6fc13ae1b94000726,622f88c6fc13ae1b94000725,1623190918,1624227718
622f88c6fc13ae1b94000729,622f88c6fc13ae1b94000728,1625423209,1627583209
622f88c6fc13ae1b9400072c,622f88c6fc13ae1b9400072b,1623463750,1623809350
622f88c6fc13ae1b9400072f,622f88c6fc13ae1b9400072e,1618860689,1621279889
622f88c6fc13ae1b94000732,622f88c6fc13ae1b94000731,1635294380,1637799980
622f88c6fc13ae1b94000735,622f88c6fc13ae1b94000734,1622494791,1623272391
622f88c6fc13ae1b94000738,622f88c6fc13ae1b94000737,1619815605,1620420405
622f88c6fc13ae1b9400073b,622f88c6fc13ae1b9400073a,1645469416,1648061416
622f88c6fc13ae1b9400073e,622f88c6fc13ae1b9400073d,1619205986,1619292386
622f88c6fc13ae1b94000741,622f88c6fc13ae1b94000740,1626721936,1628968336
622f88c6fc13ae1b94000744,622f88c6fc13ae1b94000743,1639880178,1641521778
622f88c6fc13ae1b94000747,622f88c6fc13ae1b94000746,1625934758,1626539558
622f88c6fc13ae1b9400074a,622f88c6fc13ae1b94000749,1640940038,1641804038
622f88c6fc13ae1b9400074d,622f88c6fc13ae1b9400074c,1617236627,1617927827
622f88c6fc13ae1b94000750,622f88c6fc13ae1b9400074f,1638424112,1640065712
622f88c6fc13ae1b94000753,622f88c6fc13ae1b94000752,1623801283,1625183683
622f88c6fc13ae1b94000756,622f88c6fc13ae1b94000755,1640811322,1641156922
622f88c6fc13ae1b94000759,622f88c6fc13ae1b94000758,1634111278,1636357678
622f88c6fc13ae1b9400075c,622f88c6fc13ae1b9400075b,1616165665,1617634465
622f88c6fc13ae1b9400075f,622f88c6fc13ae1b9400075e,1625935744,1626454144
622f88c6fc13ae1b94000762,622f88c6fc13ae1b94000761,1639806580,1642052980
622f88c6fc13ae1b94000765,622f88c6fc13ae1b94000764,1624343483,1624516283
622f88c6fc13ae1b94000768,622f88c6fc13ae1b94000767,1623639825,1623899025
622f88c6fc13ae1b9400076b,622f88c6fc13ae1b9400076a,1646288200,1646806600
622f88c6fc13ae1b9400076e,622f88c6fc13ae1b9400076d,1626598425,1628326425
622f88c6fc13ae1b94000771,622f88c6fc13ae1b94000770,1631425915,1632289915
622f88c6fc13ae1b94000774,622f88c6fc13ae1b94000773,1631169558,1632638358
622f88c6fc13ae1b94000777,622f88c6fc13ae1b94000776,1646152322,1647102722
622f88c6fc13ae1b9400077a,622f88c6fc13ae1b94000779,1643436349,1644300349
622f88c6fc13ae1b9400077d,622f88c6fc13ae1b9400077c,1638104007,1640696007
622f88c6fc13ae1b94000780,622f88c6fc13ae1b9400077f,1645661010,1646352210
622f88c6fc13ae1b94000783,622f88c6fc13ae1b94000782,1644533289,1645051689
622f88c6fc13ae1b94000786,622f88c6fc13ae1b94000785,1635576252,1635662652
622f88c6fc13ae1b94000789,622f88c6fc13ae1b94000788,1634406815,1634925215
622f88c6fc13ae1b9400078c,622f88c6fc13ae1b9400078b,1617035472,1617899472
622f88c6fc13ae1b9400078f,622f88c6fc13ae1b9400078e,1617285872,1617458672
622f88c6fc13ae1b94000792,622f88c6fc13ae1b94000791,1644004247,1645732247
622f88c6fc13ae1b94000795,622f88c6fc13ae1b94000794,1621395341,1623209741
622f88c6fc13ae1b94000798,622f88c6fc13ae1b94000797,1646867533,1648854733
622f88c6fc13ae1b9400079b,622f88c6fc13ae1b9400079a,1621411329,1623744129
622f88c6fc13ae1b9400079e,622f88c6fc13ae1b9400079d,1626274814,1628002814
622f88c6fc13ae1b940007a1,622f88c6fc13ae1b940007a0,1619223221,1620519221
622f88c6fc13ae1b940007a4,622f88c6fc13ae1b940007a3,1633582212,1635915012
622f88c6fc13ae1b940007a7,622f88c6fc13ae1b940007a6,1623348328,1624730728
622f88c6fc13ae1b940007aa,622f88c6fc13ae1b940007a9,1638005007,1639041807
622f88c6fc13ae1b940007ad,622f88c6fc13ae1b940007ac,1631673989,1633315589
622f88c6fc13ae1b940007b0,622f88c6fc13ae1b940007af,1630913851,1632814651
622f88c6fc13ae1b940007b3,622f88c6fc13ae1b940007b2,1640874734,1643121134
622f88c6fc13ae1b940007b6,622f88c6fc13ae1b940007b5,1634877101,1637469101
622f88c6fc13ae1b940007b9,622f88c6fc13ae1b940007b8,1634899913,1637405513
622f88c6fc13ae1b940007bc,622f88c6fc13ae1b940007bb,1622544979,1623408979
622f88c6fc13ae1b940007bf,622f88c6fc13ae1b940007be,1638131139,1639167939
622f88c6fc13ae1b940007c2,622f88c6fc13ae1b940007c1,1646358970,1647741370
622f88c6fc13ae1b940007c5,622f88c6fc13ae1b940007c4,1642556349,1643506749
622f88c6fc13ae1b940007c8,622f88c6fc13ae1b940007c7,1619537128,1622042728
622f88c6fc13ae1b940007cb,622f88c6fc13ae1b940007ca,1630553937,1631072337
622f88c6fc13ae1b940007ce,622f88c6fc13ae1b940007cd,1622779847,1624075847
622f88c6fc13ae1b940007d1,622f88c6fc13ae1b940007d0,1631850321,1633146321
622f88c6fc13ae1b940007d4,622f88c6fc13ae1b940007d3,1621940007,1622199207
622f88c6fc13ae1b940007d7,622f88c6fc13ae1b940007d6,1619638154,1620329354
622f88c6fc13ae1b940007da,622f88c6fc13ae1b940007d9,1634367031,1635403831
622f88c6fc13ae1b940007dd,622f88c6fc13ae1b940007dc,1627740544,1630332544
622f88c6fc13ae1b940007e0,622f88c6fc13ae1b940007df,1621737599,1623465599
622f88c6fc13ae1b940007e3,622f88c6fc13ae1b940007e2,1623561609,1625635209
622f88c6fc13ae1b940007e6,622f88c6fc13ae1b940007e5,1624863182,1626504782
622f88c6fc13ae1b940007e9,622f88c6fc13ae1b940007e8,1630031640,1630463640
622f88c6fc13ae1b940007ec,622f88c6fc13ae1b940007eb,1620508887,1623014487
622f88c6fc13ae1b940007ef,622f88c6fc13ae1b940007ee,1621146145,1621664545
622f88c6fc13ae1b940007f2,622f88c6fc13ae1b940007f1,1626385032,1627162632
622f88c6fc13ae1b940007f5,622f88c6fc13ae1b940007f4,1617499488,1618449888
622f88c6fc13ae1b940007f8,622f88c6fc13ae1b940007f7,1641543706,1643444506
622f88c6fc13ae1b940007fb,622f88c6fc13ae1b940007fa,1627477119,1629032319
622f88c6fc13ae1b940007fe,622f88c6fc13ae1b940007fd,1628903784,1629854184
622f88c6fc13ae1b94000801,622f88c6fc13ae1b94000800,1632695321,1635114521
622f88c6fc13ae1b94000804,622f88c6fc13ae1b94000803,1627243145,1628366345
622f88c6fc13ae1b94000807,622f88c6fc13ae1b94000806,1640825849,1642121849
622f88c6fc13ae1b9400080a,622f88c6fc13ae1b94000809,1635449922,1637782722
622f88c6fc13ae1b9400080d,622f88c6fc13ae1b9400080c,1631568320,1632000320
622f88c6fc13ae1b94000810,622f88c6fc13ae1b9400080f,1647054819,1648437219
622f88c6fc13ae1b94000813,622f88c6fc13ae1b94000812,1624261861,1625125861
622f88c6fc13ae1b94000816,622f88c6fc13ae1b94000815,1635665185,1636615585
622f88c6fc13ae1b94000819,622f88c6fc13ae1b94000818,1628807816,1629239816
622f88c6fc13ae1b9400081c,622f88c6fc13ae1b9400081b,1640247385,1642148185
622f88c6fc13ae1b9400081f,622f88c6fc13ae1b9400081e,1627189105,1629003505
622f88c6fc13ae1b94000822,622f88c6fc13ae1b94000821,1639041333,1641546933
622f88c6fc13ae1b94000825,622f88c6fc13ae1b94000824,1646548062,1648621662
622f88c6fc13ae1b94000828,622f88c6fc13ae1b94000827,1624995344,1626464144
622f88c6fc13ae1b9400082b,622f88c6fc13ae1b9400082a,1646367730,1646454130
622f88c6fc13ae1b9400082e,622f88c6fc13ae1b9400082d,1619337024,1621065024
622f88c6fc13ae1b94000831,622f88c6fc13ae1b94000830,1621338558,1621424958
622f88c6fc13ae1b94000834,622f88c6fc13ae1b94000833,1619644959,1621286559
622f88c6fc13ae1b94000837,622f88c6fc13ae1b94000836,1622114498,1623410498
622f88c6fc13ae1b9400083a,622f88c6fc13ae1b94000839,1625942690,1626115490
622f88c6fc13ae1b9400083d,622f88c6fc13ae1b9400083c,1643364445,1644055645
622f88c6fc13ae1b94000840,622f88c6fc13ae1b9400083f,1632082283,1633810283
622f88c6fc13ae1b94000843,622f88c6fc13ae1b94000842,1646806959,1647670959
622f88c6fc13ae1b94000846,622f88c6fc13ae1b94000845,1640620460,1642953260
622f88c6fc13ae1b94000849,622f88c6fc13ae1b94000848,1645144049,1645230449
622f88c6fc13ae1b9400084c,622f88c6fc13ae1b9400084b,1640582752,1641705952
622f88c6fc13ae1b9400084f,622f88c6fc13ae1b9400084e,1621982623,1622673823
622f88c6fc13ae1b94000852,622f88c6fc13ae1b94000851,1645205941,1647193141
622f88c6fc13ae1b94000855,622f88c6fc13ae1b94000854,1637439031,1638303031
622f88c6fc13ae1b94000858,622f88c6fc13ae1b94000857,1623279002,1625179802
622f88c6fc13ae1b9400085b,622f88c6fc13ae1b9400085a,1618169076,1618341876
622f88c6fc13ae1b9400085e,622f88c6fc13ae1b9400085d,1620476518,1621254118
622f88c6fc13ae1b94000861,622f88c6fc13ae1b94000860,1638102119,1639743719
622f88c6fc13ae1b94000864,622f88c6fc13ae1b94000863,1626106347,1627661547
622f88c6fc13ae1b94000867,622f88c6fc13ae1b94000866,1622919676,1623783676
622f88c6fc13ae1b9400086a,622f88c6fc13ae1b94000869,1618562788,1619685988
622f88c6fc13ae1b9400086d,622f88c6fc13ae1b9400086c,1641632868,1643015268
622f88c6fc13ae1b94000870,622f88c6fc13ae1b9400086f,1624448008,1625830408
622f88c6fc13ae1b94000873,622f88c6fc13ae1b94000872,1646534910,1648954110
622f88c6fc13ae1b94000876,622f88c6fc13ae1b94000875,1643660992,1645302592
622f88c6fc13ae1b94000879,622f88c6fc13ae1b94000878,1641087444,1643593044
622f88c6fc13ae1b9400087c,622f88c6fc13ae1b9400087b,1626993747,1628894547
622f88c6fc13ae1b9400087f,622f88c6fc13ae1b9400087e,1619327836,1621833436
622f88c6fc13ae1b94000882,622f88c6fc13ae1b94000881,1634766225,1634852625
622f88c6fc13ae1b94000885,622f88c6fc13ae1b94000884,1632497597,1633707197
622f88c6fc13ae1b94000888,622f88c6fc13ae1b94000887,1641914921,1642606121
622f88c6fc13ae1b9400088b,622f88c6fc13ae1b9400088a,1635431262,1636468062
622f88c6fc13ae1b9400088e,622f88c6fc13ae1b9400088d,1618021652,1619749652
622f88c6fc13ae1b94000891,622f88c6fc13ae1b94000890,1644680927,1646581727
622f88c6fc13ae1b94000894,622f88c6fc13ae1b94000893,1642889356,1645394956
622f88c6fc13ae1b94000897,622f88c6fc13ae1b94000896,1641457704,1642926504
622f88c6fc13ae1b9400089a,622f88c6fc13ae1b94000899,1630598897,1630944497
622f88c6fc13ae1b9400089d,622f88c6fc13ae1b9400089c,1618862991,1620677391
622f88c6fc13ae1b940008a0,622f88c6fc13ae1b9400089f,1634591978,1637097578
622f88c6fc13ae1b940008a3,622f88c6fc13ae1b940008a2,1639325296,1640016496
622f88c6fc13ae1b940008a6,622f88c6fc13ae1b940008a5,1620873277,1622255677
622f88c6fc13ae1b940008a9,622f88c6fc13ae1b940008a8,1633845215,1635227615
622f88c6fc13ae1b940008ac,622f88c6fc13ae1b940008ab,1635294910,1636763710
622f88c6fc13ae1b940008af,622f88c6fc13ae1b940008ae,1643339490,1644289890
622f88c6fc13ae1b940008b2,622f88c6fc13ae1b940008b1,1641044517,1642426917
622f88c6fc13ae1b940008b5,622f88c6fc13ae1b940008b4,1643054093,1644868493
622f88c6fc13ae1b940008b8,622f88c6fc13ae1b940008b7,1615964177,1617692177
622f88c6fc13ae1b940008bb,622f88c6fc13ae1b940008ba,1638367262,1640440862
622f88c6fc13ae1b940008be,622f88c6fc13ae1b940008bd,1621003196,1622212796
622f88c6fc13ae1b940008c1,622f88c6fc13ae1b940008c0,1622213488,1622904688
622f88c6fc13ae1b940008c4,622f88c6fc13ae1b940008c3,1640451188,1642351988
622f88c6fc13ae1b940008c7,622f88c6fc13ae1b940008c6,1638610038,1638869238
622f88c6fc13ae1b940008ca,622f88c6fc13ae1b940008c9,1635924195,1637392995
622f88c6fc13ae1b940008cd,622f88c6fc13ae1b940008cc,1638062751,1639531551
622f88c6fc13ae1b940008d0,622f88c6fc13ae1b940008cf,1632680465,1634235665
622f88c6fc13ae1b940008d3,622f88c6fc13ae1b940008d2,1617850348,1618023148
622f88c6fc13ae1b940008d6,622f88c6fc13ae1b940008d5,1626445702,1628519302
622f88c6fc13ae1b940008d9,622f88c6fc13ae1b940008d8,1638016702,1639139902
622f88c6fc13ae1b940008dc,622f88c6fc13ae1b940008db,1628079703,1630671703
622f88c6fc13ae1b940008df,622f88c6fc13ae1b940008de,1642400684,1643437484
622f88c6fc13ae1b940008e2,622f88c6fc13ae1b940008e1,1635509293,1635682093
622f88c6fc13ae1b940008e5,622f88c6fc13ae1b940008e4,1625455882,1626665482
622f88c6fc13ae1b940008e8,622f88c6fc13ae1b940008e7,1619401548,1620092748
622f88c6fc13ae1b940008eb,622f88c6fc13ae1b940008ea,1645407679,1647394879
622f88c6fc13ae1b940008ee,622f88c6fc13ae1b940008ed,1638276131,1640781731
622f88c6fc13ae1b940008f1,622f88c6fc13ae1b940008f0,1624258244,1626677444
622f88c6fc13ae1b940008f4,622f88c6fc13ae1b940008f3,1617796257,1618833057
622f88c6fc13ae1b940008f7,622f88c6fc13ae1b940008f6,1639252710,1641239910
622f88c6fc13ae1b940008fa,622f88c6fc13ae1b940008f9,1635020681,1635366281
622f88c6fc13ae1b940008fd,622f88c6fc13ae1b940008fc,1615858429,1616808829
622f88c6fc13ae1b94000900,622f88c6fc13ae1b940008ff,1624361222,1626262022
622f88c6fc13ae1b94000903,622f88c6fc13ae1b94000902,1640026436,1641408836
622f88c6fc13ae1b94000906,622f88c6fc13ae1b94000905,1629057220,1630353220
622f88c6fc13ae1b94000909,622f88c6fc13ae1b94000908,1632794608,1633140208
622f88c6fc13ae1b9400090c,622f88c6fc13ae1b9400090b,1633558160,1634422160
622f88c6fc13ae1b9400090f,622f88c6fc13ae1b9400090e,1617659381,1619387381
622f88c6fc13ae1b94000912,622f88c6fc13ae1b94000911,1631187604,1633606804
622f88c6fc13ae1b94000915,622f88c6fc13ae1b94000914,1637632356,1639705956
622f88c6fc13ae1b94000918,622f88c6fc13ae1b94000917,1617856844,1618461644
622f88c6fc13ae1b9400091b,622f88c6fc13ae1b9400091a,1617908661,1618859061
622f88c6fc13ae1b9400091e,622f88c6fc13ae1b9400091d,1617048687,1618776687
622f88c6fc13ae1b94000921,622f88c6fc13ae1b94000920,1635234404,1637740004
622f88c6fc13ae1b94000924,622f88c6fc13ae1b94000923,1628542969,1629579769
622f88c6fc13ae1b94000927,622f88c6fc13ae1b94000926,1618381079,1620022679
622f88c6fc13ae1b9400092a,622f88c6fc13ae1b94000929,1626432821,1628506421
622f88c6fc13ae1b9400092d,622f88c6fc13ae1b9400092c,1615969561,1617438361
622f88c6fc13ae1b94000930,622f88c6fc13ae1b9400092f,1639101923,1641089123
622f88c6fc13ae1b94000933,622f88c6fc13ae1b94000932,1621007163,1623512763
622f88c6fc13ae1b94000936,622f88c6fc13ae1b94000935,1629487778,1629660578
622f88c6fc13ae1b94000939,622f88c6fc13ae1b94000938,1620406616,1620752216
622f88c6fc13ae1b9400093c,622f88c6fc13ae1b9400093b,1647021146,1649353946
622f88c6fc13ae1b9400093f,622f88c6fc13ae1b9400093e,1624176035,1625299235
622f88c6fc13ae1b94000942,622f88c6fc13ae1b94000941,1630522682,1631645882
622f88c6fc13ae1b94000945,622f88c6fc13ae1b94000944,1638223738,1640038138
622f88c6fc13ae1b94000948,622f88c6fc13ae1b94000947,1643810613,1645797813
622f88c6fc13ae1b9400094b,622f88c6fc13ae1b9400094a,1646407245,1646752845
622f88c6fc13ae1b9400094e,622f88c6fc13ae1b9400094d,1646645020,1648977820
622f88c6fc13ae1b94000951,622f88c6fc13ae1b94000950,1625472369,1626163569
622f88c6fc13ae1b94000954,622f88c6fc13ae1b94000953,1619110802,1620925202
622f88c6fc13ae1b94000957,622f88c6fc13ae1b94000956,1630192810,1631920810
622f88c6fc13ae1b9400095a,622f88c6fc13ae1b94000959,1631828322,1634333922
622f88c6fc13ae1b9400095d,622f88c6fc13ae1b9400095c,1640214439,1640387239
622f88c6fc13ae1b94000960,622f88c6fc13ae1b9400095f,1643329012,1645575412
622f88c6fc13ae1b94000963,622f88c6fc13ae1b94000962,1624302800,1624994000
622f88c6fc13ae1b94000966,622f88c6fc13ae1b94000965,1634111977,1635407977
622f88c6fc13ae1b94000969,622f88c6fc13ae1b94000968,1621088048,1621174448
622f88c6fc13ae1b9400096c,622f88c6fc13ae1b9400096b,1618421934,1620927534
622f88c6fc13ae1b9400096f,622f88c6fc13ae1b9400096e,1641473634,1642510434
622f88c6fc13ae1b94000972,622f88c6fc13ae1b94000971,1634358921,1636346121
622f88c6fc13ae1b94000975,622f88c6fc13ae1b94000974,1642478661,1644379461
622f88c6fc13ae1b94000978,622f88c6fc13ae1b94000977,1629899266,1631368066
622f88c6fc13ae1b9400097b,622f88c6fc13ae1b9400097a,1620922301,1623082301
622f88c6fc13ae1b9400097e,622f88c6fc13ae1b9400097d,1642369808,1643320208
622f88c6fc13ae1b94000981,622f88c6fc13ae1b94000980,1627362022,1628658022
622f88c6fc13ae1b94000984,622f88c6fc13ae1b94000983,1634530687,1634789887
622f88c6fc13ae1b94000987,622f88c6fc13ae1b94000986,1622309051,1623432251
622f88c6fc13ae1b9400098a,622f88c6fc13ae1b94000989,1635818926,1638238126
622f88c6fc13ae1b9400098d,622f88c6fc13ae1b9400098c,1635226242,1635917442
622f88c6fc13ae1b94000990,622f88c6fc13ae1b9400098f,1620923401,1623169801
622f88c6fc13ae1b94000993,622f88c6fc13ae1b94000992,1621109715,1622319315
622f88c6fc13ae1b94000996,622f88c6fc13ae1b94000995,1627402484,1627920884
622f88c6fc13ae1b94000999,622f88c6fc13ae1b94000998,1645878827,1648038827
622f88c6fc13ae1b9400099c,622f88c6fc13ae1b9400099b,1619108011,1620144811
622f88c6fc13ae1b9400099f,622f88c6fc13ae1b9400099e,1631733588,1632856788
622f88c6fc13ae1b940009a2,622f88c6fc13ae1b940009a1,1640289429,1641758229
622f88c6fc13ae1b940009a5,622f88c6fc13ae1b940009a4,1629280605,1630144605
622f88c6fc13ae1b940009a8,622f88c6fc13ae1b940009a7,1620403595,1622822795
622f88c6fc13ae1b940009ab,622f88c6fc13ae1b940009aa,1628342228,1630761428
622f88c6fc13ae1b940009ae,622f88c6fc13ae1b940009ad,1633985901,1635973101
622f88c6fc13ae1b940009b1,622f88c6fc13ae1b940009b0,1629114701,1630151501
622f88c6fc13ae1b940009b4,622f88c6fc13ae1b940009b3,1615781020,1618113820
622f88c6fc13ae1b940009b7,622f88c6fc13ae1b940009b6,1640309830,1642729030
622f88c6fc13ae1b940009ba,622f88c6fc13ae1b940009b9,1617656385,1619297985
622f88c6fc13ae1b940009bd,622f88c6fc13ae1b940009bc,1643766690,1645062690
622f88c6fc13ae1b940009c0,622f88c6fc13ae1b940009bf,1641032406,1642501206
622f88c6fc13ae1b940009c3,622f88c6fc13ae1b940009c2,1624780209,1627285809
622f88c6fc13ae1b940009c6,622f88c6fc13ae1b940009c5,1622894613,1624622613
622f88c6fc13ae1b940009c9,622f88c6fc13ae1b940009c8,1638361100,1639225100
622f88c6fc13ae1b940009cc,622f88c6fc13ae1b940009cb,1644295776,1645073376
622f88c6fc13ae1b940009cf,622f88c6fc13ae1b940009ce,1623741665,1625296865
622f88c6fc13ae1b940009d2,622f88c6fc13ae1b940009d1,1622352577,1624512577
622f88c6fc13ae1b940009d5,622f88c6fc13ae1b940009d4,1618621811,1619053811
622f88c6fc13ae1b940009d8,622f88c6fc13ae1b940009d7,1633256673,1635503073
622f88c6fc13ae1b940009db,622f88c6fc13ae1b940009da,1620220814,1622208014
622f88c6fc13ae1b940009de,622f88c6fc13ae1b940009dd,1618816152,1620976152
622f88c6fc13ae1b940009e1,622f88c6fc13ae1b940009e0,1625027575,1626841975
622f88c6fc13ae1b940009e4,622f88c6fc13ae1b940009e3,1625884761,1626575961
622f88c6fc13ae1b940009e7,622f88c6fc13ae1b940009e6,1622890265,1623408665
622f88c6fc13ae1b940009ea,622f88c6fc13ae1b940009e9,1616243726,1618144526
622f88c6fc13ae1b940009ed,622f88c6fc13ae1b940009ec,1617314355,1618610355
622f88c6fc13ae1b940009f0,622f88c6fc13ae1b940009ef,1619920920,1620093720
622f88c6fc13ae1b940009f3,622f88c6fc13ae1b940009f2,1628842447,1631434447
622f88c6fc13ae1b940009f6,622f88c6fc13ae1b940009f5,1619185236,1619444436
622f88c6fc13ae1b940009f9,622f88c6fc13ae1b940009f8,1623625945,1626045145
622f88c6fc13ae1b940009fc,622f88c6fc13ae1b940009fb,1632556229,1634370629
622f88c6fc13ae1b940009ff,622f88c6fc13ae1b940009fe,1630988425,1632802825
622f88c6fc13ae1b94000a02,622f88c6fc13ae1b94000a01,1630792476,1632606876
622f88c6fc13ae1b94000a05,622f88c6fc13ae1b94000a04,1641479748,1644071748
622f88c6fc13ae1b94000a08,622f88c6fc13ae1b94000a07,1633515625,1634725225
622f88c6fc13ae1b94000a0b,622f88c6fc13ae1b94000a0a,1631957152,1634289952
622f88c6fc13ae1b94000a0e,622f88c6fc13ae1b94000a0d,1638113323,1639150123
622f88c6fc13ae1b94000a11,622f88c6fc13ae1b94000a10,1623989515,1626149515
622f88c6fc13ae1b94000a14,622f88c6fc13ae1b94000a13,1640558362,1642113562
622f88c6fc13ae1b94000a17,622f88c6fc13ae1b94000a16,1635139553,1637645153
622f88c6fc13ae1b94000a1a,622f88c6fc13ae1b94000a19,1628392964,1629170564
622f88c6fc13ae1b94000a1d,622f88c6fc13ae1b94000a1c,1627284614,1629271814
622f88c6fc13ae1b94000a20,622f88c6fc13ae1b94000a1f,1622875713,1624344513
622f88c6fc13ae1b94000a23,622f88c6fc13ae1b94000a22,1619159450,1619505050
622f88c6fc13ae1b94000a26,622f88c6fc13ae1b94000a25,1622017401,1623227001
622f88c6fc13ae1b94000a29,622f88c6fc13ae1b94000a28,1623727283,1626060083
622f88c6fc13ae1b94000a2c,622f88c6fc13ae1b94000a2b,1642885068,1645045068
622f88c6fc13ae1b94000a2f,622f88c6fc13ae1b94000a2e,1638124653,1638211053
622f88c6fc13ae1b94000a32,622f88c6fc13ae1b94000a31,1631089873,1631608273
622f88c6fc13ae1b94000a35,622f88c6fc13ae1b94000a34,1644110281,1645492681
622f88c6fc13ae1b94000a38,622f88c6fc13ae1b94000a37,1616808782,1617327182
622f88c6fc13ae1b94000a3b,622f88c6fc13ae1b94000a3a,1642091313,1643732913
622f88c6fc13ae1b94000a3e,622f88c6fc13ae1b94000a3d,1615806118,1617966118
622f88c6fc13ae1b94000a41,622f88c6fc13ae1b94000a40,1620859235,1622068835
622f88c6fc13ae1b94000a44,622f88c6fc13ae1b94000a43,1622230990,1623786190
622f88c6fc13ae1b94000a47,622f88c6fc13ae1b94000a46,1617783920,1618734320
622f88c6fc13ae1b94000a4a,622f88c6fc13ae1b94000a49,1638259270,1638518470
622f88c6fc13ae1b94000a4d,622f88c6fc13ae1b94000a4c,1620469280,1622542880
622f88c6fc13ae1b94000a50,622f88c6fc13ae1b94000a4f,1636468861,1638283261
622f88c6fc13ae1b94000a53,622f88c6fc13ae1b94000a52,1618590290,1621182290
622f88c6fc13ae1b94000a56,622f88c6fc13ae1b94000a55,1617334698,1617680298
622f88c6fc13ae1b94000a59,622f88c6fc13ae1b94000a58,1624304888,1624391288
622f88c6fc13ae1b94000a5c,622f88c6fc13ae1b94000a5b,1615890740,1616668340
622f88c6fc13ae1b94000a5f,622f88c6fc13ae1b94000a5e,1621016164,1623089764
622f88c6fc13ae1b94000a62,622f88c6fc13ae1b94000a61,1645294837,1645813237
622f88c6fc13ae1b94000a65,622f88c6fc13ae1b94000a64,1635979996,1637103196
622f88c6fc13ae1b94000a68,622f88c6fc13ae1b94000a67,1615937859,1617061059
622f88c6fc13ae1b94000a6b,622f88c6fc13ae1b94000a6a,1626580265,1628653865
622f88c6fc13ae1b94000a6e,622f88c6fc13ae1b94000a6d,1631447261,1632484061
622f88c6fc13ae1b94000a71,622f88c6fc13ae1b94000a70,1616762171,1618490171
622f88c6fc13ae1b94000a74,622f88c6fc13ae1b94000a73,1636111476,1637061876
622f88c6fc13ae1b94000a77,622f88c6fc13ae1b94000a76,1621301938,1621820338
622f88c6fc13ae1b94000a7a,622f88c6fc13ae1b94000a79,1617504753,1618973553
622f88c6fc13ae1b94000a7d,622f88c6fc13ae1b94000a7c,1638396424,1640038024
622f88c6fc13ae1b94000a80,622f88c6fc13ae1b94000a7f,1630529606,1632603206
622f88c6fc13ae1b94000a83,622f88c6fc13ae1b94000a82,1623307231,1623739231
622f88c6fc13ae1b94000a86,622f88c6fc13ae1b94000a85,1623559278,1624768878
622f88c6fc13ae1b94000a89,622f88c6fc13ae1b94000a88,1629135112,1629307912
622f88c6fc13ae1b94000a8c,622f88c6fc13ae1b94000a8b,1633307838,1633567038
622f88c6fc13ae1b94000a8f,622f88c6fc13ae1b94000a8e,1626553120,1628799520
622f88c6fc13ae1b94000a92,622f88c6fc13ae1b94000a91,1641359259,1643087259
622f88c6fc13ae1b94000a95,622f88c6fc13ae1b94000a94,1638590042,1639367642
622f88c6fc13ae1b94000a98,622f88c6fc13ae1b94000a97,1618384148,1618816148
622f88c6fc13ae1b94000a9b,622f88c6fc13ae1b94000a9a,1629369786,1630924986
622f88c6fc13ae1b94000a9e,622f88c6fc13ae1b94000a9d,1629002056,1629174856
622f88c6fc13ae1b94000aa1,622f88c6fc13ae1b94000aa0,1625362270,1627522270
622f88c6fc13ae1b94000aa4,622f88c6fc13ae1b94000aa3,1631638152,1632329352
622f88c6fc13ae1b94000aa7,622f88c6fc13ae1b94000aa6,1643627673,1645960473
622f88c6fc13ae1b94000aaa,622f88c6fc13ae1b94000aa9,1639469876,1640506676
622f88c6fc13ae1b94000aad,622f88c6fc13ae1b94000aac,1617972589,1619873389
622f88c6fc13ae1b94000ab0,622f88c6fc13ae1b94000aaf,1616630467,1618790467
622f88c6fc13ae1b94000ab3,622f88c6fc13ae1b94000ab2,1625041630,1626078430
622f88c6fc13ae1b94000ab6,622f88c6fc13ae1b94000ab5,1637875932,1638567132
622f88c6fc13ae1b94000ab9,622f88c6fc13ae1b94000ab8,1631762147,1632107747
622f88c6fc13ae1b94000abc,622f88c6fc13ae1b94000abb,1646030177,1647585377
622f88c6fc13ae1b94000abf,622f88c6fc13ae1b94000abe,1637828475,1638951675
622f88c6fc13ae1b94000ac2,622f88c6fc13ae1b94000ac1,1634328364,1634760364
622f88c6fc13ae1b94000ac5,622f88c6fc13ae1b94000ac4,1627506970,1627593370
622f88c6fc13ae1b94000ac8,622f88c6fc13ae1b94000ac7,1624461593,1624807193
622f88c6fc13ae1b94000acb,622f88c6fc13ae1b94000aca,1641475332,1641820932
622f88c6fc13ae1b94000ace,622f88c6fc13ae1b94000acd,1617989571,1618767171
622f88c6fc13ae1b94000ad1,622f88c6fc13ae1b94000ad0,1625746530,1627560930
622f88c6fc13ae1b94000ad4,622f88c6fc13ae1b94000ad3,1617990372,1618163172
622f88c6fc13ae1b94000ad7,622f88c6fc13ae1b94000ad6,1646440401,1646786001
622f88c6fc13ae1b94000ada,622f88c6fc13ae1b94000ad9,1636438896,1638166896
622f88c6fc13ae1b94000add,622f88c6fc13ae1b94000adc,1637375497,1638498697
622f88c6fc13ae1b94000ae0,622f88c6fc13ae1b94000adf,1631257045,1633676245
622f88c6fc13ae1b94000ae3,622f88c6fc13ae1b94000ae2,1634761438,1635625438
622f88c6fc13ae1b94000ae6,622f88c6fc13ae1b94000ae5,1632651736,1634725336
622f88c6fc13ae1b94000ae9,622f88c6fc13ae1b94000ae8,1633551911,1634502311
622f88c6fc13ae1b94000aec,622f88c6fc13ae1b94000aeb,1637460024,1638583224
622f88c6fc13ae1b94000aef,622f88c6fc13ae1b94000aee,1644879968,1645743968
622f88c6fc13ae1b94000af2,622f88c6fc13ae1b94000af1,1626706252,1627915852
622f88c6fc13ae1b94000af5,622f88c6fc13ae1b94000af4,1615868541,1618028541
622f88c6fc13ae1b94000af8,622f88c6fc13ae1b94000af7,1626956768,1627561568
622f88c6fc13ae1b94000afb,622f88c6fc13ae1b94000afa,1632896609,1635143009
622f88c6fc13ae1b94000afe,622f88c6fc13ae1b94000afd,1644156349,1645020349
622f88c6fc13ae1b94000b01,622f88c6fc13ae1b94000b00,1615819848,1616511048
622f88c6fc13ae1b94000b04,622f88c6fc13ae1b94000b03,1629016873,1631608873
622f88c6fc13ae1b94000b07,622f88c6fc13ae1b94000b06,1643434304,1644816704
622f88c6fc13ae1b94000b0a,622f88c6fc13ae1b94000b09,1624188106,1625138506
622f88c6fc13ae1b94000b0d,622f88c6fc13ae1b94000b0c,1641777239,1642122839
622f88c6fc13ae1b94000b10,622f88c6fc13ae1b94000b0f,1645574767,1647302767
622f88c6fc13ae1b94000b13,622f88c6fc13ae1b94000b12,1624120042,1626020842
622f88c6fc13ae1b94000b16,622f88c6fc13ae1b94000b15,1631990493,1632595293
622f88c6fc13ae1b94000b19,622f88c6fc13ae1b94000b18,1621856982,1622634582
622f88c6fc13ae1b94000b1c,622f88c6fc13ae1b94000b1b,1624268926,1624528126
622f88c6fc13ae1b94000b1f,622f88c6fc13ae1b94000b1e,1618199760,1618458960
622f88c6fc13ae1b94000b22,622f88c6fc13ae1b94000b21,1644551834,1647057434
622f88c6fc13ae1b94000b25,622f88c6fc13ae1b94000b24,1638289841,1640622641
622f88c6fc13ae1b94000b28,622f88c6fc13ae1b94000b27,1622784786,1623475986
622f88c6fc13ae1b94000b2b,622f88c6fc13ae1b94000b2a,1626412469,1627449269
622f88c6fc13ae1b94000b2e,622f88c6fc13ae1b94000b2d,1634935959,1636663959
622f88c6fc13ae1b94000b31,622f88c6fc13ae1b94000b30,1619284014,1620148014
622f88c6fc13ae1b94000b34,622f88c6fc13ae1b94000b33,1627794141,1630126941
622f88c6fc13ae1b94000b37,622f88c6fc13ae1b94000b36,1621460324,1621805924
622f88c6fc13ae1b94000b3a,622f88c6fc13ae1b94000b39,1630808491,1633227691
622f88c6fc13ae1b94000b3d,622f88c6fc13ae1b94000b3c,1622516189,1624503389
622f88c6fc13ae1b94000b40,622f88c6fc13ae1b94000b3f,1639176813,1641509613
622f88c6fc13ae1b94000b43,622f88c6fc13ae1b94000b42,1622917085,1624817885
622f88c6fc13ae1b94000b46,622f88c6fc13ae1b94000b45,1643978434,1644928834
622f88c6fc13ae1b94000b49,622f88c6fc13ae1b94000b48,1625269831,1627602631
622f88c6fc13ae1b94000b4c,622f88c6fc13ae1b94000b4b,1626228555,1627870155
622f88c6fc13ae1b94000b4f,622f88c6fc13ae1b94000b4e,1644726766,1647059566
622f88c6fc13ae1b94000b52,622f88c6fc13ae1b94000b51,1635434094,1637334894
622f88c6fc13ae1b94000b55,622f88c6fc13ae1b94000b54,1627985286,1629886086
622f88c6fc13ae1b94000b58,622f88c6fc13ae1b94000b57,1623593824,1624457824
622f88c6fc13ae1b94000b5b,622f88c6fc13ae1b94000b5a,1624493686,1626912886
622f88c6fc13ae1b94000b5e,622f88c6fc13ae1b94000b5d,1637024073,1637196873
622f88c6fc13ae1b94000b61,622f88c6fc13ae1b94000b60,1643896998,1645365798
622f88c6fc13ae1b94000b64,622f88c6fc13ae1b94000b63,1631755773,1632792573
622f88c6fc13ae1b94000b67,622f88c6fc13ae1b94000b66,1642371127,1643407927
622f88c6fc13ae1b94000b6a,622f88c6fc13ae1b94000b69,1629904249,1630509049
622f88c6fc13ae1b94000b6d,622f88c6fc13ae1b94000b6c,1627971701,1629872501
622f88c6fc13ae1b94000b70,622f88c6fc13ae1b94000b6f,1634192647,1635834247
622f88c6fc13ae1b94000b73,622f88c6fc13ae1b94000b72,1645732360,1646509960
622f88c6fc13ae1b94000b76,622f88c6fc13ae1b94000b75,1637682016,1639842016
622f88c6fc13ae1b94000b79,622f88c6fc13ae1b94000b78,1642817917,1644718717
622f88c6fc13ae1b94000b7c,622f88c6fc13ae1b94000b7b,1626057277,1628562877
622f88c6fc13ae1b94000b7f,622f88c6fc13ae1b94000b7e,1621383105,1623024705
622f88c6fc13ae1b94000b82,622f88c6fc13ae1b94000b81,1620358434,1620531234
622f88c6fc13ae1b94000b85,622f88c6fc13ae1b94000b84,1618405636,1620824836
622f88c6fc13ae1b94000b88,622f88c6fc13ae1b94000b87,1633916903,1636508903
622f88c6fc13ae1b94000b8b,622f88c6fc13ae1b94000b8a,1637137957,1637569957
622f88c6fc13ae1b94000b8e,622f88c6fc13ae1b94000b8d,1639341117,1640550717
622f88c6fc13ae1b94000b91,622f88c6fc13ae1b94000b90,1619773460,1620205460
622f88c6fc13ae1b94000b94,622f88c6fc13ae1b94000b93,1619631387,1621272987
622f88c6fc13ae1b94000b97,622f88c6fc13ae1b94000b96,1636122227,1636381427
622f88c6fc13ae1b94000b9a,622f88c6fc13ae1b94000b99,1638173012,1638432212
622f88c6fc13ae1b94000b9d,622f88c6fc13ae1b94000b9c,1622969056,1625301856
622f88c6fc13ae1b94000ba0,622f88c6fc13ae1b94000b9f,1646402017,1648302817
622f88c6fc13ae1b94000ba3,622f88c6fc13ae1b94000ba2,1621015652,1623348452
622f88c6fc13ae1b94000ba6,622f88c6fc13ae1b94000ba5,1621302309,1621734309
622f88c6fc13ae1b94000ba9,622f88c6fc13ae1b94000ba8,1626917797,1629164197
622f88c6fc13ae1b94000bac,622f88c6fc13ae1b94000bab,1618680096,1621099296
622f88c6fc13ae1b94000baf,622f88c6fc13ae1b94000bae,1619296890,1621543290
622f88c6fc13ae1b94000bb2,622f88c6fc13ae1b94000bb1,1624530363,1625739963
622f88c6fc13ae1b94000bb5,622f88c6fc13ae1b94000bb4,1620988403,1621161203
622f88c6fc13ae1b94000bb8,622f88c6fc13ae1b94000bb7,1631295964,1632419164
622f88c6fc13ae1b94000bbb,622f88c6fc13ae1b94000bba,1619768993,1621237793
622f88c6fc13ae1b94000bbe,622f88c6fc13ae1b94000bbd,1632362077,1634608477
622f88c6fc13ae1b94000bc1,622f88c6fc13ae1b94000bc0,1641397839,1643125839
622f88c6fc13ae1b94000bc4,622f88c6fc13ae1b94000bc3,1618476652,1619167852
622f88c6fc13ae1b94000bc7,622f88c6fc13ae1b94000bc6,1644428162,1645551362
622f88c6fc13ae1b94000bca,622f88c6fc13ae1b94000bc9,1644625760,1645489760
622f88c6fc13ae1b94000bcd,622f88c6fc13ae1b94000bcc,1632300535,1634546935
622f88c6fc13ae1b94000bd0,622f88c6fc13ae1b94000bcf,1622940684,1624323084
622f88c6fc13ae1b94000bd3,622f88c6fc13ae1b94000bd2,1639170954,1641590154
622f88c6fc13ae1b94000bd6,622f88c6fc13ae1b94000bd5,1624530543,1626172143
622f88c6fc13ae1b94000bd9,622f88c6fc13ae1b94000bd8,1633733920,1635721120
622f88c6fc13ae1b94000bdc,622f88c6fc13ae1b94000bdb,1621745923,1622782723
622f88c6fc13ae1b94000bdf,622f88c6fc13ae1b94000bde,1634574796,1635265996
622f88c6fc13ae1b94000be2,622f88c6fc13ae1b94000be1,1637322448,1638704848
622f88c6fc13ae1b94000be5,622f88c6fc13ae1b94000be4,1630546637,1632620237
622f88c6fc13ae1b94000be8,622f88c6fc13ae1b94000be7,1634940562,1635890962
622f88c6fc13ae1b94000beb,622f88c6fc13ae1b94000bea,1647130184,1647216584
622f88c6fc13ae1b94000bee,622f88c6fc13ae1b94000bed,1628339162,1628598362
622f88c6fc13ae1b94000bf1,622f88c6fc13ae1b94000bf0,1633875523,1634221123
622f88c6fc13ae1b94000bf4,622f88c6fc13ae1b94000bf3,1617091871,1617178271
622f88c6fc13ae1b94000bf7,622f88c6fc13ae1b94000bf6,1618346516,1619642516
622f88c6fc13ae1b94000bfa,622f88c6fc13ae1b94000bf9,1624018175,1626350975
622f88c6fc13ae1b94000bfd,622f88c6fc13ae1b94000bfc,1646128804,1647079204
622f88c6fc13ae1b94000c00,622f88c6fc13ae1b94000bff,1646528226,1647305826
622f88c6fc13ae1b94000c03,622f88c6fc13ae1b94000c02,1641020913,1643353713
622f88c6fc13ae1b94000c06,622f88c6fc13ae1b94000c05,1619387850,1621807050
622f88c6fc13ae1b94000c09,622f88c6fc13ae1b94000c08,1616523763,1617819763
622f88c6fc13ae1b94000c0c,622f88c6fc13ae1b94000c0b,1629375581,1630757981
622f88c6fc13ae1b94000c0f,622f88c6fc13ae1b94000c0e,1641658977,1642695777
622f88c6fc13ae1b94000c12,622f88c6fc13ae1b94000c11,1620883595,1622525195
622f88c6fc13ae1b94000c15,622f88c6fc13ae1b94000c14,1639830355,1641644755
622f88c6fc13ae1b94000c18,622f88c6fc13ae1b94000c17,1621792733,1622051933
622f88c6fc13ae1b94000c1b,622f88c6fc13ae1b94000c1a,1624277412,1626523812
622f88c6fc13ae1b94000c1e,622f88c6fc13ae1b94000c1d,1619445769,1619532169
622f88c6fc13ae1b94000c21,622f88c6fc13ae1b94000c20,1631213593,1631386393
622f88c6fc13ae1b94000c24,622f88c6fc13ae1b94000c23,1645921277,1646612477
